"SNP","rs2904880"
"rs150980868",0.027222128584981
"rs140963546",0.0272334255278111
"rs11861380",0.0320452973246574
"rs9927116",0.0320408865809441
"rs11861424",0.0317697748541832
"rs11861542",0.0320970080792904
"rs1972654",0.0403023436665535
"rs1010060",0.0130723724141717
"rs1035503",0.00523965386673808
"rs1030213",0.0257105231285095
"rs8060913",0.00293088285252452
"rs9932924",0.0328367538750172
"rs1549268",0.0303275771439075
"rs141819494",0.022560054436326
"rs1549269",-0.0343986637890339
"rs77952082",0.000578323844820261
"rs1582531",0.00279498845338821
"rs1549270",0.0299214664846659
"rs75475653",-0.0229152776300907
"rs60612968",-0.00212626811116934
"rs13339604",0.00244476879015565
"rs62033510",0.0329452715814114
"rs13329736",0.0312779992818832
"rs12708707",0.0304637458175421
"rs141836528",-0.0472682490944862
"rs9923466",0.0302630923688412
"rs11860952",-0.00231815548613667
"rs1862453",0.0303640104830265
"rs71389824",-0.0451656728982925
"rs8057759",0.0331136621534824
"rs72784123",0.0022211279720068
"rs8062476",0.0330724231898785
"rs8062767",0.0303401704877615
"rs79654041",-0.00220698164775968
"rs72784124",-0.0343133769929409
"rs4788013",0.030415365472436
"rs72784126",0.0250232890248299
"rs12448274",0.0328300222754478
"rs34262704",0.0371162369847298
"rs7192498",-0.00621227314695716
"rs12921557",-0.00724161649122834
"rs8050903",-0.00723846303299069
"rs8051823",-0.0072416765615344
"rs8051329",-0.00719202170148492
"rs7193224",0.0291732419282198
"rs61463205",-0.0335287116467953
"rs60773905",-0.0336082279682159
"rs12325500",-0.00693120574578643
"rs13339068",0.0294029917567968
"rs7189451",-0.00729971379041672
"rs72784132",0.00150983547791839
"rs11074887",-0.0063954652287066
"rs1077719",0.0270688515156507
"rs749115",-0.00809735152870417
"rs749116",-0.00803494174033403
"rs2385010",-0.00672350125387311
"rs117807799",0.0068411841057241
"rs185079930",0.0233194455504417
"rs9933639",0.0270509403198957
"rs11641071",2.81194224953651e-05
"rs12922379",-0.00700508570298553
"rs76020226",0.00769910635426641
"rs56896457",-2.7382280677557e-05
"rs140892201",-0.0418700166046619
"rs7199765",-0.00723363738507032
"rs7199297",-0.00636294949799776
"rs80276995",0.00351171335205436
"rs7194904",-0.00638839183375239
"rs16977076",-6.98762014508247e-05
"rs62033514",0.0348254963755608
"rs72784138",0.0404114797711372
"rs142717587",0.0244675129652023
"rs17587118",0.0348405465483665
"rs72784139",-0.000114595517516136
"rs117838040",0.0264238938689232
"rs140172185",0.0235897097736597
"rs12920707",0.0325016602873802
"rs12920337",-0.0290865022689104
"rs62033515",0.0304115563631058
"rs62033516",0.0349086187779903
"rs4788015",0.00654057087376714
"rs9936041",0.02395542524755
"rs9936290",0.0326116792857647
"rs880380",-0.000592525582760572
"rs886219",-0.018451489508152
"rs182833362",0.003953424282372
"rs1858997",0.00562497647479177
"rs877685",0.00563895655795932
"rs62033517",0.0249142628163099
"rs72784149",-0.000136759597808123
"rs188362664",0.023438835516572
"rs77911481",0.0234393421560526
"rs2051742",0.0323577970266342
"rs2051743",0.00981833133846521
"rs62033519",0.0245014131069183
"rs62033520",0.0210856962949038
"rs118036722",-0.0120807308703661
"rs57558956",-0.00368014629930258
"rs4788016",-0.0121509935706854
"rs4788017",-0.0121274152770638
"rs4788018",-0.0128831062465906
"rs2898879",0.0041293608956039
"rs4788019",0.0311513934284449
"rs763763",0.0277189016342163
"rs763764",0.00504925008863211
"rs9941112",0.00500573962926865
"rs9941164",0.0306215807795525
"rs9933921",0.0239636301994324
"rs12444955",-0.0136901941150427
"rs12444993",-0.0136908963322639
"rs34947651",-0.0136197814717889
"rs12933234",-0.0136768463999033
"rs12933235",-0.0136745031923056
"rs117113898",-0.000547418836504221
"rs12932580",-0.0136852618306875
"rs55845359",-0.0136656388640404
"rs74015182",-0.0134139778092504
"rs76116562",0.002853914629668
"rs1016974",0.0271291024982929
"rs16939648",-0.0136518720537424
"rs62031260",0.0270630437880754
"rs11866741",0.0239404365420341
"rs79389160",-0.00829081051051617
"rs144546632",0.00931433122605085
"rs76214518",0.0248617902398109
"rs8045501",0.0320686101913452
"rs111526313",-0.000757566653192043
"rs61050186",0.0272429957985878
"rs4788020",-0.0138269690796733
"rs12928333",0.0387539602816105
"rs117594529",0.0234460737556219
"rs12927375",-0.0138456933200359
"rs77884620",0.0237280316650867
"rs137917928",0.0164530798792839
"rs56007348",0.0266991555690765
"rs8058165",0.0404043979942799
"rs150787353",0.0236645098775625
"rs79126889",0.0267760548740625
"rs8058615",0.0402957610785961
"rs12447707",0.0329779237508774
"rs8043666",0.0385702550411224
"rs6498053",0.0402746871113777
"rs6498054",0.0403707474470139
"rs6498055",0.0320726819336414
"rs7206395",0.0201017428189516
"rs12444844",-0.0129087325185537
"rs79837543",-0.0129531705752015
"rs74396996",-0.0129523258656263
"rs7206304",0.0404096432030201
"rs116317418",0.022839879617095
"rs7185381",0.032124038785696
"rs1008408",-0.0130887208506465
"rs148051900",-0.000664510298520327
"rs34743068",0.0210187658667564
"rs62031268",0.0266860947012901
"rs8054996",0.0202262178063393
"rs139317027",0.0172557048499584
"rs8055822",-0.0129000917077065
"rs149974012",-0.000943257939070463
"rs4788021",0.0319967567920685
"rs1008409",0.0320020876824856
"rs7204104",0.0265873316675425
"rs62031269",0.0370459966361523
"rs8051414",0.0163422990590334
"rs150293511",0.0213446598500013
"rs11866626",0.0167743414640427
"rs1961584",0.0114174094051123
"rs953395",0.0312010366469622
"rs62031270",0.0290350746363401
"rs8058153",0.031215026974678
"rs78323366",-0.0555168092250824
"rs10438535",0.0286576244980097
"rs7200393",0.0285100527107716
"rs148845289",0.00546533288434148
"rs142589589",-0.00298980157822371
"rs34708406",0.0286532547324896
"rs77336800",-0.0372621305286884
"rs34799624",0.0199406296014786
"rs189637403",-0.0420845076441765
"rs11643598",0.0112840849906206
"rs6498057",0.0300330948084593
"rs148325829",0.0122097115963697
"rs7198103",0.00925677362829447
"rs141928317",0.0216886643320322
"rs4788022",0.0260998960584402
"rs139926475",0.0398949049413204
"rs11860506",0.0261914264410734
"rs4788023",0.0254866741597652
"rs4788024",0.0254540517926216
"rs11861533",0.0184026174247265
"rs4788025",0.00815189350396395
"rs8047185",0.0252772197127342
"rs151012423",-0.00368562014773488
"rs7188624",0.0252958349883556
"rs4788026",0.0258558243513107
"rs7194733",0.00889497064054012
"rs4787441",0.0253824237734079
"rs4788027",0.0169746484607458
"rs4788028",0.0272542387247086
"rs150886634",0.0187053419649601
"rs1121813",0.0256731808185577
"rs4788029",0.0197942908853292
"rs140603447",0.00377243710681796
"rs145738076",-0.00479325698688626
"rs117378820",0.00861066207289696
"rs150199530",0.00139329815283418
"rs7186121",0.0182456392794847
"rs7191652",0.0249220579862595
"rs34494330",0.00667902221903205
"rs117932830",-0.00114128133282065
"rs7197995",0.00565886497497559
"rs7197877",0.0106504000723362
"rs7199367",0.0194566193968058
"rs2009851",-0.00402180152013898
"rs117484095",0.0257030669599771
"rs74015195",0.0179887823760509
"rs2412091",0.0464277341961861
"rs4309397",0.00868556369096041
"rs111764007",-0.0254896897822618
"rs9923353",0.00953925307840109
"rs12922026",0.00858227349817753
"rs74325726",0.0413850396871567
"rs11640841",-0.00187843153253198
"rs75141201",-0.00872635189443827
"rs28457080",0.0272630024701357
"rs183447907",0.0245962552726269
"rs149811324",0.026759460568428
"rs4787442",-0.032584048807621
"rs28751971",0.0188687387853861
"rs186582401",0.0137826884165406
"rs8045290",0.0288147293031216
"rs756989",0.0260907039046288
"rs76883355",-0.0271462146192789
"rs117305597",-0.0256686881184578
"rs34678232",0.0259828455746174
"rs12920026",0.023667911067605
"rs12933054",0.0268076881766319
"rs117165709",0.0327766835689545
"rs117447620",0.0184200443327427
"rs75050680",0.0156128909438848
"rs205367",-0.000554288737475872
"rs118091112",0.0128331258893013
"rs55666623",0.0121031813323498
"rs205368",-0.0228256620466709
"rs205369",0.0525004826486111
"rs17515974",-0.0857769921422005
"rs75283091",0.0357463136315346
"rs117673908",-0.00914145167917013
"rs76971590",-0.0393691770732403
"rs184809113",0.0628028735518456
"rs205370",0.0527941547334194
"rs11074888",-0.0542783811688423
"rs74016604",-0.0510516129434109
"rs205371",-0.0138211464509368
"rs117618391",0.00537876086309552
"rs205372",-0.0136262895539403
"rs1476507",-0.0542981512844563
"rs205373",-0.0107172047719359
"rs205374",0.0417338497936726
"rs877890",-0.0514127016067505
"rs205375",-0.0130957243964076
"rs878228",-0.0634035542607307
"rs12921785",-0.0410488545894623
"rs4787443",-0.063374437391758
"rs73521056",0.0202058516442776
"rs79924535",-0.0518814697861671
"rs117763380",0.0305182039737701
"rs147633480",0.058897327631712
"rs12444488",-0.0638338103890419
"rs205376",-0.0172731708735228
"rs58521643",0.0179510526359081
"rs205377",0.0550200380384922
"rs205378",0.0547809675335884
"rs205379",0.0547785833477974
"rs79409827",0.00477337744086981
"rs117139826",-0.0896939635276794
"rs205380",0.0545472986996174
"rs74016610",-0.0528839789330959
"rs205381",-0.0584627613425255
"rs76176935",0.00242736609652638
"rs205382",0.0570705533027649
"rs192705709",0.00629447866231203
"rs205383",0.0571613721549511
"rs74016612",-0.0528623685240746
"rs144331598",0.00605539651587605
"rs147157822",0.00665447022765875
"rs182245",0.0555832050740719
"rs169525",0.0578381642699242
"rs398889",-0.053910169750452
"rs434202",0.0553879886865616
"rs1548454",-0.0609827674925327
"rs72785834",-0.0871046483516693
"rs141540022",0.0385228842496872
"rs12444962",-0.051075104624033
"rs205444",0.0630880519747734
"rs141895502",-0.049389123916626
"rs205445",0.0101082436740398
"rs205445",0.0645886287093163
"rs60236051",0.0229533854871988
"rs113257226",-0.0545369163155556
"rs205389",0.0542077980935574
"rs205390",0.0482308752834797
"rs62031307",-0.113237902522087
"rs7203917",0.0211286265403032
"rs8060872",0.0217222180217505
"rs118073023",0.0240141414105892
"rs205391",-0.040133036673069
"rs412951",-0.040042407810688
"rs205392",0.0509965531527996
"rs17516321",0.0383360609412193
"rs205393",0.0806151703000069
"rs72785838",0.0291419494897127
"rs205394",0.0916106626391411
"rs205395",0.0914451256394386
"rs205396",0.0909201204776764
"rs205397",-0.0552773028612137
"rs8049083",0.029605571180582
"rs150468490",0.0406628027558327
"rs183265",0.0821462050080299
"rs142789582",0.0233341343700886
"rs185509930",0.0634339675307274
"rs139666265",0.0307442639023066
"rs205398",0.0821751803159714
"rs75343895",-0.0341669209301472
"rs205399",0.0827770605683327
"rs205400",0.0819903835654259
"rs205401",0.0778724551200867
"rs205402",0.0778783708810806
"rs72785844",0.0216240081936121
"rs205403",0.0825864151120186
"rs205404",0.078873835504055
"rs205405",0.0784197077155113
"rs28662940",0.0217203218489885
"rs47666",0.0783731341362
"rs205407",0.083203062415123
"rs7200597",-0.124409176409245
"rs205408",0.0804574340581894
"rs7201875",-0.124453842639923
"rs72785849",0.0199556294828653
"rs205409",-0.0557669550180435
"rs1124108",0.018388157710433
"rs205410",-0.0547872148454189
"rs205411",-0.0562824234366417
"rs205412",-0.0570269711315632
"rs144999909",0.0620040521025658
"rs205413",-0.0611543171107769
"rs9923468",-0.110760629177094
"rs205414",0.0781778395175934
"rs205415",-0.0573707893490791
"rs205416",-0.0573070906102657
"rs1007454",-0.108801461756229
"rs205417",-0.0567670837044716
"rs9939109",-0.105947382748127
"rs4788030",-0.116649702191353
"rs12445966",-0.106354765594006
"rs62031309",-0.116711251437664
"rs8182146",0.000590461306273937
"rs73522812",0.000681914854794741
"rs2078955",0.019881147891283
"rs28371389",-0.000240759924054146
"rs72785851",-0.00325086666271091
"rs7201505",0.0141549687832594
"rs7201525",0.00821898598223925
"rs205418",-0.0440999008715153
"rs739591",0.00907801184803247
"rs739592",0.0156863797456026
"rs756987",0.00924972724169493
"rs756988",0.00923706032335758
"rs77941246",0.00294294208288193
"rs71377621",0.0161341410130262
"rs205419",-0.052646528929472
"rs81118",-0.0529744885861874
"rs81119",-0.0563166737556458
"rs739595",0.0167605672031641
"rs205420",-0.0436138063669205
"rs34365541",0.0225955974310637
"rs205421",-0.0414537377655506
"rs205422",-0.0750026777386665
"rs11863295",0.0179597176611423
"rs12918479",0.0171804092824459
"rs7199875",0.0124047715216875
"rs7200052",0.0124631058424711
"rs4788031",0.012326480820775
"rs4787444",0.0132775139063597
"rs205424",-0.0840772017836571
"rs139243167",0.0418126545846462
"rs205425",-0.0891049653291702
"rs205426",-0.08308095484972
"rs12926025",0.0161722116172314
"rs117639549",-0.120450489223003
"rs205427",-0.0891605317592621
"rs12930867",0.0141846528276801
"rs189970",-0.0836553573608398
"rs205428",-0.0891604572534561
"rs4788033",0.013969337567687
"rs205429",-0.0887618213891983
"rs6416642",0.0143724270164967
"rs4307953",0.0142383147031069
"rs205430",-0.0848598182201385
"rs1582569",0.0143807744607329
"rs74654811",-0.0144950691610575
"rs1582568",0.0133335990831256
"rs12447251",0.0134135317057371
"rs4788035",0.01338230073452
"rs4787445",0.0133263152092695
"rs4788036",0.0133862029761076
"rs12928183",0.0133642805740237
"rs205431",-0.0681750848889351
"rs4788039",0.0264018308371305
"rs4788040",0.0132283475250006
"rs205432",-0.0685181468725204
"rs2412088",0.0138246705755591
"rs205433",-0.0637289583683014
"rs205434",-0.0653232634067535
"rs205435",-0.0652674436569214
"rs205436",-0.0626133158802986
"rs111577334",0.0240309424698353
"rs62031311",-0.185729190707207
"rs146457783",0.0365596301853657
"rs113343814",-0.023100771009922
"rs144619400",-0.0372263342142105
"rs78791450",0.0449981018900871
"rs62031313",-0.180593892931938
"rs205437",-0.0341968387365341
"rs74352375",0.0348895490169525
"rs117496284",-0.0726550593972206
"rs205438",-0.0571163669228554
"rs4788042",-0.0470795407891273
"rs205439",-0.0499034486711025
"rs205440",-0.0514092706143856
"rs205441",-0.0499245747923851
"rs115287379",0.0351589433848858
"rs205442",-0.051348727196455
"rs205443",-0.0502777211368084
"rs172226",-0.051775861531496
"rs8057415",-0.0502313151955605
"rs169524",-0.0502246022224426
"rs176108",-0.051309660077095
"rs205355",-0.0563125312328339
"rs77625269",-0.074763260781765
"rs183762543",0.0693842098116875
"rs1862683",0.0512249991297722
"rs205356",0.0501561388373375
"rs205357",0.0501359589397907
"rs116442689",-0.00742562767118216
"rs145100110",0.00719601474702358
"rs183405487",0.041795264929533
"rs140941641",-0.00681943446397781
"rs205358",0.0606139339506626
"rs118111704",0.0698917210102081
"rs205359",-0.0515403524041176
"rs205360",-0.0515463426709175
"rs78013072",-0.120733126997948
"rs205361",0.0500315204262733
"rs17590103",-0.1207365244627
"rs205362",-0.0515615083277225
"rs72789636",0.0506411418318748
"rs72789638",0.0499882102012634
"rs16939824",-0.0482124574482441
"rs205363",0.050060298293829
"rs205364",-0.0516339875757694
"rs205365",-0.0515889748930931
"rs205366",-0.0516585484147072
"rs205384",0.0497730784118176
"rs147739488",0.0712826251983643
"rs205385",-0.0516662783920765
"rs205386",-0.0516073927283287
"rs205387",-0.0516494140028954
"rs205388",0.0501264743506908
"rs185369105",0.0693292990326881
"rs76267224",-0.0087464852258563
"rs189969",-0.0517116561532021
"rs143166385",-0.00895052868872881
"rs188192",0.0456753149628639
"rs117331333",-0.120547629892826
"rs33048",0.050129059702158
"rs39998",0.0501292869448662
"rs2239988",-0.00449635833501816
"rs149673889",0.0348560102283955
"rs33045",0.0503491647541523
"rs39631",0.0503026507794857
"rs33042",0.0730208307504654
"rs117376252",-0.0337824709713459
"rs142056036",-0.0418887622654438
"rs1423721",-0.0517883524298668
"rs75802583",0.0484695509076118
"rs117969488",-0.120708882808685
"rs78120147",0.0804500877857208
"rs11639636",0.0572509504854679
"rs7200293",-0.0508483350276947
"rs112616439",0.0874580815434456
"rs7205255",-0.0514904856681824
"rs245733",0.0498756393790245
"rs11645279",-0.051397517323494
"rs11640001",-0.0560925081372261
"rs80255063",-0.121478691697121
"rs143476698",0.0676774010062218
"rs117399237",0.0461313761770725
"rs2032911",0.0502278506755829
"rs11647191",0.0829971879720688
"rs1364062",0.0669063031673431
"rs1469110",0.0499214082956314
"rs142688410",0.0311848521232605
"rs4788046",0.0537955798208714
"rs74327917",-0.073321744799614
"rs8057491",0.0501941554248333
"rs2412053",0.0501789972186089
"rs12919673",-0.0516583696007729
"rs72789666",-0.146944090723991
"rs10445001",-0.0461006350815296
"rs12597515",-0.05174820125103
"rs1423722",0.0501905642449856
"rs113531157",0.0876307487487793
"rs12149865",-0.0516419261693954
"rs11074891",0.0516829714179039
"rs11074892",0.0502610355615616
"rs11074893",0.0502167046070099
"rs147486033",0.0390232503414154
"rs715337",-0.0515982732176781
"rs71389833",0.0189707539975643
"rs56196070",-0.0700997337698936
"rs139359156",0.0411528758704662
"rs139468097",0.0446666888892651
"rs13336454",-0.0516099482774734
"rs118127284",0.0475142113864422
"rs7194756",0.0516740791499615
"rs117006559",0.0570343695580959
"rs9927275",0.0516730733215809
"rs59466393",-0.00290536880493164
"rs9930666",-0.0599437169730663
"rs9923882",0.0501658394932747
"rs150211404",0.0362703837454319
"rs184486202",-0.0209739822894335
"rs28456978",-0.0517225340008736
"rs13329799",0.0501386821269989
"rs28624638",-0.0695687010884285
"rs7199187",0.0501009859144688
"rs116909884",0.0435207150876522
"rs28470222",-0.0519348494708538
"rs28570404",-0.0515747964382172
"rs11646222",-0.0486490167677402
"rs3922800",0.0503872744739056
"rs78037575",-0.074071042239666
"rs8051453",-0.0516962818801403
"rs11640420",0.0849538221955299
"rs142551447",0.0656049102544785
"rs117576807",-0.155816242098808
"rs116958284",0.0656624287366867
"rs12102469",-0.0515107959508896
"rs75418231",0.064628005027771
"rs9925019",0.0501986108720303
"rs11074897",-0.0514970235526562
"rs537002792",-0.0700262933969498
"rs28687165",0.0688406974077225
"rs138321176",0.0417782329022884
"rs4368163",0.0500439442694187
"rs34331000",0.0500955916941166
"rs11074898",-0.00386623060330749
"rs28658541",-0.0646497905254364
"rs79490404",-0.0442504547536373
"rs9939142",0.0497529059648514
"rs7198254",0.0513722039759159
"rs7204453",-0.0516332387924194
"rs7498882",0.051669780164957
"rs9927626",-0.0516373589634895
"rs72791826",-0.0149284722283483
"rs9940721",0.0501954816281796
"rs9938000",0.0503271594643593
"rs7184927",-0.0516014508903027
"rs7189762",-0.0902551636099815
"rs7194691",0.0503427088260651
"rs149950539",0.0189359560608864
"rs4787446",-0.00295716943219304
"rs9926820",-0.0517436303198338
"rs188505795",0.066305585205555
"rs9935074",0.0504052340984344
"rs9935314",0.0505219772458076
"rs142987621",-0.0447577796876431
"rs143847289",-0.156227275729179
"rs7189380",-0.051559679210186
"rs7195723",-0.0753068327903748
"rs12923389",0.0516884811222553
"rs8062648",0.0508330427110195
"rs9931708",-0.0516541264951229
"rs36020229",0.051680039614439
"rs12922344",0.0502934828400612
"rs28404480",0.0502578616142273
"rs150273737",-0.0267177894711494
"rs143070704",0.0115431128069758
"rs138765100",0.05593466386199
"rs184934327",-0.0152259925380349
"rs4372695",0.0503254942595959
"rs12935715",0.0499706715345383
"rs7186880",0.0503726974129677
"rs117888754",0.0324292108416557
"rs139681532",-0.0504408553242683
"rs28609462",0.0503157153725624
"rs111361226",0.0326356664299965
"rs112725843",0.120508790016174
"rs117744184",0.0660211443901062
"rs7184239",-0.0522591434419155
"rs4332752",0.0518171004951
"rs6498076",0.0521174892783165
"rs138591671",0.0747028738260269
"rs148080975",-0.00794603116810322
"rs8055846",0.0505631007254124
"rs145528920",-0.0341934263706207
"rs4534849",-0.0518081225454807
"rs76927277",-0.0743140876293182
"rs4075049",-0.0518618077039719
"rs78860858",0.0337432697415352
"rs9931976",-0.0521038733422756
"rs9921579",-0.0519618727266788
"rs12923684",0.0507498942315578
"rs8059307",-0.0517942644655704
"rs9938394",-0.106264673173428
"rs9929981",-0.0515283234417439
"rs8054903",0.0514934547245502
"rs11862841",0.0505579635500908
"rs9930465",-0.0516590289771557
"rs28678875",0.0501466803252697
"rs11862057",-0.0517329908907413
"rs11074900",0.0513484925031662
"rs139006598",0.0157314445823431
"rs11074901",0.0544256754219532
"rs75225341",0.0661878287792206
"rs74395859",-0.0742526575922966
"rs112091927",0.0587857626378536
"rs7191738",0.0504886731505394
"rs13336193",0.0504496023058891
"rs12708708",0.0500545054674149
"rs9923909",-0.00727528845891356
"rs8056552",-0.0515880025923252
"rs8057071",0.050550676882267
"rs117291626",0.0653436556458473
"rs9939733",-0.0515566654503345
"rs28532123",-0.0516517050564289
"rs12932249",-0.0519208312034607
"rs12932625",-0.0516485385596752
"rs111806192",0.050633329898119
"rs9932218",-0.0517272651195526
"rs9932382",-0.0532647036015987
"rs12925111",-0.0611981153488159
"rs6498077",-0.0611601360142231
"rs9938269",-0.0613325946033001
"rs28660393",-0.0616703033447266
"rs9938481",-0.060959342867136
"rs28593217",0.0601485595107079
"rs9933728",-0.0605948530137539
"rs8061272",0.0601481720805168
"rs4788053",-0.00552777666598558
"rs9673178",-0.0610180981457233
"rs9673810",-0.0608503669500351
"rs9673197",-0.0608495101332664
"rs11644899",0.0639477446675301
"rs62033716",0.00196593627333641
"rs34729930",0.0126262940466404
"rs7194674",0.0600010491907597
"rs4453501",-0.0610568895936012
"rs4371160",0.0592758655548096
"rs11865651",-0.0608106963336468
"rs4412973",-0.0607986599206924
"rs4624180",-0.0607818514108658
"rs7499168",-0.0603223331272602
"rs9936283",-0.0550526678562164
"rs28375527",-0.0600224398076534
"rs11860882",-0.0601069331169128
"rs34204148",-0.0548421964049339
"rs35344868",0.0539383254945278
"rs13338487",0.054214172065258
"rs11861891",-0.0554130896925926
"rs76934109",0.0414553247392178
"rs7204045",-0.0603872612118721
"rs7205609",-0.0558126792311668
"rs111629093",0.0900469496846199
"rs4787447",-0.00406904611736536
"rs12596562",0.00271990615874529
"rs17639827",-0.0550556927919388
"rs8048601",-0.0459805764257908
"rs77750975",0.039633497595787
"rs11861390",-0.0570719353854656
"rs11861427",-0.0567916743457317
"rs11861670",-0.0585420839488506
"rs4075245",-0.0717605203390121
"rs144868457",0.0309271570295095
"rs74907775",0.0572331883013248
"rs8056259",-0.106118388473988
"rs61701077",0.0658389255404472
"rs7404931",-0.104201048612595
"rs76847656",-0.134797766804695
"rs4788054",-0.112598270177841
"rs76498707",0.0559673719108105
"rs4324133",0.0818734988570213
"rs4255791",0.116018384695053
"rs8058566",0.090054839849472
"rs34264727",-0.0958065688610077
"rs74330629",-0.163993418216705
"rs12922840",0.0657310634851456
"rs12444306",0.0687659084796906
"rs12447328",0.0687639117240906
"rs147067615",0.0279782507568598
"rs12444899",0.0687940344214439
"rs111341598",0.130746632814407
"rs12445896",0.0690460354089737
"rs80158747",0.0688224732875824
"rs4788055",0.00401912583038211
"rs78621357",0.0689900070428848
"rs4788056",0.00395055720582604
"rs12446798",0.0688555687665939
"rs11074902",0.0070363050326705
"rs12448963",0.0692446157336235
"rs188005954",0.038575429469347
"rs12446454",-0.00918767508119345
"rs148937071",0.0691083818674088
"rs12448090",0.0690755471587181
"rs77436586",-0.0169710088521242
"rs59149199",0.00884570088237524
"rs34952347",0.00778916152194142
"rs4635350",-0.0466833040118217
"rs78936820",0.0590401738882065
"rs4480810",-0.0972592532634735
"rs149738934",0.0612510591745377
"rs74599344",0.0601193793118
"rs12921103",-0.00658844644203782
"rs72791851",0.0280152279883623
"rs118190925",0.0598748400807381
"rs77412064",0.0598637349903584
"rs12446365",0.0597016103565693
"rs12446451",0.0598215349018574
"rs12447286",0.0597351640462875
"rs7202923",0.19022972881794
"rs113223482",0.0722252503037453
"rs144308774",0.0602544993162155
"rs35471754",0.132527202367783
"rs72791854",-0.258423417806625
"rs141997734",-0.061717689037323
"rs35668196",0.135384827852249
"rs34132138",0.103523902595043
"rs112223196",-0.34699872136116
"rs28709965",0.33474412560463
"rs142983295",0.0697959885001183
"rs36074930",0.135150969028473
"rs117076928",0.140490010380745
"rs111840926",0.0814676806330681
"rs112747063",0.050419058650732
"rs36019610",0.135455548763275
"rs569697180",-0.0619794949889183
"rs34883899",0.135393619537354
"rs11862462",0.135276928544044
"rs11866265",0.135391861200333
"rs9939450",0.335722386837006
"rs72791856",0.156217440962791
"rs76597446",-0.260626196861267
"rs8052258",0.359768241643906
"rs147931929",0.0337044969201088
"rs55917672",-0.0790195986628532
"rs146531057",-0.0632192641496658
"rs9889107",0.0422874465584755
"rs4788058",0.065215989947319
"rs142012627",-0.0632584914565086
"rs148083153",0.0419913567602634
"rs33957528",0.403696060180664
"rs75718860",-0.0632787644863129
"rs181341924",-0.0329423733055592
"rs143328178",-0.0623063109815121
"rs28520136",0.0172490365803242
"rs35625936",0.0661462470889091
"rs13335237",0.0400860495865345
"rs28403272",0.066144585609436
"rs12445975",0.0341438688337803
"rs2650494",0.421493977308273
"rs34256587",0.421886116266251
"rs1875219",-0.0594022050499916
"rs34469634",0.0556639470160007
"rs117121893",-0.11765930056572
"rs72791859",0.033995047211647
"rs75005694",-0.0624491684138775
"rs117790976",0.148529604077339
"rs4787451",-0.11777700483799
"rs11863346",0.0720979124307632
"rs151052196",-0.11776140332222
"rs13338835",0.0403206162154675
"rs12448898",0.0404486693441868
"rs112378727",0.0839225649833679
"rs7203028",0.0406401716172695
"rs2726039",0.455703288316727
"rs2055390",0.456343650817871
"rs57729719",-0.113912373781204
"rs113394773",0.160192981362343
"rs72791861",0.0727999955415726
"rs117356732",-0.155004471540451
"rs62031384",-0.0873061642050743
"rs34675302",0.11404237896204
"rs2726040",0.458083480596542
"rs76822530",-0.110713109374046
"rs112395621",0.0762084126472473
"rs2650492",-0.450722128152847
"rs11540497",-0.145858779549599
"rs28624746",-0.00815100129693747
"rs60956302",-0.11395201832056
"rs28533690",-0.00830335635691881
"rs76062571",-0.273861348628998
"rs2726034",-0.490947932004929
"rs117968396",0.085982970893383
"rs12444319",-0.117227599024773
"rs62031387",-0.354103684425354
"rs144818174",-0.134623914957047
"rs199604158",-0.107702031731606
"rs2726036",-0.668534815311432
"rs62031393",-0.371870696544647
"rs28526651",-0.112737208604813
"rs140512382",-0.508204817771912
"rs865719",-0.696356415748596
"rs62032566",-0.710678696632385
"rs2856637",-0.462871193885803
"rs188658894",-0.436347514390945
"rs2521334",-0.498510092496872
"rs118005546",0.0837742164731026
"rs142271886",0.106726042926311
"rs55690101",0.076393723487854
"rs145307808",0.0709668323397636
"rs182490249",-0.0529040582478046
"rs145457707",0.0976364016532898
"rs77595156",0.108751229941845
"rs28374519",0.535752952098846
"rs138115841",-0.235271736979485
"rs117481765",0.108060799539089
"rs76662516",0.105108574032784
"rs79077329",0.105358116328716
"rs117488909",-0.133135542273521
"rs28502521",0.175615355372429
"rs111404007",-0.195707052946091
"rs151234",0.233692362904549
"rs74949322",-0.211487472057343
"rs151233",0.234354957938194
"rs151136790",0.102269686758518
"rs34395441",0.151659145951271
"rs61738759",-0.304026812314987
"rs40835",0.105672217905521
"rs182384585",-0.115658894181252
"rs147413292",0.0409232974052429
"rs35483154",0.25771901011467
"rs114558014",-0.176076769828796
"rs75738775",0.125552222132683
"rs240709",-0.248175799846649
"rs17855750",0.131298810243607
"rs153110",-0.123759411275387
"rs115014474",0.125577300786972
"rs34833",-0.242784738540649
"rs78225763",0.126179307699203
"rs148016441",0.125520318746567
"rs153108",-0.105691067874432
"rs184352549",0.100056432187557
"rs111720341",-0.24697870016098
"rs79317729",0.126173987984657
"rs117198781",0.125441998243332
"rs180832375",0.0422609522938728
"rs153107",-0.107760362327099
"rs153105",-0.229207634925842
"rs153104",-0.229107543826103
"rs151301119",0.0710093900561333
"rs240703",-0.0538325235247612
"rs72791878",-0.26801785826683
"rs147400446",0.0994565859436989
"rs78721020",-0.0564757846295834
"rs113414359",0.254333406686783
"rs76764777",-0.0560087636113167
"rs80344130",-0.0553509145975113
"rs234889",0.18110978603363
"rs231971",0.180557578802109
"rs146126857",-0.0551539435982704
"rs144968773",0.151601120829582
"rs117885581",-0.121724605560303
"rs231972",0.229260846972466
"rs118058279",-0.0554684810340405
"rs231974",0.229447141289711
"rs12448270",0.151474207639694
"rs231977",-0.577859461307526
"rs192306930",-0.108118332922459
"rs142804103",-0.123334780335426
"rs147389183",-0.0541116073727608
"rs231976",-0.575749576091766
"rs180814986",-0.108396656811237
"rs191076896",-0.108307220041752
"rs183056119",-0.108344286680222
"rs188738764",-0.108354590833187
"rs9923079",-0.0532125979661942
"rs145440829",-0.10831518471241
"rs231975",0.230361193418503
"rs548144576",0.0669493228197098
"rs190213831",-0.107683800160885
"rs375492860",-0.108253814280033
"rs184176523",-0.108236350119114
"rs180953651",-0.108226664364338
"rs113429128",-0.10820409655571
"rs111608054",-0.0506910644471645
"rs186984097",-0.108103916049004
"rs188906792",-0.108174622058868
"rs151227",0.230316296219826
"rs151226",-0.57866632938385
"rs76007774",0.12861667573452
"rs3785354",-0.710054814815521
"rs142061099",0.119374468922615
"rs72791888",0.112730003893375
"rs4788082",-0.322807818651199
"rs79768078",-0.30937248468399
"rs181839108",0.0572866685688496
"rs118134830",0.128168493509293
"rs139392102",-0.10809038579464
"rs79850259",-0.0525498576462269
"rs151225",0.229960069060326
"rs1074631",-0.710079550743103
"rs1074629",-0.0524835325777531
"rs148941182",-0.108071140944958
"rs2034874",-0.0524626038968563
"rs9937596",-0.0520705431699753
"rs4787457",-0.709508001804352
"rs151321",-0.579068720340729
"rs9926245",-0.737177729606628
"rs138438588",-0.0437487922608852
"rs75227850",-0.270632922649384
"rs4788081",-0.709819972515106
"rs151283286",-0.108011655509472
"rs376984579",-0.108022302389145
"rs186553575",-0.108012236654758
"rs182766149",-0.1080127581954
"rs4788080",-0.709520101547241
"rs187452656",-0.10795883834362
"rs192358743",-0.10795883834362
"rs118064647",0.0698470175266266
"rs80247256",-0.0524500273168087
"rs183182186",-0.107987105846405
"rs187861504",-0.10799989849329
"rs142649835",-0.270948439836502
"rs79722818",-0.0522165484726429
"rs4788079",-0.709568440914154
"rs4787456",-0.70954567193985
"rs4788078",-0.709499657154083
"rs184414634",-0.107875615358353
"rs375609540",-0.107864744961262
"rs13332927",-0.0518890395760536
"rs189020640",-0.107919089496136
"rs142665962",-0.0523846410214901
"rs149278",-0.573030233383179
"rs13331170",-0.737021207809448
"rs74899071",-0.0527518950402737
"rs111875922",0.0842955783009529
"rs78102288",-0.341183245182037
"rs187725988",-0.106782130897045
"rs151228",-0.578430235385895
"rs147668818",-0.106678068637848
"rs192788711",-0.106220737099648
"rs184089665",-0.10668109357357
"rs577975266",0.0667313039302826
"rs76569227",-0.0527318567037582
"rs77535137",-0.0526947565376759
"rs150461402",-0.106341160833836
"rs7191618",-0.737055838108063
"rs3859172",-0.73699939250946
"rs148852570",-0.0940097495913506
"rs181383427",-0.106465980410576
"rs12934920",0.217515021562576
"rs231970",0.229116663336754
"rs112517029",-0.258612394332886
"rs149509862",-0.192755192518234
"rs187027687",-0.10651770979166
"rs72791892",-0.271184921264648
"rs79912905",-0.0461933761835098
"rs147869882",0.0968126580119133
"rs151320",0.228051081299782
"rs151091024",-0.220503747463226
"rs188442253",-0.10640212148428
"rs13331691",-0.045536708086729
"rs189917282",-0.106027752161026
"rs370319729",-0.105953142046928
"rs34413922",-0.0455978251993656
"rs12935321",0.21774934232235
"rs508022",0.229450657963753
"rs480400",-0.57857346534729
"rs143859548",-0.102287232875824
"rs554206",0.229654431343079
"rs497523",0.464051812887192
"rs72622204",-0.0457295402884483
"rs184900164",0.0823619589209557
"rs142936826",-0.104924596846104
"rs9928136",0.0571735054254532
"rs139102754",-0.0373681597411633
"rs151232",-0.579076051712036
"rs112477200",-0.151560500264168
"rs117953061",0.0469597242772579
"rs117470737",0.122277475893497
"rs193628",0.578383922576904
"rs117518447",0.0845738500356674
"rs187340507",-0.104836240410805
"rs151231",-0.579237282276154
"rs151230",0.230069145560265
"rs3986793",-0.0455467328429222
"rs62034356",0.0835535079240799
"rs184160462",-0.104847595095634
"rs189381597",-0.104826614260674
"rs151229",0.224561512470245
"rs72622205",-0.0455353185534477
"rs188892512",-0.10474144667387
"rs140582842",-0.148093968629837
"rs79780529",-0.0290441513061523
"rs193630",0.100588299334049
"rs117058170",0.083020456135273
"rs11641853",0.230261459946632
"rs142505175",0.127632588148117
"rs143399275",-0.0455734431743622
"rs144245963",0.0766462236642838
"rs9924471",0.185661539435387
"rs72622206",-0.045539602637291
"rs72622207",-0.0455401577055454
"rs149149802",-0.104881763458252
"rs11639656",0.104308888316154
"rs146245023",-0.202457964420319
"rs139356180",-0.0455405041575432
"rs56236750",0.230252712965012
"rs138534121",0.153910830616951
"rs10521145",0.230451717972755
"rs117985404",0.0513314791023731
"rs13336311",-0.0452502220869064
"rs17639997",0.182623267173767
"rs71391316",0.12688983976841
"rs11644791",0.231953859329224
"rs189010245",-0.113609045743942
"rs4149409",-0.045205682516098
"rs184895137",-0.105707317590714
"rs2291937",-0.0457485802471638
"rs180696646",-0.105844177305698
"rs11401",0.15466633439064
"rs3194168",0.231986701488495
"rs145790611",-0.273762434720993
"rs187570477",-0.047452837228775
"rs3743963",-0.580850839614868
"rs139896537",-0.0858147516846657
"rs142241142",-0.0859403312206268
"rs142431042",0.0787217766046524
"rs72622208",-0.0458590313792229
"rs375257687",-0.107195146381855
"rs12445519",0.228169426321983
"rs11647881",0.232741922140121
"rs117075874",0.130975008010864
"rs4987024",-0.107501693069935
"rs10797300",0.232894316315651
"rs11569775",-0.274575471878052
"rs193652",0.369964629411697
"rs71391317",0.126619920134544
"rs140740935",-0.165584772825241
"rs2088727",-0.0459437146782875
"rs11074908",0.233274638652802
"rs45470995",-0.0457288734614849
"rs4149399",-0.0456952303647995
"rs34683221",-0.107975676655769
"rs12445705",0.230470210313797
"rs4149377",-0.0169183891266584
"rs71266191",0.0903209373354912
"rs11074907",-0.749448478221893
"rs116893570",-0.193311899900436
"rs7191548",-0.749514162540436
"rs13339053",-0.0316588804125786
"rs11074904",-0.23603256046772
"rs6498092",-0.149216189980507
"rs6498091",-0.749326169490814
"rs4788070",-0.749362647533417
"rs4788068",-0.74961268901825
"rs1042157",-0.749267160892487
"rs41278160",-0.131795316934586
"rs111384198",-0.728413760662079
"rs4149391",-0.66160523891449
"rs74752114",-0.660371661186218
"rs376487988",-0.131431564688683
"rs11648192",0.553596138954163
"rs3020803",-0.750094532966614
"rs2925629",-0.749957859516144
"rs56326379",-0.130160570144653
"rs4149382",-0.207669943571091
"rs2925634",0.249289378523827
"rs4149381",-0.0937655940651894
"rs35837227",0.118575938045979
"rs750155",-0.649719536304474
"rs35067810",-0.112802922725677
"rs3760091",0.473129510879517
"rs56205284",-0.147875487804413
"rs143643294",-0.0873599052429199
"rs2077412",-0.442794531583786
"rs112411210",0.0384310819208622
"rs183194577",0.0682056024670601
"rs13331487",-0.109218366444111
"rs13331376",0.0140161979943514
"rs117720319",0.0989935323596001
"rs11645338",0.126563668251038
"rs35776511",-0.0477153994143009
"rs116852869",0.071526475250721
"rs3020795",0.0113331908360124
"rs62031601",0.0621531940996647
"rs112900467",0.26110914349556
"rs111389220",-0.207563906908035
"rs117264168",-0.0151204075664282
"rs28410083",0.670532286167145
"rs1968752",0.670213460922241
"rs1968751",0.671897947788239
"rs148738186",-0.298825323581696
"rs2411453",0.726048529148102
"rs147865591",-0.0663310065865517
"rs8049739",0.671737730503082
"rs56148728",-0.434826701879501
"rs116938877",-0.296190142631531
"rs150605852",-0.43477988243103
"rs8054605",-0.434758841991425
"rs181219519",-0.0716276690363884
"rs188417430",-0.0678287670016289
"rs35457711",0.111697994172573
"rs4788061",-0.474891662597656
"rs145625389",0.0020354138687253
"rs143021357",-0.144567668437958
"rs141511974",-0.20487305521965
"rs12446008",-0.474858373403549
"rs7193413",-0.3785160779953
"rs147341662",-0.102922633290291
"rs9929198",-0.47370046377182
"rs187790443",0.111587688326836
"rs111820348",-0.469728618860245
"rs113927841",0.0285444520413876
"rs9927129",-0.257379114627838
"rs145180198",-0.109742268919945
"rs146347288",-0.0202335622161627
"rs188413465",0.0946835055947304
"rs3987654",-0.476025074720383
"rs137991131",0.0205621030181646
"rs35626515",-0.723412096500397
"rs72793807",-0.475203007459641
"rs140078626",0.179836705327034
"rs188237080",-0.723567724227905
"rs191334709",-0.298284471035004
"rs28633297",-0.387535810470581
"rs370246547",-0.308732956647873
"rs147436559",0.116832301020622
"rs378421",-0.761603653430939
"rs117475154",0.131279602646828
"rs62036613",-0.813318252563477
"rs188074362",0.0341640673577785
"rs62036614",-0.813354790210724
"rs117217782",-0.143001362681389
"rs113029997",-0.811412572860718
"rs79476281",0.177697762846947
"rs11860513",-0.811387896537781
"rs187219815",-0.05894785374403
"rs2008514",-0.811395585536957
"rs1987472",-0.811160743236542
"rs1987471",-0.811387896537781
"rs56186137",-0.810389459133148
"rs28472312",-0.448104232549667
"rs62036616",-0.813438951969147
"rs190484228",0.0703071504831314
"rs62036617",-0.811513662338257
"rs57854967",0.115981869399548
"rs28888764",-0.502289116382599
"rs114956645",0.152547746896744
"rs117115302",0.170540228486061
"rs148882711",-0.168060749769211
"rs4788095",-0.811657130718231
"rs72793809",-0.811548292636871
"rs74974765",-0.356486976146698
"rs62036620",-0.811730027198792
"rs62036621",-0.811741948127747
"rs8056390",-0.263955950737
"rs8056390",-0.170196563005447
"rs146601305",0.0797233060002327
"rs4451951",-0.81188952922821
"rs62036622",-0.81387186050415
"rs117447452",0.0996984019875526
"rs8049439",-0.809765458106995
"rs117987062",-0.160631120204926
"rs8062405",-0.813956022262573
"rs117898009",0.155242174863815
"rs12448482",-0.483437031507492
"rs72793811",-0.817181885242462
"rs78613234",-0.816246449947357
"rs62036623",-0.817229032516479
"rs62036624",-0.81628429889679
"rs72793812",-0.813865125179291
"rs12443881",-0.817408263683319
"rs55991577",-0.816602885723114
"rs56358680",-0.81660270690918
"rs112629736",0.0725875422358513
"rs7498491",-0.502196252346039
"rs62036626",-0.816601991653442
"rs62036657",-0.816601872444153
"rs12444171",-0.816598832607269
"rs56404918",-0.816623330116272
"rs55719896",-0.816613078117371
"rs55830740",-0.816608369350433
"rs12928404",-0.803659200668335
"rs562767233",0.0513709709048271
"rs12325113",-0.817554593086243
"rs12325278",-0.816804528236389
"rs62036658",-0.810106217861176
"rs150233966",0.112668864428997
"rs138025302",0.0828519091010094
"rs188596247",0.11944629997015
"rs11643278",0.256488144397736
"rs3088215",-0.816516697406769
"rs76081634",-0.216687276959419
"rs28403629",-0.816555857658386
"rs61737565",-0.816556215286255
"rs4788099",-0.816555857658386
"rs7187776",-0.810691893100739
"rs9972693",-0.816599488258362
"rs117580044",0.150812521576881
"rs113079736",-0.815030157566071
"rs12325014",-0.815179109573364
"rs12325244",-0.181238740682602
"rs139969273",0.151977375149727
"rs9972768",-0.816616296768188
"rs56040780",-0.816606402397156
"rs183216944",0.0963307321071625
"rs72793815",-0.816616296768188
"rs4788100",-0.816627502441406
"rs62037363",-0.816500008106232
"rs7205323",-0.816611528396606
"rs7187333",-0.817503213882446
"rs4788101",-0.816486120223999
"rs62037364",-0.809513628482819
"rs62037365",-0.815995275974274
"rs11150609",-0.816924452781677
"rs12446589",-0.817851722240448
"rs12448902",-0.814306974411011
"rs62037366",-0.817881405353546
"rs11859512",-0.816907584667206
"rs11861132",-0.816924452781677
"rs11861174",-0.816924452781677
"rs7499337",-0.817882895469666
"rs6565229",-0.816924512386322
"rs4788102",-0.816875636577606
"rs140224092",0.0334460698068142
"rs62037367",-0.816878795623779
"rs7198606",-0.81696879863739
"rs11864750",-0.81696879863739
"rs7193733",-0.81696879863739
"rs75009327",0.151813834905624
"rs189557341",0.0741649866104126
"rs11863370",-0.816685914993286
"rs11150623",-0.507630228996277
"rs8055982",-0.817014992237091
"rs192202723",0.146338045597076
"rs184546275",0.146248534321785
"rs7498603",-0.816999793052673
"rs147070928",0.0810527503490448
"rs7498665",-0.813902139663696
"rs117918991",-0.173042982816696
"rs28433345",-0.508214354515076
"rs62037368",-0.176054283976555
"rs62037369",-0.817989766597748
"rs190981290",0.0744763985276222
"rs7359397",-0.817735433578491
"rs117841027",0.0749723613262177
"rs11864107",-0.817023098468781
"rs3888190",-0.81708699464798
"rs62037371",-0.817170381546021
"rs8055138",-0.81733250617981
"rs184023089",-0.173103675246239
"rs62037373",-0.509069740772247
"rs11641216",-0.81798779964447
"rs7498555",-0.818997502326965
"rs145242076",0.0746000856161118
"rs8061590",-0.818716943264008
"rs11643913",0.119942016899586
"rs11642449",-0.902071177959442
"rs8056890",-0.900877714157104
"rs6565259",-0.88357812166214
"rs149712636",-0.234421104192734
"rs187983125",-0.235167145729065
"rs7501203",0.473620653152466
"rs186690522",-0.20280659198761
"rs9746702",0.509815394878387
"rs28516019",0.177559494972229
"rs9931989",0.902989864349365
"rs117079286",0.162968307733536
"rs188630014",0.050080668181181
"rs151309999",-0.149984166026115
"rs138101297",-0.152063101530075
"rs7189927",0.901058912277222
"rs41292394",0.308067172765732
"rs8046545",0.905901432037354
"rs2071342",0.510111033916473
"rs10499",0.905687093734741
"rs145495208",0.0937368124723434
"rs7188071",0.905459642410278
"rs62037412",0.512477040290833
"rs146519701",-0.151680782437325
"rs187044461",0.0648317188024521
"rs192212642",0.0645764544606209
"rs117100249",0.104135543107986
"rs7206214",0.907052278518677
"rs7184597",0.951655209064484
"rs34427301",0.1192322447896
"rs11646653",0.950005412101746
"rs9708958",0.952041983604431
"rs4788106",-0.445971965789795
"rs3924376",0.965260446071625
"rs145963974",0.179012641310692
"rs12919058",0.956451892852783
"rs186154698",-0.266177862882614
"rs7499211",0.323509454727173
"rs144362916",0.178315490484238
"rs147905547",0.178581863641739
"rs141025145",0.0633154511451721
"rs7200437",0.456265836954117
"rs6565293",0.970118403434753
"rs7185232",0.967895686626434
"rs12923163",0.45677924156189
"rs118112370",0.0951702073216438
"rs190787212",0.0714777559041977
"rs72793828",0.117279209196568
"rs4072402",0.969410359859467
"rs4072401",0.45696958899498
"rs185569064",0.050848226994276
"rs111349019",0.190982803702354
"rs56933819",0.529674589633942
"rs8060534",0.462091982364655
"rs111574654",0.0611818507313728
"rs112625011",-0.195077419281006
"rs2904880",1
"rs35979293",0.522510230541229
"rs56801432",0.0609473362565041
"rs571699553",-0.1514523178339
"rs150575329",-0.181633785367012
"rs2070961",0.0565551556646824
"rs34763945",0.187244266271591
"rs2070962",0.507835328578949
"rs75820039",0.0901545584201813
"rs60433574",0.0586581341922283
"rs11645302",0.319551974534988
"rs11639897",0.984328269958496
"rs149860263",0.064765602350235
"rs28621983",0.0631192997097969
"rs140671576",0.110064923763275
"rs62037421",0.507148444652557
"rs141759268",-0.263052970170975
"rs7203982",0.062924288213253
"rs7188755",0.516445457935333
"rs145650870",0.0722471848130226
"rs12717010",0.446950078010559
"rs12717011",0.447067588567734
"rs142040878",0.116192892193794
"rs11647201",0.0695006996393204
"rs2081199",0.515549004077911
"rs61135966",0.0617130361497402
"rs56769656",0.056639026850462
"rs61632361",0.0617819055914879
"rs58552813",0.057047463953495
"rs192107927",-0.171242713928223
"rs12449272",0.504272639751434
"rs62037422",0.504282236099243
"rs76562821",0.0568732582032681
"rs61587226",0.0568360053002834
"rs62037423",0.50166642665863
"rs535255472",0.0728645473718643
"rs12923643",0.127941027283669
"rs73533880",0.055960014462471
"rs8047616",0.0565891452133656
"rs552275092",0.0896418541669846
"rs111925530",0.0559122264385223
"rs9937676",0.509140908718109
"rs60603404",0.0564722083508968
"rs11641854",0.137210473418236
"rs67479058",0.318978905677795
"rs141948406",0.0648409724235535
"rs113677814",0.0586440674960613
"rs11643297",0.916427075862885
"rs11642727",0.500761449337006
"rs8044999",0.0585034601390362
"rs77003191",0.0988278016448021
"rs75968384",0.0797530487179756
"rs118139364",0.0795418545603752
"rs11547490",0.108499318361282
"rs7500321",0.916361451148987
"rs1137843",0.500545918941498
"rs140531733",0.136877819895744
"rs78686960",0.0889051109552383
"rs118024944",0.0739403292536736
"rs12934960",0.373673528432846
"rs75556002",-0.188860401511192
"rs12931589",0.373652338981628
"rs77629628",0.07996716350317
"rs146864342",0.0900303721427917
"rs62037424",-0.266874521970749
"rs11150675",0.500347375869751
"rs4788111",0.500304520130157
"rs7192056",0.915553689002991
"rs77474755",-0.175174370408058
"rs8060015",0.0559552647173405
"rs12050928",0.368407875299454
"rs62037425",0.32934558391571
"rs11645306",0.915650069713593
"rs11863981",0.0584596060216427
"rs11642638",0.50003844499588
"rs187628018",0.0135076083242893
"rs113766782",0.072936438024044
"rs58714362",0.0553961880505085
"rs555738032",0.0812646746635437
"rs45468993",0.109653644263744
"rs7184156",0.0582258999347687
"rs4788112",0.499966204166412
"rs7189583",0.0553795695304871
"rs78722125",-0.351957619190216
"rs8045689",0.915085077285767
"rs142380960",0.157461643218994
"rs8044724",0.0584547445178032
"rs72795903",0.181948468089104
"rs7187575",0.915046095848083
"rs9925291",0.0579203553497791
"rs4788113",0.499838829040527
"rs150696003",0.0646416619420052
"rs3922668",0.507430076599121
"rs4539629",-0.166470572352409
"rs6565300",0.915112733840942
"rs61747536",0.055327832698822
"rs11859822",0.0597319640219212
"rs4788114",-0.450418591499329
"rs118086285",-0.246970415115356
"rs7140",0.913878798484802
"rs41301797",-0.191810697317123
"rs41280846",0.0602665394544601
"rs1131543",0.368087440729141
"rs41280848",0.0792672410607338
"rs4788115",0.307229727506638
"rs73535859",0.0553196743130684
"rs7202093",0.0558133907616138
"rs117382857",-0.440953940153122
"rs115616784",0.498151808977127
"rs9929088",0.879328489303589
"rs1802141",-0.00261154770851135
"rs62037427",0.497083067893982
"rs112600506",-0.0128474468365312
"rs9925602",0.385106056928635
"rs111708809",-0.00514064449816942
"rs139456978",0.174781605601311
"rs7193414",-0.0129075804725289
"rs150262359",0.155121937394142
"rs186083906",-0.18610443174839
"rs111850663",0.453599095344543
"rs59281229",0.054652638733387
"rs62037428",0.486495703458786
"rs141672851",0.0966116636991501
"rs71383744",0.118308834731579
"rs79658697",0.14509691298008
"rs144152108",0.0871495306491852
"rs192910894",0.0511783920228481
"rs7498329",0.296707481145859
"rs116938011",0.0563085675239563
"rs12446189",0.117137566208839
"rs4788116",0.56376725435257
"rs4788117",0.561524093151093
"rs149783373",0.126483395695686
"rs8057063",0.562597393989563
"rs145348479",0.268960058689117
"rs137914177",-0.173680439591408
"rs72795906",0.304216712713242
"rs12102943",0.560177147388458
"rs9929456",0.567156791687012
"rs12933521",0.133854284882545
"rs8054074",0.398964732885361
"rs144528335",0.134384155273438
"rs4788118",0.114031217992306
"rs9924619",0.117406785488129
"rs8058242",0.397520542144775
"rs7186784",0.56042468547821
"rs4788119",0.557929396629333
"rs7201546",0.111599810421467
"rs4787461",0.422418028116226
"rs9926308",0.395721644163132
"rs12923895",0.412890702486038
"rs11648430",0.413741648197174
"rs8060345",0.413565337657928
"rs11649087",0.298562914133072
"rs8045276",0.404179990291595
"rs73535886",0.411822646856308
"rs138272343",0.173088297247887
"rs61015118",-0.0568734928965569
"rs34962089",0.185318529605865
"rs8052343",0.021223483607173
"rs8052695",0.0226595941931009
"rs112818333",0.242780774831772
"rs8043922",0.0227960124611855
"rs8049780",0.046934112906456
"rs12102381",-0.125168830156326
"rs4077347",0.0651000663638115
"rs8053310",-0.0630108565092087
"rs4788120",0.12690731883049
"rs61364777",-0.00978826079517603
"rs11150683",-0.162395656108856
"rs7499778",-0.122307665646076
"rs77422319",-0.0174740273505449
"rs55732292",-0.0162128917872906
"rs7202069",-0.0274653695523739
"rs3935714",-0.00730992294847965
"rs8053800",-0.0145231820642948
"rs72795914",0.0980325192213058
"rs62035277",-0.130556479096413
"rs12148998",0.0934830009937286
"rs62035308",-0.0880168676376343
"rs153212",-0.127875953912735
"rs11641259",0.179229810833931
"rs153211",0.00583954667672515
"rs67822311",0.198291763663292
"rs153210",0.0868207961320877
"rs62035313",-0.114127665758133
"rs71387642",0.100036658346653
"rs12448981",-0.109772481024265
"rs111379623",0.120127707719803
"rs252274",-0.127731442451477
"rs252273",0.029350109398365
"rs62035316",-0.10065034776926
"rs139876505",0.0979180186986923
"rs62035317",-0.112912990152836
"rs56671695",-0.00438542198389769
"rs252272",-0.128046378493309
"rs252271",-0.0322088673710823
"rs142290643",-0.0381000004708767
"rs59432882",-0.101643599569798
"rs252266",-0.0767558366060257
"rs13338599",0.0142907192930579
"rs252265",0.0142777599394321
"rs12102648",-0.0993997156620026
"rs252264",0.0726062655448914
"rs116910937",-0.0318581759929657
"rs2909044",0.0725680068135262
"rs60799184",0.197271406650543
"rs1641985",0.0724576264619827
"rs11861511",-0.0821064114570618
"rs2246441",0.0725524872541428
"rs66957695",0.196232959628105
"rs151301239",0.0662603080272675
"rs36122065",0.197043523192406
"rs36050267",0.0725030228495598
"rs35697633",0.196173682808876
"rs1630929",-0.142935633659363
"rs12928632",0.0724816173315048
"rs2550178",0.0724702775478363
"rs11865711",-0.0821949988603592
"rs36028249",0.00271283555775881
"rs7196973",0.196829587221146
"rs7192443",0.196853756904602
"rs1641993",0.0722765251994133
"rs1641994",0.0721277222037315
"rs148579588",-0.0773412510752678
"rs4620996",-0.14305654168129
"rs147667954",0.0904331356287003
"rs7189056",0.196785688400269
"rs56270796",0.186575934290886
"rs139522747",-0.0667492672801018
"rs1624102",0.0615076161921024
"rs189474630",0.0102717326954007
"rs1641996",-0.14251546561718
"rs1641997",0.00260750157758594
"rs2430674",0.0613347366452217
"rs35763655",-0.0818298384547234
"rs2256528",0.0612850151956081
"rs35529295",-0.0630159452557564
"rs186222622",-0.00466983485966921
"rs4614756",-0.0817666053771973
"rs1540387",-0.000346959102898836
"rs1540388",0.184025257825851
"rs1641999",-0.142479658126831
"rs1540389",0.184726104140282
"rs2430675",0.142631888389587
"rs2253253",-0.0020313672721386
"rs11646327",0.162073031067848
"rs889683",-0.144879668951035
"rs729956",-0.126598477363586
"rs1646168",0.00202525965869427
"rs889684",0.00209008017554879
"rs68024357",0.18473818898201
"rs889685",0.00207035709172487
"rs1646172",0.00537243019789457
"rs1642001",0.00536158168688416
"rs1646173",0.00518750119954348
"rs1646174",0.00519120367243886
"rs60779366",0.185912579298019
"rs12922496",0.185906037688255
"rs1646175",0.00528693664819002
"rs146831357",0.0611258037388325
"rs1646176",-0.138611987233162
"rs1625280",0.00472593074664474
"rs143257664",-0.0629525557160378
"rs11644273",0.184499263763428
"rs1627862",0.0049238707870245
"rs1642002",0.00493830535560846
"rs1630274",0.00492773950099945
"rs2252609",-0.138659402728081
"rs2252605",0.00491695385426283
"rs2252599",0.00508320610970259
"rs2252590",0.0049416609108448
"rs1646188",0.0049218307249248
"rs12923394",0.184465825557709
"rs34666323",-0.0811986103653908
"rs11863619",-0.0812506675720215
"rs113658779",0.0351310670375824
"rs1642003",0.00529506523162127
"rs1345885",0.00528945913538337
"rs1345886",0.00528762303292751
"rs2252323",0.00528763188049197
"rs1642005",0.0052853599190712
"rs144650613",0.0102784354239702
"rs72795921",-0.0350787490606308
"rs1642006",-0.1767887622118
"rs1646190",0.00529276859015226
"rs1646191",0.00505420239642262
"rs1642007",0.00525579927489161
"rs1642008",0.00526166008785367
"rs117417282",0.0637851879000664
"rs1642009",0.00528105581179261
"rs1625371",0.00524722272530198
"rs1627180",-0.138550952076912
"rs1627805",0.00523746153339744
"rs1627843",0.00523598911240697
"rs1642010",-0.176994025707245
"rs11859981",-0.0815689340233803
"rs1628751",0.00520422076806426
"rs1642011",-0.138546884059906
"rs1646084",0.00528250029310584
"rs1642012",0.00522498972713947
"rs1642014",0.00525563536211848
"rs1646086",0.00504322675988078
"rs1646087",0.0052811554633081
"rs1642015",0.00526921823620796
"rs150290666",0.0753114968538284
"rs1642017",0.00529837049543858
"rs12923999",-0.0666810870170593
"rs12924167",-0.0814579874277115
"rs1646129",0.00533977942541242
"rs1642019",0.00530228391289711
"rs1646128",-0.176825910806656
"rs140278405",-0.0076384162530303
"rs56162440",0.185612753033638
"rs186776141",0.0380427651107311
"rs1642020",0.00527092721313238
"rs1646127",-0.138529539108276
"rs12919889",0.185237929224968
"rs12934200",0.18517829477787
"rs56272859",-0.0813271999359131
"rs117807788",-0.0319748520851135
"rs11150696",-0.0813033282756805
"rs1646125",0.00525384163483977
"rs1646124",-0.176684007048607
"rs35676868",0.18435500562191
"rs1646122",0.00531013403087854
"rs12932818",0.00266640074551105
"rs1642023",0.00535421911627054
"rs1642024",0.00536758732050657
"rs1646121",0.00657033268362284
"rs889567",0.00669945450499654
"rs889682",0.00670320959761739
"rs12923760",0.185262784361839
"rs12923778",0.185209393501282
"rs1642025",-0.138296917080879
"rs12932306",0.183612689375877
"rs12932307",0.18354769051075
"rs140478766",0.0896978601813316
"rs1642026",-0.175790265202522
"rs1642027",0.00713320635259151
"rs149486782",0.0899302810430527
"rs10163301",-0.0780505836009979
"rs117702920",-0.0382280014455318
"rs9319595",-0.0787731856107712
"rs9319596",-0.0794877409934998
"rs116944782",0.0225735642015934
"rs117990691",0.0225146096199751
"rs117634766",0.0204955190420151
"rs112780074",-0.0277209430932999
"rs1641906",-0.110015474259853
"rs1646119",0.0669454783201218
"rs35388821",-0.0645497813820839
"rs1641907",0.0667833760380745
"rs1641908",0.0668023079633713
"rs1641909",0.0668896213173866
"rs8047777",0.159046456217766
"rs1646116",-0.108753427863121
"rs12921944",0.159074753522873
"rs1611782",-0.108711235225201
"rs12447715",-0.108676351606846
"rs12597404",0.159099847078323
"rs72483422",0.0230905842036009
"rs1646115",0.0674500614404678
"rs191652902",0.0409202054142952
"rs1646114",-0.108615830540657
"rs1646113",-0.106524862349033
"rs2244752",-0.106438383460045
"rs11644442",0.159463047981262
"rs1641911",-0.108520746231079
"rs1646112",-0.109575562179089
"rs11641732",0.159635245800018
"rs11641843",0.156903490424156
"rs11644730",0.15866881608963
"rs8044407",0.157508075237274
"rs1641913",-0.109823197126389
"rs74582532",0.0235012955963612
"rs11646140",0.158488541841507
"rs5009662",0.159648761153221
"rs166152",-0.109796099364758
"rs12924041",0.159623757004738
"rs11642720",0.162752792239189
"rs148214912",0.0226035267114639
"rs4843799",0.162723883986473
"rs34878107",0.162856772542
"rs72483423",0.0227104183286428
"rs35458038",0.157375037670135
"rs11640105",0.16066001355648
"rs11644176",0.1599440574646
"rs166153",0.0685901492834091
"rs252491",0.0686349868774414
"rs252494",0.0686811953783035
"rs113273372",0.0239568911492825
"rs252495",0.067624993622303
"rs79419502",0.0230868831276894
"rs252496",0.0589831322431564
"rs11150697",0.169301107525826
"rs252498",0.058962132781744
"rs166154",0.0589796155691147
"rs1641918",0.0588859058916569
"rs11640805",0.160614192485809
"rs75177050",0.0527086146175861
"rs1641919",0.0589125007390976
"rs2161704",0.0589233301579952
"rs1641920",0.0588998682796955
"rs143614346",0.0570431426167488
"rs1641921",0.0591337829828262
"rs78844127",0.0225646253675222
"rs153175",0.0605809316039085
"rs252283",-0.123123645782471
"rs145938131",0.0227052308619022
"rs11642837",0.159660339355469
"rs72483426",0.0218657292425632
"rs252287",-0.123720921576023
"rs62035945",-0.0805803909897804
"rs75320077",0.0223790984600782
"rs35189546",0.157227367162704
"rs1364271",0.0562478117644787
"rs1364270",-0.122451789677143
"rs252289",-0.122875265777111
"rs252290",0.0395071804523468
"rs153177",-0.124075144529343
"rs147846307",-0.072780467569828
"rs252291",-0.126751586794853
"rs252292",-0.125151693820953
"rs56159078",-0.0538556762039661
"rs187553",0.0663652643561363
"rs252361",-0.153106793761253
"rs252360",0.0493304096162319
"rs117902110",0.0264663305133581
"rs117472293",0.0784759819507599
"rs153221",-0.0715194121003151
"rs112050567",0.0795879811048508
"rs252359",0.0334060974419117
"rs186454068",-0.0437733717262745
"rs252358",-0.165117770433426
"rs8059335",0.077447272837162
"rs252357",0.0334407687187195
"rs55816166",0.0143232438713312
"rs151293467",0.0589711330831051
"rs252356",0.0347663350403309
"rs252355",0.0263974070549011
"rs252354",-0.149863719940186
"rs252353",-0.163324251770973
"rs12933229",0.176660895347595
"rs252352",-0.163035556674004
"rs252351",-0.162843227386475
"rs252350",0.047252744436264
"rs252349",-0.162868946790695
"rs252348",-0.162950843572617
"rs252346",0.0351046770811081
"rs146414244",-0.0270460862666368
"rs56096128",-0.0390228852629662
"rs252345",-0.162881478667259
"rs252344",-0.162664145231247
"rs1646150",-0.162938416004181
"rs1646151",0.035019401460886
"rs252343",0.0351999290287495
"rs252342",0.0350571759045124
"rs117906159",0.0049414187669754
"rs252340",-0.162397533655167
"rs11649111",0.176297396421432
"rs252339",-0.162524223327637
"rs252337",-0.162473350763321
"rs17779364",0.0141847468912601
"rs252336",-0.162464588880539
"rs140474542",0.0529691316187382
"rs34652864",0.175563976168633
"rs59650907",0.0781287252902985
"rs252335",0.0349989458918571
"rs12597953",0.175887227058411
"rs143662976",0.0871014073491096
"rs252334",0.0436127632856369
"rs252333",0.0435276590287685
"rs7188093",0.175549671053886
"rs11641378",0.175589799880981
"rs11642692",0.175497949123383
"rs252332",-0.150650337338448
"rs153181",0.0432673506438732
"rs12929818",0.175563856959343
"rs67846049",0.175596952438354
"rs252331",-0.150596424937248
"rs252330",-0.15231466293335
"rs252329",0.0429858565330505
"rs12926138",0.175505712628365
"rs181150488",0.00734942359849811
"rs889688",0.17550353705883
"rs889687",0.175579354166985
"rs889686",0.175352081656456
"rs35055037",0.175605550408363
"rs11645118",0.175367027521133
"rs252328",-0.152119189500809
"rs2864224",-0.171120047569275
"rs252326",-0.152415841817856
"rs187366323",-0.0765068084001541
"rs62038177",0.0195465628057718
"rs252324",-0.138991370797157
"rs189835608",0.0550003051757812
"rs117528781",0.057366032153368
"rs252322",0.0276957005262375
"rs150707415",-0.0767827108502388
"rs252321",0.0493215508759022
"rs76507221",-0.0623054131865501
"rs62038179",-0.107779927551746
"rs71387648",0.100520089268684
"rs145516392",0.0176292452961206
"rs144935489",0.0372462309896946
"rs35309968",0.100334338843822
"rs71383755",-0.0602464564144611
"rs44147",0.0485216416418552
"rs252366",0.0494050867855549
"rs252365",-0.136906355619431
"rs173745",0.0494404137134552
"rs143189194",-0.107232466340065
"rs117388875",0.0781127214431763
"rs252363",0.0469155572354794
"rs55710189",-0.101881347596645
"rs7202657",0.163770824670792
"rs12928597",0.144133776426315
"rs72795939",-0.050009660422802
"rs59086095",0.162579089403152
"rs140856777",-0.0422355867922306
"rs252315",-0.133921295404434
"rs62038185",0.019481148570776
"rs62038186",0.0193425789475441
"rs8047546",0.150069639086723
"rs9673461",0.150526359677315
"rs35962198",0.150008335709572
"rs1646092",-0.115324221551418
"rs1641959",0.0454923622310162
"rs2864209",0.150858849287033
"rs76308645",-0.0618267543613911
"rs1861664",0.0237374696880579
"rs8046303",0.150102376937866
"rs252314",-0.114248290657997
"rs153220",-0.115746945142746
"rs252313",0.0632987469434738
"rs11648963",0.149774625897408
"rs9940085",0.151677161455154
"rs252312",0.0485711097717285
"rs153219",-0.112693145871162
"rs153218",-0.111643478274345
"rs153217",-0.112915173172951
"rs67966242",0.152059197425842
"rs7191588",0.152805119752884
"rs8047315",0.15142334997654
"rs252311",0.0495115779340267
"rs153215",-0.110504694283009
"rs252310",-0.0284555833786726
"rs252308",0.0479018203914165
"rs193301319",-0.0623910278081894
"rs113100612",0.147713735699654
"rs143430033",0.0714487284421921
"rs252305",0.0407378599047661
"rs74657328",0.101063899695873
"rs252304",-0.124247051775455
"rs62038208",0.0250581800937653
"rs71383756",0.127450659871101
"rs111254230",0.00510031171143055
"rs153180",0.0234351269900799
"rs12927318",0.127687931060791
"rs71383757",0.127258494496346
"rs185599135",-0.0933010801672935
"rs153223",-0.124263785779476
"rs2288008",0.13047194480896
"rs153179",0.0207961797714233
"rs147238716",-0.0421686731278896
"rs153178",0.0200328100472689
"rs252300",0.0205769259482622
"rs252299",0.0248905047774315
"rs74732601",0.0239746160805225
"rs252298",0.020268652588129
"rs62038214",0.0305158905684948
"rs252297",0.047224760055542
"rs153213",-0.134566873311996
"rs117539168",-0.111743628978729
"rs252296",0.0206358600407839
"rs72795950",-0.0374542772769928
"rs1364193",0.0304190255701542
"rs7205560",0.0314746648073196
"rs118122178",0.0241057556122541
"rs252294",0.0204509515315294
"rs2302724",0.0239912550896406
"rs252293",-0.0923354923725128
"rs1319854",0.0926847755908966
"rs2302726",0.0239805188030005
"rs77068840",0.0239138826727867
"rs1641930",0.0369374714791775
"rs1641931",0.0376309789717197
"rs56071211",0.0134082837030292
"rs1646186",-0.0370970368385315
"rs252243",-0.143583163619041
"rs3764289",0.160065859556198
"rs3764290",0.0202236883342266
"rs55736310",-0.0855936482548714
"rs252244",-0.145909771323204
"rs252245",-0.136075764894485
"rs252246",-0.136644527316093
"rs75771",0.0449696965515614
"rs735646",-0.0021035997197032
"rs735645",0.044555626809597
"rs139028690",-0.103921443223953
"rs252247",-0.136215642094612
"rs11150712",0.165054112672806
"rs147132314",-0.00207752175629139
"rs252249",-0.135933548212051
"rs56341237",-0.00126257352530956
"rs147425275",-0.0507762581110001
"rs252250",-0.135906457901001
"rs11865525",-0.00106647051870823
"rs252251",-0.108612678945065
"rs35324093",0.164572507143021
"rs7203173",0.000178570859134197
"rs153207",-0.135848447680473
"rs252252",-0.135802194476128
"rs252253",-0.136179462075233
"rs252475",0.136096268892288
"rs192245",-0.135931193828583
"rs1974875",0.164335042238235
"rs117905809",0.0513496436178684
"rs194045",-0.135340750217438
"rs252254",-0.136563658714294
"rs151311825",0.0629755407571793
"rs62038224",7.07106664776802e-06
"rs60785399",0.0230356957763433
"rs62038226",0.000934718176722527
"rs59693978",0.0244349390268326
"rs62038227",0.000978842843323946
"rs252257",-0.106123626232147
"rs252480",0.135640099644661
"rs252258",-0.103195838630199
"rs143489274",0.0515189245343208
"rs147988288",0.164626136422157
"rs153209",-0.103167675435543
"rs252259",-0.0732468441128731
"rs62038228",0.00105879921466112
"rs58005809",0.164627373218536
"rs9921615",0.0284612830728292
"rs3851756",0.0466756001114845
"rs62035486",0.00111616449430585
"rs9938318",0.0290623512119055
"rs62035487",0.00107598816975951
"rs4788140",0.0469259321689606
"rs11861694",0.0283616129308939
"rs2630834",-0.07396100461483
"rs140764167",0.0248264744877815
"rs8047453",0.00247286399826407
"rs8063282",0.00544048380106688
"rs8059516",0.00252329232171178
"rs1171214",-0.0906023979187012
"rs4082432",0.00553190382197499
"rs7206427",0.00255704531446099
"rs4992888",0.00260888040065765
"rs62035492",0.00176882976666093
"rs62035493",0.0055969562381506
"rs144769215",-0.0338844582438469
"rs3890139",0.00784173514693975
"rs3851757",0.00596380885690451
"rs62035494",0.00255935685709119
"rs112498248",0.00259622978046536
"rs78114333",0.00571153918281198
"rs8046764",0.00256126886233687
"rs9926745",0.0251685250550508
"rs2370277",-0.135547995567322
"rs34745112",0.163808822631836
"rs111890296",0.0352809019386768
"rs55780732",0.0025685578584671
"rs7194487",0.0473516769707203
"rs2250209",0.0246834233403206
"rs2291401",0.00598745606839657
"rs2291400",0.00263897096738219
"rs2250104",0.0343761965632439
"rs2370286",0.0383260622620583
"rs2370287",0.0373725406825542
"rs3851759",-0.0105183636769652
"rs3851760",-0.00693371752277017
"rs2370291",-0.0050699939019978
"rs112128999",-0.135779500007629
"rs7190456",0.00114147551357746
"rs7190637",0.0415245667099953
"rs62035496",0.073553092777729
"rs8050132",-0.0961538404226303
"rs57840023",-0.00605669151991606
"rs117718914",0.0638049095869064
"rs11646318",-0.0945202708244324
"rs112748961",0.0207249578088522
"rs73524459",-0.083422489464283
"rs8048750",0.0667731836438179
"rs8056114",-0.0149485412985086
"rs58332563",0.0987075865268707
"rs58727628",0.0986296683549881
"rs112542359",0.0830725580453873
"rs7190126",0.00687239831313491
"rs62035498",-0.0147361820563674
"rs7204748",0.0983196943998337
"rs8046258",-0.0828159302473068
"rs55779019",-0.0149625055491924
"rs56135456",-0.0152808045968413
"rs60350735",0.097287617623806
"rs62035503",-0.0149050010368228
"rs71387654",-0.0579484179615974
"rs7203240",-0.0129666849970818
"rs190266906",0.0526636764407158
"rs11864422",0.0087285116314888
"rs28742124",-0.012981690466404
"rs145763922",0.0519747287034988
"rs55736766",-0.0131235420703888
"rs56212525",-0.0131447734311223
"rs7204265",0.0990327224135399
"rs7204838",-0.0130567383021116
"rs3851764",0.0682096481323242
"rs3851765",0.0682035833597183
"rs4787466",-0.0826506987214088
"rs11863145",0.0681369081139565
"rs150334812",-0.0828697979450226
"rs11863286",0.0682846829295158
"rs56766083",0.0682530254125595
"rs8049052",0.0682937651872635
"rs145866295",0.068567268550396
"rs35722494",0.068246990442276
"rs34792575",0.0681128278374672
"rs111807115",0.0989603847265244
"rs5026093",0.062007762491703
"rs11860294",0.0618103221058846
"rs3891914",0.0625220388174057
"rs4788141",-0.079477846622467
"rs116286717",-0.0556695461273193
"rs4787467",-0.0558840110898018
"rs4788143",-0.0559056214988232
"rs28698017",0.0444154292345047
"rs3863461",0.0443813279271126
"rs117266893",0.0470035187900066
"rs4788144",0.0966643169522285
"rs28403990",0.0449031293392181
"rs28372334",0.044913399964571
"rs28469632",0.0448939055204391
"rs28635424",0.0449392162263393
"rs56152301",0.0448762997984886
"rs28587565",0.0449141152203083
"rs28642341",0.0448730364441872
"rs113145245",0.0972842499613762
"rs13336980",0.0441939234733582
"rs8049399",0.0441868156194687
"rs8057883",0.0442751832306385
"rs8054337",0.0442672111093998
"rs3851774",0.0442156679928303
"rs3851775",0.0442240834236145
"rs3851776",0.0442598946392536
"rs9921268",0.0433692261576653
"rs13329884",0.0441574528813362
"rs9929469",0.0433378145098686
"rs13335878",0.0441408231854439
"rs11150713",0.0425053760409355
"rs3844222",0.0433305241167545
"rs3844224",0.042957466095686
"rs11150714",0.0386865995824337
"rs9921612",0.0408097505569458
"rs8062695",0.0441282875835896
"rs140831077",0.0231274086982012
"rs113389983",0.0962370485067368
"rs62037283",0.0430984348058701
"rs3851777",0.0441835485398769
"rs4788148",0.0442196875810623
"rs192862839",-0.0977950394153595
"rs12930146",0.0440294109284878
"rs59576480",0.0440125502645969
"rs7196737",0.0440066084265709
"rs7201797",0.0440052710473537
"rs4312332",0.0465808063745499
"rs7188661",0.0433931462466717
"rs11865101",0.0439611971378326
"rs7203494",0.0439349375665188
"rs62037292",-0.00655137188732624
"rs58579888",0.0443522706627846
"rs11647900",0.0846725031733513
"rs2887714",0.044328898191452
"rs7186597",0.0440633520483971
"rs1531973",0.0440041683614254
"rs4993636",0.0443358197808266
"rs7206859",0.0440639294683933
"rs113378736",0.0960322394967079
"rs56108370",-0.0411595888435841
"rs185466126",0.0127932438626885
"rs113118899",0.0791543647646904
"rs55963273",0.0424868538975716
"rs11865661",0.0427795425057411
"rs193259947",-0.0431518442928791
"rs77017255",0.0954562500119209
"rs62037323",0.0463001020252705
"rs13339070",-0.0412898175418377
"rs56234416",0.0426830798387527
"rs28420715",-0.0412900447845459
"rs56187809",-0.0416553169488907
"rs5029446",-0.0373538471758366
"rs71387656",0.0900213494896889
"rs7192141",0.0270901545882225
"rs28488113",-0.0411979332566261
"rs114961054",0.00303729856386781
"rs11861297",-0.0373820923268795
"rs257877",-0.0444878377020359
"rs58475855",-0.04166005179286
"rs546419959",-0.0502574816346169
"rs1872667",-0.0374484062194824
"rs13337460",-0.0414642356336117
"rs1872666",0.0266810953617096
"rs1872665",0.0266662575304508
"rs1872664",0.0238470323383808
"rs1872663",0.0267288032919168
"rs62037328",-0.0409313589334488
"rs62037329",-0.0416044555604458
"rs551154516",0.0367033630609512
"rs56016166",-0.038906816393137
"rs62037332",-0.0374795719981194
"rs62037333",-0.0374576076865196
"rs62037334",-0.0373441055417061
"rs168919",-0.0454632826149464
"rs13333583",-0.0375500209629536
"rs13334820",-0.0375225804746151
"rs13333675",-0.037559699267149
"rs7190532",-0.0375537164509296
"rs7185056",-0.0377936474978924
"rs171794",-0.0553402751684189
"rs7204334",-0.0400795787572861
"rs56155244",-0.0401560813188553
"rs79041657",0.0214341040700674
"rs9934724",-0.0402425974607468
"rs2370317",0.0309749003499746
"rs1872660",-0.0382521785795689
"rs1872659",-0.0715829879045486
"rs149549354",0.0839056447148323
"rs147207674",0.0215992741286755
"rs140930280",0.0215936582535505
"rs28616078",-0.0514742620289326
"rs141603519",-0.0458642467856407
"rs2035974",-0.0514143444597721
"rs56031255",-0.0528605692088604
"rs5013247",-0.0515156276524067
"rs1872658",-0.048269659280777
"rs62038969",-0.0521933063864708
"rs80153969",0.0216587465256453
"rs1872657",-0.0546822212636471
"rs144486888",0.0496123395860195
"rs75243896",0.0221140012145042
"rs4788155",-0.0765510573983192
"rs62038974",-0.0517584383487701
"rs62038975",-0.0517455749213696
"rs11150715",-0.0673004165291786
"rs4788156",-0.104853890836239
"rs257885",-0.00987133849412203
"rs147785243",0.0165652856230736
"rs7498750",0.0139923859387636
"rs111761036",-0.156040951609612
"rs117562643",-0.0892629623413086
"rs117022007",0.000349130015820265
"rs62038976",-0.0833595469594002
"rs67396493",-0.053996454924345
"rs118040062",0.0409770831465721
"rs112625256",-0.0538339875638485
"rs7200220",-0.0862620919942856
"rs180897639",0.0532937161624432
"rs7188570",-0.0620360858738422
"rs57071372",0.0189757067710161
"rs257884",-0.0854283794760704
"rs7184953",-0.0621933378279209
"rs767812",-0.0523001253604889
"rs117870157",0.0407903343439102
"rs13330019",-0.0622032694518566
"rs35105055",0.113381609320641
"rs11639841",-0.0152941746637225
"rs73526248",0.0249670520424843
"rs1531974",-0.0858012959361076
"rs28452050",-0.0857677906751633
"rs7192833",-0.0889896228909492
"rs6565375",-0.088359497487545
"rs8056419",0.0348181799054146
"rs257882",-0.0949503257870674
"rs871886",-0.0962846651673317
"rs871887",-0.0949626341462135
"rs871888",-0.0939047336578369
"rs257881",0.0790208801627159
"rs753130",-0.0943508967757225
"rs2370534",0.0293897483497858
"rs148317558",0.0293571427464485
"rs2131750",-0.08194400370121
"rs8053114",-0.0733985975384712
"rs62038977",-0.0916762202978134
"rs2370535",-0.0734969452023506
"rs138273920",0.0350287705659866
"rs74828164",0.0291869267821312
"rs1872675",-0.091672495007515
"rs1872673",-0.092158816754818
"rs72483433",0.0289598070085049
"rs74014898",0.0289830937981606
"rs78425663",0.0292375199496746
"rs61561840",0.0289888922125101
"rs56300313",0.0292252842336893
"rs55984947",0.0292221661657095
"rs59535709",0.0289284680038691
"rs59104495",0.0292194578796625
"rs57113259",0.0292195528745651
"rs58896048",0.0292335096746683
"rs58836121",0.0292272660881281
"rs74014900",0.0292270611971617
"rs60462454",0.0292262528091669
"rs55814921",0.029226791113615
"rs59869166",0.0292065478861332
"rs55718955",0.0292046535760164
"rs74014901",0.029187873005867
"rs74014902",0.0285873673856258
"rs76660341",0.0292096752673388
"rs80115246",0.0292296838015318
"rs74017603",0.0292081162333488
"rs78011263",0.0291766244918108
"rs75321357",0.0291798524558544
"rs74017604",0.0292351990938187
"rs79219492",0.0292522795498371
"rs74017605",0.0289967264980078
"rs8055413",0.0348269455134869
"rs8055762",0.0347667150199413
"rs139142574",0.0348816700279713
"rs78048980",0.0438192784786224
"rs77267138",0.0287907142192125
"rs873623",-0.0779305621981621
"rs72483434",0.0288514290004969
"rs76485492",0.0188536904752254
"rs57518488",-0.0705394670367241
"rs4788159",-0.0705684125423431
"rs58322872",-0.00676636025309563
"rs117850210",0.0528754107654095
"rs2171223",-0.0705107003450394
"rs9929750",0.0302629265934229
"rs7500911",-0.0751515850424767
"rs9929565",0.0303172450512648
"rs118155087",0.0348690301179886
"rs9929574",0.0301676411181688
"rs74017608",0.0361269116401672
"rs72795983",0.0193281043320894
"rs749809",-0.0702730193734169
"rs11649671",-0.0556968301534653
"rs1872670",-0.0854692012071609
"rs1872669",-0.0855041742324829
"rs148196530",0.0202734190970659
"rs9940928",-0.0847587287425995
"rs1532299",-0.0681407377123833
"rs142759638",0.0392177924513817
"rs4788162",-0.0894498527050018
"rs137887650",0.0388102121651173
"rs257878",-0.0129577163606882
"rs4788163",-0.0731199979782104
"rs140020148",0.0285077802836895
"rs12599488",-0.0794693827629089
"rs2630830",0.0395934693515301
"rs74017612",0.0350802913308144
"rs141912061",0.0394694767892361
"rs74017613",0.028320437297225
"rs188742196",0.0395604856312275
"rs146398705",0.0396239422261715
"rs3953219",-0.0791034772992134
"rs147580758",0.0396495088934898
"rs2934463",-0.060338232666254
"rs4788164",-0.0708383247256279
"rs11864451",-0.054100401699543
"rs11862099",0.0400389321148396
"rs56175817",-0.075139194726944
"rs188381091",0.0188544560223818
"rs28598582",-0.0540632456541061
"rs79276769",0.0185484420508146
"rs151002949",-0.107510656118393
"rs11867153",0.0306678451597691
"rs115777649",0.030511112883687
"rs60483096",0.0287126395851374
"rs78818747",0.0282653719186783
"rs148106724",-0.101722702383995
"rs150202454",0.0242407713085413
"rs17779818",-0.0943131819367409
"rs72622213",0.0186444129794836
"rs143485673",-0.0373139530420303
"rs62035583",-0.0817273706197739
"rs146746415",0.0304779447615147
"rs4787477",-0.0842664390802383
"rs4787478",-0.0845017954707146
"rs59621457",0.0157085563987494
"rs62035584",-0.0980140194296837
"rs72622214",0.0287798009812832
"rs143911382",-0.0376164354383945
"rs2547203",0.0425471775233746
"rs79437555",-0.0466172434389591
"rs2630881",0.0329438634216785
"rs143390913",0.0550583899021149
"rs554321069",-0.0354310274124146
"rs57519568",0.0506467260420322
"rs58354524",0.0496731176972389
"rs141622173",-0.0548079125583172
"rs58402069",0.0262172911316156
"rs144101542",0.0433875657618046
"rs148668568",0.01618916913867
"rs117400114",0.0431331656873226
"rs145853094",0.0262779332697392
"rs2934456",0.0221032947301865
"rs115901790",-0.0262169763445854
"rs11641792",0.0281059797853231
"rs144505383",0.0676955059170723
"rs569951655",-0.0544115677475929
"rs150113199",-0.0571861602365971
"rs111986625",0.0246410928666592
"16:29388646_A_G",0.0585747286677361
"rs3867584",-0.0471872352063656
"rs112652568",0.060676284134388
"rs257868",0.0234717298299074
"rs189693756",-0.0565740950405598
"rs143685853",0.000541313085705042
"rs144870858",0.0199790988117456
"rs11644806",0.054960411041975
"rs111500886",0.0658327788114548
"rs150713896",0.0658450946211815
"rs544188926",-0.0378202684223652
"rs79974575",0.00663099903613329
"rs17835978",-0.039459303021431
"rs150311370",-0.103897146880627
"rs150630074",0.0342485830187798
"rs2087984",-0.0648583024740219
"rs56212770",0.0307951457798481
"rs74017619",-0.0397450029850006
"rs71387661",-0.0550350248813629
"rs144236784",0.0391281023621559
"rs147768264",0.066112332046032
"rs571661425",0.0257668774574995
"rs4280278",0.0346123985946178
"rs7206789",0.0548225939273834
"rs3915428",0.0171921327710152
"rs2549997",0.0156288556754589
"rs79098322",0.0197241827845573
"rs199872831",0.019251249730587
"rs2161671",-0.0019360133446753
"rs11648223",0.00865935161709785
"rs7197665",0.0523118153214455
"rs111359561",-0.00374301942065358
"rs146000199",-0.0564766302704811
"rs188553693",-0.00324714789167047
"rs9934360",-0.0632374361157417
"rs117548034",-0.0488264709711075
"rs4541091",-0.0418712794780731
"rs56000057",0.0492839030921459
"rs113478212",-0.0107353311032057
"rs147189264",-0.0422876849770546
"rs142981878",0.0162236858159304
"rs7195860",-0.00103691080585122
"rs7194231",0.0100077949464321
"rs34944462",-0.0424623563885689
"rs7199528",-0.00174355367198586
"rs142125746",-0.0415958054363728
"rs75281532",-0.0415888391435146
"rs143823105",0.0103807635605335
"rs12447159",-0.036147128790617
"rs141923752",0.00957255158573389
"rs145037259",0.0449102483689785
"rs138825134",0.0824677124619484
"rs117782601",0.0827585905790329
"rs145631601",0.0828391462564468
"rs117075401",-0.0157341342419386
"rs4278765",0.0106856841593981
"rs8063509",-0.000437581911683083
"rs2081218",-0.00134915253147483
"rs56106502",0.044727548956871
"rs192537440",-0.0417031496763229
"rs150719460",0.0163811035454273
"rs112795200",0.0417951419949532
"rs2550510",-0.0038520353846252
"rs62037075",-0.126419693231583
"rs3743701",0.0178172290325165
"rs9921398",0.0201253835111856
"rs76264759",-0.0424753725528717
"rs142633935",0.0326837822794914
"rs145338730",-0.0108802374452353
"rs138538951",-0.0362966060638428
"rs145223727",0.0475824065506458
"rs117974760",0.00294980965554714
"rs8048560",0.0216355063021183
"rs28490313",0.0107815666124225
"rs3881431",0.0125021301209927
"rs112908343",0.0647171810269356
"rs9926100",0.0104247964918613
"rs111470775",0.0292464215308428
"rs7404741",0.0191593412309885
"rs140170066",-0.0709689855575562
"rs11150562",0.0236455015838146
"rs73526294",0.0434897653758526
"rs10871449",-0.0105014033615589
"rs17842265",0.0346362181007862
"rs9937699",0.0247608460485935
"rs11866143",0.0245403461158276
"rs11643582",-0.0103866066783667
"rs8054172",-0.00913002528250217
"rs1364182",0.0236536227166653
"rs1364184",0.023551382124424
"rs9888858",0.0240418389439583
"rs7198549",0.0124383410438895
"rs7204146",0.0279209744185209
"rs72798106",-0.0100092105567455
"rs13333064",0.0247592087835073
"rs28485403",0.0241406969726086
"rs28663614",0.0436957255005836
"rs184110799",0.0273047648370266
"rs73526301",0.024145070463419
"rs9932937",0.00383426528424025
"rs11859842",0.00297969672828913
"rs9923283",0.02383235655725
"rs116948587",0.0338051170110703
"rs144637766",0.0464665777981281
"rs11641922",-0.041145034134388
"rs11150563",-0.0407157987356186
"rs9932254",0.0212320685386658
"rs118004112",0.0301383193582296
"rs11150564",-0.0494132675230503
"rs139904690",0.0419404804706573
"rs4788172",0.0434502139687538
"rs7204332",-0.0301215741783381
"rs7188611",-0.0295160282403231
"rs34205348",-0.0419214963912964
"rs67575668",0.0425794459879398
"rs112400041",0.042710192501545
"rs62059020",-0.0420998781919479
"rs58941901",-0.0307668223977089
"rs4788173",0.0424528084695339
"rs79043334",-0.0413468107581139
"rs62059022",-0.00808220636099577
"rs12448769",-0.0403764396905899
"rs8062082",0.0420163236558437
"rs3764275",0.0432116277515888
"rs3764276",0.0186378695070744
"rs3759987",0.0431120358407497
"rs11574550",0.0430879332125187
"rs11574551",0.0425933115184307
"rs11574552",0.0181796848773956
"rs2071420",0.0190414264798164
"rs34710374",-0.0428019389510155
"rs1050881",0.0363627001643181
"rs112774415",0.0343561731278896
"rs112804090",0.0344811826944351
"rs78850123",-0.0431285575032234
"rs117034506",0.0346633940935135
"rs12928754",-0.0168217923492193
"rs12932957",-0.0164691340178251
"rs12929333",0.030462434515357
"rs62059023",-0.0548936016857624
"rs62059024",-0.0549848265945911
"rs9932416",-0.00935293268412352
"rs12447415",-0.0483162403106689
"rs7195557",-0.00977015495300293
"rs72798125",0.0250700265169144
"rs17842268",-0.0486329831182957
"rs144231735",0.0111243790015578
"rs8058049",-0.0485891588032246
"rs9940440",-0.0486590154469013
"rs12927033",0.0426712185144424
"rs3862476",-0.0395882949233055
"rs12932680",0.0247381404042244
"rs112201399",0.0371819138526917
"rs9933310",-0.0505794025957584
"rs12596308",0.0434881038963795
"rs8053518",0.0412381179630756
"rs8054272",-0.0119388289749622
"rs12596940",0.041415449231863
"rs62059025",-0.0498025193810463
"rs12599318",-0.0124412979930639
"rs6565169",-0.0118522550910711
"rs35999130",0.068323127925396
"rs59335791",0.0497203879058361
"rs9940532",-0.0730031356215477
"rs4563056",-0.0496854148805141
"rs9922666",-0.110583581030369
"rs9923341",-0.110926859080791
"rs12932236",0.032105453312397
"rs144258035",0.0495331771671772
"rs2370364",-0.0458092279732227
"rs4580182",0.0464174076914787
"rs9940962",-0.103798910975456
"rs183961030",0.00981799140572548
"rs77817530",-0.0607532300055027
"rs11645517",0.0583990998566151
"rs150509203",-0.0811010599136353
"rs113148463",0.0201059728860855
"rs2303255",-0.100008063018322
"rs1134700",-0.0976291373372078
"rs62060162",-0.0991494804620743
"rs62060163",-0.0992667078971863
"rs7195050",-0.0989615693688393
"rs62060164",-0.0992412716150284
"rs17640225",-0.0993712022900581
"rs62060166",-0.099619597196579
"rs146772260",0.0236523747444153
"rs140785784",-0.0993046909570694
"rs180394",0.0989942252635956
"rs62060167",-0.0993208810687065
"rs12932023",0.0383399873971939
"rs7203712",-0.0996159836649895
"rs12929826",0.0985008403658867
"rs235645",0.0222491603344679
"rs634395",0.0993169099092484
"rs634396",0.0992599651217461
"rs62054860",-0.11138790845871
"rs531601138",-0.0081870136782527
"rs1633810",0.103895902633667
"rs62054862",-0.105333104729652
"rs62054863",-0.105282858014107
"rs1633805",0.103994980454445
"rs62054867",-0.105373159050941
"rs148960461",0.0132927894592285
"rs188202395",0.020473824813962
"rs371085",0.104394771158695
"rs423096",0.104261219501495
"rs12923886",0.0387031808495522
"rs71277298",0.0398763716220856
"rs35706383",-0.0401304140686989
"rs138599723",-0.103583566844463
"rs634977",0.102134704589844
"rs145832035",-0.103999331593513
"rs632702",-0.0495269931852818
"rs11862055",-0.102931313216686
"rs645946",0.102933511137962
"rs62054874",-0.10371620208025
"rs7189870",-0.10360062867403
"rs144204405",-0.0244708694517612
"rs62054875",-0.10366302728653
"rs138211469",-0.103571832180023
"rs113376800",-0.102922163903713
"rs8045351",-0.103426866233349
"rs62054877",-0.102677807211876
"rs141808793",-0.0141997057944536
"rs62054880",-0.103112138807774
"rs62054881",-0.103345982730389
"rs648559",0.10246279835701
"rs140204347",-0.00666156876832247
"rs235630",0.10307314991951
"rs170978",0.103071883320808
"rs235631",0.102788858115673
"rs149522395",0.00668347021564841
"rs8061773",-0.103666000068188
"rs13335021",-0.103476591408253
"rs13331798",-0.103907018899918
"rs138571606",-0.0437684580683708
"rs113826909",-0.0941832363605499
"rs235663",0.0973005667328835
"rs75422760",-0.0971898511052132
"rs183529",0.0853995084762573
"rs74893465",-0.0965544059872627
"rs7195596",-0.0957310646772385
"rs7193756",-0.09577377140522
"rs77000650",-0.0964887589216232
"rs147278356",-0.0986997038125992
"rs62054903",-0.03892807289958
"rs77663651",-0.0964829698204994
"rs78520265",-0.0964992269873619
"rs74249933",-0.0955616310238838
"rs113592099",-0.0956684872508049
"rs76445101",-0.0956550985574722
"rs72483435",-0.0965573564171791
"rs7190132",-0.0957258716225624
"rs143662876",0.0681269764900208
"rs113137773",-0.0965806618332863
"rs79758803",-0.0965229570865631
"rs76901882",-0.0964876487851143
"rs142170386",-0.0418394915759563
"rs7205278",-0.0957271084189415
"rs62054904",-0.0367986559867859
"rs145400509",0.00184589717537165
"rs9936496",-0.0780095010995865
"rs34182651",-0.0389436483383179
"rs13338912",-0.0775034353137016
"rs144721815",0.0204022973775864
"rs143893157",-0.0786997973918915
"rs148836471",-0.00329512124881148
"rs141729268",0.0472671054303646
"rs402720",0.0771226584911346
"rs76145432",-0.0788067281246185
"rs142921687",0.0268303472548723
"rs9929925",-0.0777644440531731
"rs138755187",-0.0538755171000957
"rs8043811",-0.0777148082852364
"rs112131656",-0.0776196047663689
"rs112484223",-0.0886259227991104
"rs78244732",-0.0784695520997047
"rs113223003",-0.0784537196159363
"rs112974332",0.0505925118923187
"rs149806627",-0.0801552832126617
"rs11648675",0.086256206035614
"rs147712721",0.00246458919718862
"rs572199190",0.00841423682868481
"rs147590523",0.0476941578090191
"rs235659",0.0748982578516006
"rs150845792",0.0182794388383627
"rs12933548",0.0262996610254049
"rs140259618",0.0331419296562672
"rs143840454",0.00279796682298183
"rs140349831",-0.0442285798490047
"rs12921853",0.00852526444941759
"rs181673324",0.000307308509945869
"rs140511618",-0.00251111900433898
"rs141605317",0.0241183806210756
"rs637460",-0.0528442375361919
"rs544716175",-0.0321603342890739
"rs142915099",0.00653405487537384
"rs112265026",0.0614425390958786
"rs572982482",-0.0360363535583019
"rs34286592",-0.0869090110063553
"rs72798129",-0.0525425188243389
"rs11559000",0.00378832872956991
"rs72798131",0.00305732013657689
"rs62056369",-0.0363268926739693
"rs76335820",-0.0160777159035206
"rs141436390",0.0209182444959879
"rs1045968",-0.0870170518755913
"rs10204",0.0860741212964058
"rs117430740",0.0351851545274258
"rs11546678",-0.00803123880177736
"rs8058824",-0.0868790000677109
"rs35901559",-0.0870024859905243
"rs11864180",-0.087069496512413
"rs571350489",-0.00142959272488952
"rs12149514",0.0219331961125135
"rs9923649",-0.0870222747325897
"rs112549897",0.0181904844939709
"rs8061634",-0.0871369987726212
"rs1057451",-0.0861703306436539
"rs1057452",-0.0872072353959084
"rs185910551",0.022272665053606
"rs62056371",-0.0870631262660027
"rs11859871",-0.0861895233392715
"rs11863748",-0.0870880410075188
"rs141295829",0.0239646453410387
"rs9938630",-0.0851673111319542
"rs9921783",-0.0864583477377892
"rs4788185",-0.0864685550332069
"rs4788186",-0.00332882907241583
"rs34714403",-0.0866446048021317
"rs71389428",-0.0866362005472183
"rs71389429",-0.0866091400384903
"rs34127220",-0.0866427347064018
"rs145261937",0.0375467911362648
"rs12920760",-0.0866241157054901
"rs4788187",-0.0855347141623497
"rs12932691",-0.0867915078997612
"rs13331733",-0.0865987092256546
"rs11863731",-0.0864412263035774
"rs11863734",-0.0854184329509735
"rs117635034",-0.00235751131549478
"rs13332078",-0.0859316810965538
"rs3815824",-0.0843726545572281
"rs9939514",-0.0841131210327148
"rs4787480",-0.0841557830572128
"rs62056375",-0.0842859894037247
"rs191267400",0.0163711234927177
"rs34222852",-0.0841485857963562
"rs7201519",-0.08415187895298
"rs118058081",0.0268131420016289
"rs28599680",-0.0842279642820358
"rs4788188",-0.0834270492196083
"rs3976455",-0.0841684341430664
"rs34596480",-0.0367522016167641
"rs9932653",-0.0839949324727058
"rs2003857",-0.0210382491350174
"rs34248724",-0.0788343697786331
"rs8335",-0.0371524654328823
"rs35042042",0.0419332534074783
"rs3815822",-0.0109268445521593
"rs78417606",0.0386973656713963
"rs889695",-0.0767223611474037
"rs747973",-0.0767208412289619
"rs12917823",-0.0154022993519902
"rs4474709",-0.0612791813910007
"rs4787482",-0.0614146143198013
"rs7198022",-0.0614647641777992
"rs143154922",0.0395000502467155
"rs150987621",-0.0864691808819771
"rs149645750",0.016126461327076
"rs35330978",-0.0615909621119499
"rs60447887",-0.0608173087239265
"rs12917712",-0.0662869736552238
"rs4787483",-0.0614715702831745
"rs142139189",-0.039296593517065
"rs66818723",-0.0619254857301712
"rs113753753",0.0260958448052406
"rs113443718",-0.0735394135117531
"rs12325239",-0.0874532461166382
"rs12919612",-0.0635303035378456
"rs8051833",-0.0630393251776695
"rs150650092",0.0141719346866012
"rs76288685",0.0150024304166436
"rs150965010",0.0298491809517145
"rs117083730",0.0187682788819075
"rs7359380",-0.0637803971767426
"rs112796947",0.0461543500423431
"rs147795666",-0.044487439095974
"rs141162502",0.0128844529390335
"rs13332660",0.0268065575510263
"rs146344226",-0.0175444409251213
"rs4787484",-0.0640278533101082
"rs71389435",0.0156066780909896
"rs11649499",0.0279319863766432
"rs12930239",-0.0628050267696381
"rs11344",-0.0624608099460602
"rs7498372",-0.0621036849915981
"rs7189550",-0.0625865310430527
"rs7189750",-0.0624830462038517
"rs137993956",0.0133870337158442
"rs28517865",-0.00993752293288708
"rs1129700",-0.00897114165127277
"rs8050576",-0.00956188607960939
"rs4788189",-0.00878958217799664
"rs12933766",-0.0104910843074322
"rs142098164",0.0136258639395237
"rs8047140",0.0108984475955367
"rs4548895",-0.0334291271865368
"rs12444978",-0.0469700954854488
"rs7201384",-0.0458061285316944
"rs8059619",-0.0474750772118568
"rs11646118",0.0123631432652473
"rs72798148",0.0366081371903419
"rs62056410",-0.0372316278517246
"rs10083738",-0.0468734242022038
"rs11647753",-0.0331262312829494
"rs139002704",-0.0338928997516632
"rs8052502",-0.0468614511191845
"rs143193385",0.0282756369560957
"rs12935265",-0.0335159152746201
"rs8048433",-0.0341068021953106
"rs4407079",-0.0469410084187984
"rs4609871",-0.0467784106731415
"rs9936474",-0.0469270423054695
"rs35345720",0.016765309497714
"rs75549506",0.0140936244279146
"rs72798151",-0.0178362056612968
"rs80273739",-0.0851692259311676
"rs12932403",-0.0447212345898151
"rs117590634",-0.0357038192451
"rs12596042",-0.0468924231827259
"rs11150574",-0.0469039008021355
"rs7184288",-0.0337831750512123
"rs11150575",-0.045658964663744
"rs12716972",-0.0456976182758808
"rs12716973",-0.0459773764014244
"rs4420550",-0.045624166727066
"rs147196365",-0.0332821644842625
"rs117383236",-0.0856766998767853
"rs4424923",-0.045586846768856
"rs188304685",0.0142640750855207
"rs12691307",-0.0453136563301086
"rs575833865",0.0117788268253207
"rs12933498",-0.0457051135599613
