"SNP","rs10221156"
"rs7188855",-0.0248630065470934
"rs11641100",-0.0248683989048004
"rs80179772",-0.000379300676286221
"rs9925256",-0.0289711151272058
"rs117772184",-0.0111388936638832
"rs148327560",-0.00820876099169254
"rs12924991",-0.0259596649557352
"rs113555576",-0.00552382040768862
"rs1117704",-0.0259881317615509
"rs1117705",-0.0241544004529715
"rs42198",-0.0248167589306831
"rs8062936",-0.0194171946495771
"rs148105794",0.00368185108527541
"rs1116205",-0.0188096910715103
"rs2387576",-0.0226043425500393
"rs3743796",-0.0106669068336487
"rs3743797",-0.0106811942532659
"rs189464215",0.00643186317756772
"rs3095610",-0.0247717499732971
"rs78402450",0.00833311211317778
"rs2075236",0.00837879255414009
"rs78873768",0.00279537308961153
"rs1420541",-0.0105855409055948
"rs12597716",-0.00109293917194009
"rs74017813",-0.0116479629650712
"rs1420542",0.00682020606473088
"rs62043285",-0.00627997191622853
"rs112211546",-0.00337007269263268
"rs3095611",0.0191074069589376
"rs76710611",0.00248188199475408
"rs67375262",0.00924362894147635
"rs67148094",0.00935159437358379
"rs190078810",0.00517347641289234
"rs1833232",0.00997862126678228
"rs4783778",0.00993056315928698
"rs2859796",0.00898475013673306
"rs3095660",0.00979469437152147
"rs1420545",0.00991925969719887
"rs1420546",0.0098889097571373
"rs13333858",0.00484391255304217
"rs7206130",0.00766605651006103
"rs9935437",0.00784038938581944
"rs117048134",0.018255116418004
"rs67015408",0.00693905400112271
"rs117337996",-0.00166293373331428
"rs79138306",0.00500507978722453
"rs117716098",-0.000957169570028782
"rs9930274",0.00750857964158058
"rs74017815",-0.0062257768586278
"rs77691818",0.00499709974974394
"rs78047459",0.0049461810849607
"rs76775857",0.0108757875859737
"rs111696786",-0.0023443796671927
"rs62043286",-0.015838984400034
"rs8046780",0.00500495964661241
"rs79025327",0.00780798029154539
"rs17537116",-0.00283862790092826
"rs75423155",0.00505247060209513
"rs16951204",0.00797775574028492
"rs141145965",0.00112859299406409
"rs9938209",-0.00827673729509115
"rs56138448",0.00795461609959602
"rs16951206",0.00646352954208851
"rs117573200",0.0411231592297554
"rs72807635",0.0190500915050507
"rs147189346",-0.0136706177145243
"rs62043288",-0.0121510587632656
"rs1076479",-0.00768947508186102
"rs117772119",0.00139122176915407
"rs117175422",-0.000103005673736334
"rs62043289",-0.00944199226796627
"rs144880893",-0.00427632872015238
"rs11642868",0.0311919916421175
"rs12921126",0.0146177699789405
"rs189851",0.00878745503723621
"rs28558853",0.0150017533451319
"rs75464656",0.030847355723381
"rs45440698",0.0156061630696058
"rs7203778",0.0303129144012928
"rs140949904",-0.00670786667615175
"rs45442998",-0.0163580663502216
"rs45445397",-0.0160486809909344
"rs45464096",0.0158135388046503
"rs4784218",-0.0163651145994663
"rs45506492",0.0236569102853537
"rs79900447",0.0301814582198858
"rs78338509",0.0100746182724833
"rs45519533",-0.0154026616364717
"rs45620232",-0.0163677986711264
"rs1111480",-0.0164108127355576
"rs12447430",-0.0209549237042665
"rs43143",0.00865353737026453
"rs187679",0.00260524870827794
"rs45607742",0.0411136820912361
"rs4784219",0.0087232943624258
"rs45545931",0.0270685516297817
"rs11649553",0.032173216342926
"rs1978343",0.0026363586075604
"rs142330126",0.0296041648834944
"rs28756860",0.0145653942599893
"rs7188610",-0.0155872777104378
"rs7186907",0.00861167628318071
"rs9923960",0.0146025940775871
"rs2193092",-0.0156180169433355
"rs2216188",0.00259371427819133
"rs9939506",0.0146702462807298
"rs45577538",-0.00306108826771379
"rs9926539",0.0146764749661088
"rs9302555",0.0146007239818573
"rs573219228",-0.00720877293497324
"rs78592318",0.0308517795056105
"rs12597838",0.00798482447862625
"rs28562017",0.0118945427238941
"rs8064219",0.00770322466269135
"rs78376618",-0.00121994502842426
"rs1111481",0.00127270352095366
"rs2077653",-0.00811950117349625
"rs8061860",-0.00107794906944036
"rs45587444",-0.0226226579397917
"rs73588804",-0.00282940967008471
"rs8051542",0.00618508132174611
"rs4784220",0.0130955595523119
"rs8046985",0.0182495210319757
"rs12598982",0.00265078200027347
"rs79655921",0.0148827591910958
"rs4784221",0.00699208304286003
"rs4784222",0.00275242934003472
"rs17271951",-0.00292212888598442
"rs12934513",0.00704345526173711
"rs12934308",0.00278215715661645
"rs7184835",0.00147547945380211
"rs35668161",-0.00302508240565658
"rs12600239",-0.00354093872010708
"rs9933638",0.00248965946957469
"rs7186498",0.00137110566720366
"rs45542333",-0.00742368912324309
"rs45515097",-0.00985001027584076
"rs142770141",0.049699429422617
"rs78268044",0.0170552711933851
"rs45545938",-0.028067434206605
"rs45579437",0.00699905259534717
"rs45491493",0.00879738945513964
"rs9302556",0.00238666497170925
"rs7190749",0.00151875428855419
"rs16951220",0.00732242921367288
"rs1362544",0.00664198072627187
"rs1819860",0.00241686217486858
"rs45562631",0.074607253074646
"rs112845143",0.0237011704593897
"rs7500427",-0.00357354106381536
"rs45588737",0.000187620520591736
"rs45597135",0.00211249850690365
"rs45507298",-0.0230212211608887
"rs12443621",0.00228634662926197
"rs45454402",0.0740557685494423
"rs9923558",0.00229376507923007
"rs9933556",0.00229092687368393
"rs45578831",-0.0116425352171063
"rs4538010",0.00115600088611245
"rs9936081",-0.00374942645430565
"rs8051286",-0.019417617470026
"rs1362546",0.00230969628319144
"rs2193093",0.00688474625349045
"rs2160474",0.00618691835552454
"rs45624836",-0.0111800041049719
"rs45618336",0.0118908183649182
"rs45563239",-0.00544565264135599
"rs1075367",0.00228422228246927
"rs8046979",0.000540292356163263
"rs1345388",-0.00309670763090253
"rs45590039",-0.00968923419713974
"rs45565432",0.00352766970172524
"rs1420529",0.00129706412553787
"rs1420530",0.00234223436564207
"rs1420531",0.00676147593185306
"rs11642645",0.00233203545212746
"rs45512493",0.00924277026206255
"rs77272710",0.0231500305235386
"rs12918816",-0.00367770483717322
"rs45504793",-0.028174452483654
"rs145232238",-0.0115101467818022
"rs12929984",0.00594123173505068
"rs1420533",0.00176851870492101
"rs1362547",0.00162128079682589
"rs1362548",-0.00236575864255428
"rs45587233",-0.00943796895444393
"rs150103898",-0.0112537443637848
"rs45582031",0.0521674565970898
"rs45461091",0.00592437386512756
"rs7193453",0.00270355073735118
"rs9926163",0.00278009381145239
"rs45577136",0.00413718726485968
"rs2193094",0.0016377498395741
"rs45496893",0.0187720637768507
"rs34750829",-0.0124048050493002
"rs11648477",0.0060519021935761
"rs45524334",-0.0232357699424028
"rs4783780",0.00273285340517759
"rs3112581",0.00170940440148115
"rs3112580",0.00155425630509853
"rs9921569",-0.0031016250140965
"rs9931232",0.00235785264521837
"rs34928352",-0.00617104722186923
"rs35850695",-0.00250144023448229
"rs45586034",0.0808841958642006
"rs12597887",0.0067478665150702
"rs45510798",0.00248903688043356
"rs4784223",-0.00307244108989835
"rs8052175",0.00296154897660017
"rs1420534",0.00700033362954855
"rs1123428",0.00294961500912905
"rs1420535",0.00295108836144209
"rs113476679",-0.00476625468581915
"rs1477074",0.00292497035115957
"rs8044585",0.0015155840665102
"rs8045285",-0.00503612169995904
"rs4784224",0.0032265642657876
"rs3095601",0.00215072045102715
"rs3095602",-0.00430615153163671
"rs12930156",-0.00364207616075873
"rs3095604",-0.00364546896889806
"rs1362549",0.00642693042755127
"rs1362550",0.00240489421412349
"rs28463809",-0.00366120832040906
"rs4784226",-0.0138785159215331
"rs117888912",0.0147621221840382
"rs3095605",0.00241535343229771
"rs45532645",-0.00992518942803144
"rs3095606",-0.00363467913120985
"rs3095607",-0.00358272949233651
"rs12926842",0.00679998658597469
"rs45537934",0.00919640623033047
"rs35917855",0.00678279576823115
"rs3112578",0.0140656102448702
"rs3803662",0.00353201245889068
"rs3803661",0.0035156961530447
"rs3803660",-0.002095818053931
"rs3803659",0.00664352858439088
"rs189388211",-0.0116015309467912
"rs12446056",0.0244866665452719
"rs45477396",-0.00491252029314637
"rs3104771",0.0350459367036819
"rs45493397",-0.0056783938780427
"rs3112577",0.036825604736805
"rs3104812",0.0373073481023312
"rs3104818",0.0350727662444115
"rs3104827",0.0369388535618782
"rs150540840",-0.000723052769899368
"rs75571494",0.022553876042366
"rs3104743",0.0363683737814426
"rs3112576",0.0366648472845554
"rs4594251",0.00667096488177776
"rs3112575",0.034704964607954
"rs45568236",0.00336202327162027
"rs3112574",0.0354164130985737
"rs3112574",-0.00600449228659272
"rs4784227",-0.0121692875400186
"rs3104744",0.0172192174941301
"rs140701568",-0.0161637812852859
"rs3104745",0.0366538688540459
"rs3112573",0.03472550958395
"rs3112572",0.0348739624023438
"rs4784228",0.00671492703258991
"rs3104746",0.034881453961134
"rs3112571",0.0372703410685062
"rs3112570",0.0348815247416496
"rs3112569",0.0348820686340332
"rs3112568",0.0304741747677326
"rs3104747",0.0346193537116051
"rs3104748",0.0345268175005913
"rs3112567",0.0348787903785706
"rs3104750",0.0372786857187748
"rs3104751",0.0170556213706732
"rs3104752",0.0323336198925972
"rs3112566",0.0337276272475719
"rs3112565",0.0323336273431778
"rs76543857",-0.0296670328825712
"rs3104753",0.0170582812279463
"rs3481",0.0171802807599306
"rs3104754",0.0361031964421272
"rs3112563",0.0339677557349205
"rs147470005",0.0040437369607389
"rs3104755",0.0170746333897114
"rs3104756",0.0355112515389919
"rs118162666",0.0254956800490618
"rs143764516",0.00830476265400648
"rs3112562",0.0170890986919403
"rs3104757",0.0364381857216358
"rs3104758",0.0370585694909096
"rs3104759",0.0339305549860001
"rs3104760",0.0361008755862713
"rs3104761",0.0340075083076954
"rs3112560",0.0340074189007282
"rs190571775",-0.0112890377640724
"rs3104762",0.0361590348184109
"rs1109951",0.00646584527567029
"rs3112638",0.00437520490959287
"rs9708611",-0.0231149662286043
"rs12935019",0.00582298915833235
"rs3104763",0.00464200973510742
"rs185492515",-0.0186906382441521
"rs4784230",0.00171151524409652
"rs66914644",0.00171000370755792
"rs11645620",0.00176387513056397
"rs3112633",0.000544020440429449
"rs66954828",0.00193532137200236
"rs11640537",0.0014808033592999
"rs3112629",-0.00117758149281144
"rs56305223",-0.0214584749191999
"rs6498960",-0.029601838439703
"rs4262942",-0.0290311481803656
"rs141507864",-0.0159843470901251
"rs78865962",-0.0349072031676769
"rs2335",-0.0297564845532179
"rs3104766",-0.0313806384801865
"rs3104767",-0.0307319425046444
"rs3112626",-0.0299452617764473
"rs17292403",0.0555824600160122
"rs3112625",-0.030071010813117
"rs12920540",-0.0286311432719231
"rs3104768",-0.0299378149211407
"rs3112624",-0.0299371127039194
"rs3104769",-0.0299359634518623
"rs3112623",-0.0299398805946112
"rs11860998",0.0299382898956537
"rs7192828",-0.0286214966326952
"rs11860769",0.0299351923167706
"rs11861036",0.0299383066594601
"rs45577434",-0.00458983518183231
"rs3104772",-0.0299214832484722
"rs3104773",-0.0299320034682751
"rs3112622",-0.0299329850822687
"rs141654207",-0.0107884956523776
"rs3104774",-0.0299331471323967
"rs3104775",-0.0299896411597729
"rs7203671",-0.0298776160925627
"rs3112621",-0.0299548767507076
"rs3112620",-0.0297863427549601
"rs45446191",0.0038094506599009
"rs3112618",-0.0299587305635214
"rs3104776",-0.0299595464020967
"rs3112617",-0.0299269091337919
"rs3112616",-0.02992725931108
"rs11075551",-0.0299264248460531
"rs3112615",-0.0299238823354244
"rs3104777",-0.0299180038273335
"rs45570038",-0.0172399021685123
"rs45544231",0.0301286820322275
"rs45500599",0.0299104377627373
"rs12929797",-0.0286053717136383
"rs3104778",-0.0308692939579487
"rs3104779",-0.0308741554617882
"rs3104780",-0.0299202855676413
"rs3104781",-0.0300810355693102
"rs3112613",-0.0301057044416666
"rs12922061",-0.00778504647314548
"rs3112612",-0.0299609862267971
"rs45568636",-0.018939757719636
"rs3104782",-0.0300856530666351
"rs3104783",-0.0301560945808887
"rs3104784",-0.0301254857331514
"rs45584434",4.41414304077625e-05
"rs3104786",-0.0300064440816641
"rs4578643",-0.0287012793123722
"rs3104787",-0.0300171002745628
"rs45560737",0.0236167795956135
"rs12597685",-0.0287057999521494
"rs45453598",0.0231729075312614
"rs45575339",-0.0162349846214056
"rs3104788",-0.0301310662180185
"rs3104789",-0.0301643740385771
"rs3104790",-0.0300104133784771
"rs4290467",-0.0288599822670221
"rs4467067",-0.0288451835513115
"rs3104791",-0.0298678055405617
"rs4238749",-0.0287400353699923
"rs4238750",-0.0287130270153284
"rs1112135",-0.0288844890892506
"rs45587544",-0.015248597599566
"rs78030692",-0.00574724795296788
"rs3104793",-0.0303709823638201
"rs111745299",0.00773119460791349
"rs3104796",-0.0303740985691547
"rs117706309",-0.00592156499624252
"rs45483197",-0.00758935324847698
"rs45518731",0.0763233527541161
"rs8046994",-0.0288769174367189
"rs3104797",-0.0305074006319046
"rs3104798",-0.0334995239973068
"rs45591335",-0.000138889066874981
"rs45612035",-0.00950455199927092
"rs3104800",-0.0259233396500349
"rs111247364",-0.00411080429330468
"rs3112611",-0.0260612051934004
"rs3112610",-0.026352858170867
"rs3112609",-0.0262756943702698
"rs72807664",-0.0154100423678756
"rs11075561",-0.0448930896818638
"rs12599215",0.0166261103004217
"rs11647405",-0.00566873420029879
"rs11075562",-0.0148902162909508
"rs3112603",0.00647485023364425
"rs6498968",-0.00496590510010719
"rs3104803",0.00543209537863731
"rs7198792",0.0607845596969128
"rs13338987",-0.0436893068253994
"rs11643841",-0.0157278906553984
"rs3104804",0.00692471954971552
"rs3104805",-0.0106354057788849
"rs111496595",0.093622051179409
"rs35852474",0.00924920104444027
"rs3112600",0.0566832348704338
"rs191463917",-0.00812531262636185
"rs117254441",-0.00130301574245095
"rs3104806",0.011422710493207
"rs34838583",-0.0364821031689644
"rs3104807",0.0564979985356331
"rs3112599",0.0568225756287575
"rs12926032",0.0563098825514317
"rs117389216",0.0648189857602119
"rs72807666",-0.0136987492442131
"rs3112598",0.0561266914010048
"rs77574320",-0.0223028473556042
"rs4377150",0.0165195763111115
"rs56117730",0.0444340705871582
"rs75907526",-0.00637157680466771
"rs78841172",-0.0238669570535421
"rs12595979",0.0178490355610847
"rs35364848",0.0271666459739208
"rs76000465",-0.0201963353902102
"rs10521266",0.00770115619525313
"rs147895044",-0.0154400700703263
"rs76309387",-0.0174505095928907
"rs79790189",0.0306310821324587
"rs11647542",0.0305005926638842
"rs182588863",-0.00644676899537444
"rs11862833",0.0107604954391718
"rs11866716",0.010757002979517
"rs9940048",0.0106072193011642
"rs148235988",-0.00615385035052896
"rs3104811",-0.0653879195451736
"rs9940201",0.0106110461056232
"rs139701420",0.0318906828761101
"rs9922025",0.0106174293905497
"rs8050739",0.0202047619968653
"rs60994008",-0.0296260360628366
"rs3112595",-0.0444963760674
"rs145274205",0.0168221797794104
"rs11866049",0.0305252596735954
"rs7188201",0.0205864440649748
"rs7188202",0.0205986592918634
"rs7187724",0.0192331280559301
"rs111925335",-0.0219812281429768
"rs139825262",0.0408016443252563
"rs75127968",0.0313683412969112
"rs138028644",-0.00762821827083826
"rs4536472",0.0208503436297178
"rs79098941",-0.0193907115608454
"rs58472864",0.0208517126739025
"rs28542820",0.0208577308803797
"rs16951465",0.0310749709606171
"rs140174881",0.0320067256689072
"rs4784231",0.0209561791270971
"rs4784232",0.0209697987884283
"rs143475852",0.0107529424130917
"rs72807669",-0.00976887252181768
"rs11075570",0.0209203809499741
"rs77062534",-0.0107451248914003
"rs72807670",-0.00984917115420103
"rs34374860",0.0595484413206577
"rs3104815",-0.0445148982107639
"rs3104816",-0.0476983152329922
"rs7196107",0.0201725922524929
"rs112409625",-0.019351601600647
"rs4386131",-0.00414669001474977
"rs11867085",0.031433068215847
"rs11867128",0.0191085860133171
"rs56343993",-0.0204094033688307
"rs71388276",-0.0265121478587389
"rs6498990",-0.0384622067213058
"rs3104819",0.0396272800862789
"rs55691916",-0.0108912633731961
"rs3112592",0.039713878184557
"rs117283132",-0.00848601665347815
"rs3104822",0.0398900136351585
"rs3104823",0.0394260510802269
"rs3112589",0.019720571115613
"rs75818513",-0.0240171309560537
"rs116992103",0.00778481969609857
"rs3112587",0.0409997887909412
"rs12597686",-0.0370429642498493
"rs16951503",-0.00993483141064644
"rs3112586",0.00493264058604836
"rs12920499",-0.082781158387661
"rs77953269",0.000294769648462534
"rs12927162",0.0717869400978088
"rs4238751",0.0194827970117331
"rs16951510",0.0304113421589136
"rs113616144",0.0304384846240282
"rs28507806",0.0444765612483025
"rs62041333",0.00544852484017611
"rs17294497",0.00539356889203191
"rs144873603",0.0147457858547568
"rs78534074",0.0431498400866985
"rs80176221",-0.0439919866621494
"rs149023448",0.0143389599397779
"rs4530130",-0.0179976038634777
"rs75080667",0.0435031242668629
"rs74410016",0.0435463711619377
"rs4608329",-0.0178907457739115
"rs4511526",0.0331523604691029
"rs57651644",0.0307573769241571
"rs4784233",0.0474348850548267
"rs72807672",-0.0360084362328053
"rs77190573",0.0436152406036854
"rs9925027",0.0178378447890282
"rs147244974",0.043663252145052
"rs111425279",0.033703625202179
"rs4421971",0.047129213809967
"rs113856890",-0.014025004580617
"rs4525482",0.0164982043206692
"rs77725025",0.0447024144232273
"rs76947354",-0.0356614254415035
"rs80073053",0.0447131022810936
"rs7186592",0.0346363224089146
"rs12444107",0.04864452034235
"rs7187119",0.0346351452171803
"rs118040495",0.0455552227795124
"rs77534011",0.0447189807891846
"rs62041334",0.0116247078403831
"rs8058170",0.0171391200274229
"rs184594104",0.0828434899449348
"rs4783781",0.018022520467639
"rs12443885",0.0342479087412357
"rs11075580",0.0180152803659439
"rs75953307",0.0447235777974129
"rs76527642",-0.0340454876422882
"rs139055695",-0.0230936948210001
"rs12596080",0.0343161895871162
"rs7185426",0.031029224395752
"rs4784234",0.0180865135043859
"rs4784235",0.0180890373885632
"rs77060001",-0.0346699580550194
"rs72807673",-0.0354627259075642
"rs74571837",-0.035380132496357
"rs80327851",-0.0353894680738449
"rs79720513",0.0447314605116844
"rs114941886",0.0447071008384228
"rs8055038",-0.0376833118498325
"rs8055460",-0.038839016109705
"rs117352661",0.0447055362164974
"rs8054763",0.0447061322629452
"rs34927750",-0.0343807861208916
"rs117907253",0.0447388216853142
"rs73599005",0.0295965243130922
"rs118155214",-0.0198863204568624
"rs74745685",0.0447027757763863
"rs58106701",0.0295732393860817
"rs4299150",0.0481000766158104
"rs4500723",0.0481074601411819
"rs4238752",0.048115462064743
"rs76467033",-0.0337537191808224
"rs62041337",0.0153966788202524
"rs7194368",0.029624305665493
"rs77995085",0.0447107292711735
"rs4238753",0.0442500114440918
"rs143159189",0.0144303943961859
"rs4784236",0.0731723457574844
"rs62041338",0.0183430463075638
"rs8062945",0.0447104424238205
"rs4132615",0.0733080506324768
"rs8043574",0.0447078160941601
"rs8063589",0.0442783236503601
"rs79257072",-0.034958403557539
"rs11646689",0.0481019020080566
"rs7192149",0.0442485436797142
"rs3897891",0.0480846352875233
"rs4627343",0.0731223002076149
"rs4386133",0.05843286216259
"rs80200064",0.044708888977766
"rs72807676",-0.0281148478388786
"rs12925285",0.0482256822288036
"rs56314301",-0.0338028371334076
"rs59964085",-0.0390774644911289
"rs116948567",0.0447098575532436
"rs12931327",0.0591249205172062
"rs61122570",-0.0337773226201534
"rs4784237",0.0738929882645607
"rs72807678",-0.0174727160483599
"rs4784238",0.0738797411322594
"rs72807679",-0.017455380409956
"rs73599018",0.0296516586095095
"rs11865267",0.0738715082406998
"rs77700051",0.159799590706825
"rs11075587",0.0632900446653366
"rs8047799",-0.0174518879503012
"rs4260053",0.063291572034359
"rs117106695",-0.0229460876435041
"rs4238754",0.0610970519483089
"rs4352042",0.0487003698945045
"rs115819359",0.0450133755803108
"rs12932515",0.0633798539638519
"rs12708873",0.0738864168524742
"rs79883924",0.0450085364282131
"rs139961451",0.0147201791405678
"rs118019517",0.216669037938118
"rs62041355",-0.0276832394301891
"rs12921672",0.0634153857827187
"rs12921276",0.0487510822713375
"rs12925892",0.0488023571670055
"rs9934714",-0.0390797518193722
"rs12925747",0.0487497560679913
"rs4619395",0.0451953746378422
"rs7191990",0.0449901223182678
"rs117404304",0.0440070889890194
"rs4784239",0.0489824563264847
"rs117031892",-0.0189103502780199
"rs4784241",0.0489826425909996
"rs4784242",0.0636446997523308
"rs4464071",0.0166538842022419
"rs190905833",-0.0239102132618427
"rs118186521",-0.037085797637701
"rs117136154",0.0299259833991528
"rs74371803",0.0444295257329941
"rs17294918",0.0444275513291359
"rs77730256",0.0446091368794441
"rs16951525",-0.0336947366595268
"rs17294967",0.0446073636412621
"rs9745413",0.0444256365299225
"rs151283681",-0.0195165183395147
"rs117923020",-0.0348130203783512
"rs12925035",0.0546874552965164
"rs116972156",0.0452968329191208
"rs143433575",-0.0189009811729193
"rs116782746",0.044846598058939
"rs114744231",0.0448468439280987
"rs17360872",0.0446494109928608
"rs75495721",0.0294830277562141
"rs76553056",0.0446502342820168
"rs78128602",0.0446412935853004
"rs17295093",0.0446399375796318
"rs76501561",0.0446394830942154
"rs7193544",0.0445494763553143
"rs7193555",0.0446381196379662
"rs7193736",0.0446383319795132
"rs75440628",0.0441764481365681
"rs111657301",0.0446384996175766
"rs77054334",0.0446458421647549
"rs111634523",0.0849380567669868
"rs75018811",0.0446472838521004
"rs9924319",0.0236762128770351
"rs181812187",-0.043375127017498
"rs78350975",0.0448413603007793
"rs117926943",0.0299186836928129
"rs139841376",-0.0167895145714283
"rs140791494",-0.0166786480695009
"rs11859514",0.0294837895780802
"rs76891107",-0.0355874225497246
"rs74018178",-0.0332611277699471
"rs112976234",0.0446416325867176
"rs113480610",0.0446395389735699
"rs58970506",0.0294849760830402
"rs76757950",0.0446383729577065
"rs4343281",0.0460790358483791
"rs115551696",0.044834241271019
"rs60910705",0.0294802132993937
"rs117158379",-0.00404075207188725
"rs76827723",0.0448306761682034
"rs13332218",-0.0346071682870388
"rs79282189",0.0448321849107742
"rs140171001",-0.024052394554019
"rs57957981",0.0294738970696926
"rs57092982",0.0294760446995497
"rs73599026",0.0294767301529646
"rs74589010",0.0446305647492409
"rs76577768",0.0446306653320789
"rs141427856",0.0776665285229683
"rs113497322",0.0446281097829342
"rs7201117",0.0445357710123062
"rs148573028",-0.0176732111722231
"rs7199266",0.0468725822865963
"rs184295977",-0.0237760171294212
"rs9921811",0.0445341393351555
"rs9932546",0.0445575751364231
"rs6499043",0.0172034073621035
"rs59520666",0.0310393944382668
"rs7191177",0.0446185618638992
"rs148302371",-0.0227241925895214
"rs6499045",0.0302813705056906
"rs7196824",0.029915876686573
"rs7197037",0.0280894376337528
"rs7197249",0.0427948608994484
"rs7192751",0.0425814762711525
"rs7197589",0.0427785068750381
"rs6499046",0.0571262910962105
"rs116848069",0.0430195182561874
"rs7191324",-0.0297265499830246
"rs79501461",0.0428757704794407
"rs78556231",0.0430747270584106
"rs7192904",0.0321869701147079
"rs77706066",0.0431481525301933
"rs76070397",0.0431071743369102
"rs75293258",0.0431070439517498
"rs114870761",0.0430717095732689
"rs28391362",0.042739674448967
"rs144255182",0.0430674627423286
"rs28516609",0.0427642688155174
"rs145222624",-0.0380464121699333
"rs11863040",0.0489723235368729
"rs6499047",0.0489361099898815
"rs16951533",0.000600367784500122
"rs4392066",0.0490356497466564
"rs4408540",0.0322596728801727
"rs147386881",-0.0330287590622902
"rs72807688",-0.0288958344608545
"rs4287563",0.0320733748376369
"rs145269941",0.00998982694000006
"rs1112995",-0.0488721653819084
"rs77435603",0.0430184975266457
"rs4611453",0.0319193564355373
"rs4414489",0.0321392528712749
"rs77819610",0.217552125453949
"rs77040444",0.0434424541890621
"rs7206384",0.0491091422736645
"rs8044127",0.0492335818707943
"rs8060019",0.0325540266931057
"rs4572396",0.0495700612664223
"rs4783782",0.0324291326105595
"rs77362202",-0.0139947570860386
"rs13332955",0.0431037098169327
"rs9934811",0.0323906131088734
"rs17361228",-0.0350424759089947
"rs4541075",0.0325262509286404
"rs4238755",0.0495261065661907
"rs78219709",0.0434353351593018
"rs116781302",0.0434363409876823
"rs117910117",0.0434991456568241
"rs8057974",0.0495834276080132
"rs192867981",-0.0189567804336548
"rs114557190",0.0434705838561058
"rs146039761",0.217986509203911
"rs4784244",0.0433886796236038
"rs1420246",0.0496403388679028
"rs1420247",0.0496076345443726
"rs1420248",0.0326238460838795
"rs8044020",0.0496074110269547
"rs12444658",0.0432045720517635
"rs74383889",0.0129896895959973
"rs74532886",0.042404543608427
"rs1420250",0.0495910570025444
"rs1420251",0.0326526463031769
"rs1420253",0.0553504824638367
"rs7191219",-0.0309973768889904
"rs9922551",0.0394833125174046
"rs1420259",0.0404943861067295
"rs117933059",-0.0184517726302147
"rs4784245",0.0537102818489075
"rs36018125",-0.0335334800183773
"rs72807691",-0.0132666183635592
"rs117155117",-0.0199701879173517
"rs117464994",0.0436497777700424
"rs75294591",0.0436389856040478
"rs77365357",-0.0654355511069298
"rs111438279",0.168923795223236
"rs62043164",-0.000393612310290337
"rs1990630",0.0554849356412888
"rs117452475",-0.027075057849288
"rs4783783",0.0403709262609482
"rs1990631",0.0404713861644268
"rs77915725",0.0435582436621189
"rs1946142",0.0558425970375538
"rs188958696",0.102909184992313
"rs138395121",-0.0185914523899555
"rs62043165",0.0157096106559038
"rs17295758",0.0124392872676253
"rs62043166",-0.000319242477416992
"rs11646296",0.0405930355191231
"rs62043167",-0.0318429656326771
"rs9937555",0.055730015039444
"rs9924217",0.0556467771530151
"rs80053912",-0.0319709479808807
"rs118186669",-0.0317756161093712
"rs112036280",0.168512508273125
"rs145107582",0.0952920988202095
"rs139038148",-0.0220521576702595
"rs10852429",0.0405933260917664
"rs188051365",-0.02225929684937
"rs111619180",-0.0556051582098007
"rs57090089",-0.0302151571959257
"rs11863838",0.0405869111418724
"rs17361619",0.0950009971857071
"rs2016154",-0.0324237868189812
"rs189676247",-0.0237511266022921
"rs1111473",0.0404249839484692
"rs1077395",0.0556640960276127
"rs12446384",0.0404144898056984
"rs11075622",0.0405596941709518
"rs72807698",-0.02104277536273
"rs72807700",0.0266741644591093
"rs8058414",0.0557247772812843
"rs138623894",-0.0232246872037649
"rs9940709",0.0557484850287437
"rs77265023",-0.0418262593448162
"rs11640379",0.0557610504329205
"rs113731934",0.153834149241447
"rs76301435",0.0440155528485775
"rs77960456",-0.0164335258305073
"rs75957565",0.0440072417259216
"rs11075624",0.0558967851102352
"rs117544975",-0.0242786407470703
"rs8056485",0.0558622255921364
"rs1362413",0.0533361881971359
"rs141158230",-0.0311823729425669
"rs74381289",0.0437341928482056
"rs113228594",-0.0320569314062595
"rs8053493",0.0440090633928776
"rs4784246",0.0411226637661457
"rs8049021",0.0440250039100647
"rs118016537",-0.0077917380258441
"rs7499961",0.0571852065622807
"rs4784247",0.0558789372444153
"rs4784248",0.0558892637491226
"rs4784249",0.055919885635376
"rs4784250",0.0410726629197598
"rs62043194",0.0175399202853441
"rs2387821",0.0403675250709057
"rs62043195",0.0137845063582063
"rs11075627",0.0411721840500832
"rs149558131",-0.0214673802256584
"rs9796820",0.0617698393762112
"rs117803023",0.043710857629776
"rs4784252",0.0591231845319271
"rs137993943",-0.0382010973989964
"rs4264388",-0.0680335834622383
"rs4530131",0.0473544560372829
"rs73601123",0.038771279156208
"rs56400686",0.0474181547760963
"rs56008591",0.0618042275309563
"rs1073882",-0.0457881651818752
"rs1894896",0.0130293210968375
"rs1362414",0.047525379806757
"rs2052266",0.0474715828895569
"rs8051480",0.0474526882171631
"rs2892366",0.0469876229763031
"rs77233001",-0.0193670727312565
"rs72810008",-0.0299495011568069
"rs78394504",-0.0430236980319023
"rs113555472",-0.0431513525545597
"rs145668285",-0.0282135158777237
"rs59793894",-0.0180281400680542
"rs4784253",0.045811902731657
"rs80277243",-0.0253628138452768
"rs74020833",0.0475736744701862
"rs11639504",0.0449711941182613
"rs62043198",-8.91606323421001e-05
"rs1111474",0.0412006601691246
"rs117584443",-0.00124687235802412
"rs116849383",0.0117976954206824
"rs77961415",-0.0484802015125751
"rs62043199",0.0149138383567333
"rs12919531",0.0450904369354248
"rs1420252",0.0676919892430305
"rs77103359",0.110685005784035
"rs16951571",0.0146277192980051
"rs16951574",0.0118445223197341
"rs11649266",0.0681649595499039
"rs62043200",-0.0200719833374023
"rs6499091",0.0663167387247086
"rs74020837",0.0518953986465931
"rs17296337",0.0288858469575644
"rs117625986",-0.00843807309865952
"rs11642888",0.0382118001580238
"rs7196680",0.0373121313750744
"rs1344482",-0.0313352271914482
"rs11646964",0.03793740645051
"rs7197855",0.0285178646445274
"rs7192700",0.0281436797231436
"rs2387818",0.027621254324913
"rs2387819",0.0279654748737812
"rs4377151",0.0262068286538124
"rs62043201",0.0353330224752426
"rs1344483",0.026571387425065
"rs79207645",-0.0369291119277477
"rs12708875",0.0276395063847303
"rs12923564",0.026982119306922
"rs28404082",0.0274656899273396
"rs117947188",0.250303238630295
"rs34078005",0.015180635266006
"rs9934917",0.0152085898444057
"rs9923965",0.027918940410018
"rs78419836",-0.04473015666008
"rs191340291",-0.0122483279556036
"rs62043238",0.0352787673473358
"rs61131526",-0.00182102294638753
"rs12924455",0.0115181542932987
"rs193145386",-0.0315219908952713
"rs117065200",-0.0452242344617844
"rs8054365",-0.00210307445377111
"rs8049737",-0.00201180903241038
"rs4784254",0.0243233535438776
"rs6499093",-0.0020087668672204
"rs13339337",0.024257680401206
"rs62043239",0.0356855280697346
"rs62043240",-0.0286466609686613
"rs57657394",-0.00200255354866385
"rs4238756",0.0238385330885649
"rs118061832",0.0604921244084835
"rs56172104",-0.00199812697246671
"rs61628398",-0.00199169339612126
"rs8045176",-0.00157465040683746
"rs8047392",0.0222391039133072
"rs10521274",0.036428052932024
"rs191431198",0.199150010943413
"rs73585516",-0.00198096595704556
"rs9939083",0.0228655729442835
"rs9926403",0.0242874175310135
"rs73585517",-0.00197958946228027
"rs73585518",-0.00198409799486399
"rs11075637",0.0224577896296978
"rs117553291",0.0607883185148239
"rs62043241",0.0363648012280464
"rs9939957",0.0222318768501282
"rs12918723",0.0228510666638613
"rs16951576",-0.00196317629888654
"rs80115707",-0.0334520637989044
"rs11644675",0.00966791249811649
"rs4784256",0.0199169907718897
"rs2216062",0.0112320929765701
"rs4783784",0.0112172905355692
"rs4783785",0.0235698595643044
"rs1362415",0.0107771819457412
"rs10521273",0.0363909564912319
"rs34176589",-0.0220863949507475
"rs55905351",-0.0221417881548405
"rs62043242",0.0317714214324951
"rs17296940",0.0872300416231155
"rs1420257",0.0224492121487856
"rs1894897",0.0284819602966309
"rs1894898",0.0286447517573833
"rs12599895",0.0289018750190735
"rs76028093",-0.0285610500723124
"rs17297072",-0.0442590825259686
"rs57464378",0.0289784502238035
"rs17297114",-0.0288302320986986
"rs12446341",0.0289866831153631
"rs12446393",0.0289249587804079
"rs139972159",-0.0201677195727825
"rs6499094",0.0285008307546377
"rs35083305",0.132087796926498
"rs1833195",0.0165050178766251
"rs62043245",-0.0286071263253689
"rs1833196",0.0289182718843222
"rs1420258",0.0284720342606306
"rs4784257",0.0288868471980095
"rs35027404",0.0894167795777321
"rs7190231",0.0288817156106234
"rs8055491",-0.0285097416490316
"rs7197045",0.028888076543808
"rs7197928",0.0288884676992893
"rs12929689",0.0288978014141321
"rs4457985",0.0288943201303482
"rs2387820",0.0288879964500666
"rs12597567",0.0288891158998013
"rs12597601",0.028891371563077
"rs142116126",-0.0241095777601004
"rs71376175",-0.00254645198583603
"rs191966146",-0.0227162707597017
"rs118086050",0.0590666048228741
"rs1833197",0.0197153519839048
"rs1420260",0.0303274691104889
"rs12599348",0.0179829001426697
"rs35391961",-0.0299346130341291
"rs79291013",0.244018793106079
"rs1420261",0.0303607955574989
"rs1420262",0.0303607955574989
"rs7499724",0.0303540397435427
"rs143667704",-0.0150147275999188
"rs9652624",0.0303390193730593
"rs8057576",0.0302421804517508
"rs8058858",0.0302767846733332
"rs1362417",0.030346168205142
"rs8044632",0.0290044713765383
"rs6499100",0.0291943475604057
"rs62041375",0.0310091227293015
"rs189829139",-0.0277863144874573
"rs1815991",0.0306569784879684
"rs1815992",0.0306335519999266
"rs28460444",0.0306400880217552
"rs77839660",-0.02333246730268
"rs1579237",0.0292694885283709
"rs8062198",0.028844965621829
"rs558479361",0.0120260128751397
"rs117750751",-0.0214711502194405
"rs144622435",-0.042151216417551
"rs1345333",0.0167153924703598
"rs150436026",0.0101190507411957
"rs4784258",0.0164656564593315
"rs4784259",0.0270319264382124
"rs12448301",0.0167789794504642
"rs117134313",-0.0241730269044638
"rs117955199",0.0259663574397564
"rs12447765",0.0153749100863934
"rs35531521",-0.0256277490407228
"rs35311024",-0.0256020333617926
"rs145165723",0.00169298658147454
"rs118072340",0.0978001803159714
"rs6499104",0.0262492317706347
"rs8063178",0.0262446664273739
"rs28366571",0.0167790949344635
"rs7189004",0.0271700285375118
"rs117746278",-0.0200663600116968
"rs6499105",0.0269019436091185
"rs6499108",0.0269071143120527
"rs117053211",-0.0109287388622761
"rs146289141",-0.0356929451227188
"rs4581693",-0.0266716331243515
"rs11649581",0.0163934174925089
"rs193299109",-0.0258893389254808
"rs112740422",0.0266785956919193
"rs16951610",0.0258257295936346
"rs17370176",0.0176703222095966
"rs4783788",0.0190575830638409
"rs2110830",0.0190513283014297
"rs9939896",0.019077755510807
"rs13330150",0.0190540514886379
"rs7205069",0.0257142577320337
"rs2024446",0.0295354407280684
"rs143984937",0.00117800571024418
"rs8059976",0.0189547762274742
"rs17298178",0.0265308674424887
"rs17370363",0.0264740362763405
"rs10852435",0.0189508311450481
"rs62041376",-0.0278014969080687
"rs145638095",0.0510638244450092
"rs2024447",0.0295055638998747
"rs11639509",0.0264770574867725
"rs7202791",0.0293113514780998
"rs8060591",-0.070851743221283
"rs2017148",0.0189350917935371
"rs1814264",0.0295091420412064
"rs117946244",-0.00703887455165386
"rs11647317",0.0189777836203575
"rs11640707",0.0191440675407648
"rs75034839",0.0263495240360498
"rs11075649",0.0295415371656418
"rs11075650",0.0189497545361519
"rs11642463",0.0265310760587454
"rs117683562",-0.00729281175881624
"rs12598498",0.0298721957951784
"rs79993873",-0.0274123065173626
"rs28433998",-0.0293923802673817
"rs34422714",0.0190765410661697
"rs2080356",0.0191193670034409
"rs78320298",-0.0171014126390219
"rs9930753",0.0293768998235464
"rs4238757",0.0318641699850559
"rs62041380",-0.0166399609297514
"rs1345325",0.0295647978782654
"rs62041381",-0.0278801415115595
"rs78496031",-0.0106972130015492
"rs117222080",-0.023923022672534
"rs35685563",0.0191379673779011
"rs140632066",-0.0362475328147411
"rs62041383",0.0267584882676601
"rs6499115",0.0435916036367416
"rs118138852",-0.0280484613031149
"rs8049026",0.0268310215324163
"rs62041384",0.0268777571618557
"rs117551222",-0.0236871130764484
"rs4784262",0.0293217673897743
"rs4128409",0.0302641652524471
"rs7500472",0.09698436409235
"rs72810045",-0.0423603728413582
"rs56185247",-0.0424062386155128
"rs1894888",0.039255652576685
"rs1894889",0.0192358158528805
"rs1894890",0.0392756201326847
"rs34432913",-0.0393102839589119
"rs4784263",0.0188369676470757
"rs11641829",0.0192729029804468
"rs11641875",0.0190299972891808
"rs11075651",0.0187966171652079
"rs11075652",0.0192726235836744
"rs11648850",0.0489765778183937
"rs1420238",0.018850838765502
"rs78676469",-0.0304676629602909
"rs7206436",0.0397845804691315
"rs7189136",0.0207257736474276
"rs13336017",0.00770993810147047
"rs12446016",-0.063465379178524
"rs8054184",0.260389655828476
"rs7201809",-0.0540407970547676
"rs1420239",-0.0428860448300838
"rs35538789",-0.0273053832352161
"rs55864312",-0.00778885558247566
"rs11864433",-0.0358837656676769
"rs11641278",-0.0781137272715569
"rs34559850",-0.00794386398047209
"rs11860472",-0.0358839929103851
"rs62041416",0.0183127969503403
"rs11642688",-0.0781182944774628
"rs12927955",-0.0358751118183136
"rs4784264",-0.0587930232286453
"rs11075653",-0.0687793791294098
"rs12919353",-0.0358171127736568
"rs141318342",-0.0318513624370098
"rs7185113",0.259776443243027
"rs112890292",-0.0590469539165497
"rs148007582",0.259779781103134
"rs9746522",-0.0763394311070442
"rs147158532",-0.00961178727447987
"rs115496508",-0.00961053650826216
"rs141821100",-0.0401235707104206
"rs145537555",-0.0121682845056057
"rs116327699",-0.0253184866160154
"rs112868280",-0.032466284930706
"rs117155055",0.260231554508209
"rs1894891",-0.0357093326747417
"rs12596331",-0.0357172824442387
"rs118090231",0.260220259428024
"rs59709770",-0.0588139072060585
"rs74643787",0.226217567920685
"rs58184263",-0.0586822293698788
"rs117322171",-0.0121722761541605
"rs12931618",0.0359682142734528
"rs4784265",0.10922709107399
"rs7199103",-0.00783622264862061
"rs4784266",-0.0780637636780739
"rs4784267",0.0359681099653244
"rs4784268",0.0359586775302887
"rs7195038",0.261178880929947
"rs117368964",0.261265754699707
"rs62041421",0.0174406133592129
"rs4784269",0.0359747931361198
"rs80280911",0.260252356529236
"rs12599378",0.0359799675643444
"rs75896219",0.26025316119194
"rs73589125",-0.0124131543561816
"rs12596474",-0.0781772807240486
"rs11640993",-0.0781177952885628
"rs7188309",-0.00794585607945919
"rs150391759",-0.0394371896982193
"rs11646614",0.0359592996537685
"rs11641089",0.0359567776322365
"rs55666404",-0.0355790182948112
"rs11641421",-0.07807657122612
"rs12444595",0.0357260294258595
"rs79956909",-0.0251194909214973
"rs12445288",-0.0780811011791229
"rs62041423",-0.067499466240406
"rs12445317",-0.0780606865882874
"rs4467068",-0.0782076939940453
"rs2387822",0.0361662209033966
"rs117012164",-0.0232214815914631
"rs2387823",0.0357488803565502
"rs2387824",0.0359915681183338
"rs11643709",0.0359932631254196
"rs1124332",0.0357585288584232
"rs1124331",0.0359904952347279
"rs1124330",0.0359653793275356
"rs12598022",-0.00780453300103545
"rs79003458",-0.0589172393083572
"rs1420242",-0.260109037160873
"rs60744737",0.248887524008751
"rs73591253",-0.059266597032547
"rs8049621",-0.0588648729026318
"rs1345326",0.00790461152791977
"rs1579236",0.00793539453297853
"rs117331962",-0.0324953943490982
"rs7191869",-0.0781536549329758
"rs73591258",0.144981101155281
"rs7197881",0.0138450311496854
"rs2020425",0.0138551713898778
"rs57889659",0.144958212971687
"rs11639524",-0.0781257078051567
"rs11075658",0.0136161325499415
"rs1894893",0.0135883297771215
"rs58385989",-0.058889776468277
"rs4548858",-0.0588898807764053
"rs4517795",-0.0414254441857338
"rs1894894",0.0136114051565528
"rs72810061",-0.0315656401216984
"rs11642426",-0.0655030086636543
"rs9937380",0.0139522952958941
"rs185754061",0.14492854475975
"rs139160395",-0.0359742119908333
"rs79127046",-0.0589290075004101
"rs116966385",0.270946055650711
"rs9938007",-0.0781876966357231
"rs8054387",0.0135304117575288
"rs71388283",-0.0282769612967968
"rs11643970",0.0135384984314442
"rs9937346",-0.078177385032177
"rs78402273",0.270778477191925
"rs1420243",0.0135249644517899
"rs113964117",-0.0591515600681305
"rs58715937",-0.0588532648980618
"rs1345327",0.0135182878002524
"rs1345328",0.0414504036307335
"rs11640320",0.0416238978505135
"rs73591286",-0.0589017495512962
"rs2098369",0.041697796434164
"rs2080358",-0.0773527547717094
"rs142217310",-0.0230517350137234
"rs1079968",0.0417092517018318
"rs1111471",0.0417093373835087
"rs77522524",0.270876497030258
"rs79806832",0.270882934331894
"rs1833190",0.0417078249156475
"rs1819835",0.0135960010811687
"rs2387764",0.0135829718783498
"rs9931144",0.0417923703789711
"rs76524783",-0.0227129682898521
"rs9924320",0.0136664528399706
"rs9931415",0.0417841523885727
"rs9924412",0.0418006479740143
"rs9924517",-0.0774476602673531
"rs4337291",0.013705619610846
"rs2052267",0.0137172369286418
"rs4548859",-0.0774639844894409
"rs1819836",-0.0774914920330048
"rs1819837",0.013812436722219
"rs77012583",0.261840373277664
"rs4525485",0.0419322289526463
"rs2098370",-0.0137679502367973
"rs1833191",0.0137678366154432
"rs2387766",0.0427756011486053
"rs4447425",0.0146296508610249
"rs2080359",-0.0145732723176479
"rs2387767",0.0146038066595793
"rs3940330",-0.0137423649430275
"rs111541372",-0.0589808523654938
"rs142367768",-0.0238917414098978
"rs1345329",0.0419393144547939
"rs1345331",0.041834257543087
"rs4783790",0.0427282936871052
"rs4784270",-0.0769496709108353
"rs4783791",-0.0775213539600372
"rs4783792",0.0420560538768768
"rs4783793",0.042021568864584
"rs78265439",0.262038022279739
"rs4783794",0.0420218296349049
"rs4783795",-0.0775511711835861
"rs4783796",0.0228247512131929
"rs73595419",-0.0468088239431381
"rs9923103",0.0420270301401615
"rs9922722",0.0139576541259885
"rs9923397",-0.077423132956028
"rs9923406",-0.0774215757846832
"rs9922816",-0.0774273052811623
"rs1113939",0.261858075857162
"rs75778953",-0.0323879756033421
"rs8047064",-0.0225614439696074
"rs10521275",0.0232280865311623
"rs117108020",-0.0231783464550972
"rs1420244",0.0777507573366165
"rs9933936",-0.0779198482632637
"rs1833192",-0.0780463814735413
"rs1974683",-0.104224152863026
"rs7193848",-0.0137449512258172
"rs16951726",-0.0780333653092384
"rs1558671",-0.0780333131551743
"rs1558672",-0.0780396461486816
"rs1558673",-0.078029952943325
"rs76822079",-0.0591796115040779
"rs1558674",-0.0780152380466461
"rs7206800",-0.078030563890934
"rs8044624",-0.0780225247144699
"rs12708881",-0.0136715406551957
"rs2387937",-0.0780431628227234
"rs117911537",0.226563930511475
"rs2387939",-0.0780379772186279
"rs4461066",-0.0780379772186279
"rs12444790",-0.0780474320054054
"rs76580841",-0.0591894537210464
"rs1344484",-0.0779985263943672
"rs1344485",-0.0780121758580208
"rs1344486",-0.0780224278569221
"rs1344487",-0.0780419707298279
"rs8056052",-0.0926602184772491
"rs12935530",-0.0713204219937325
"rs36072189",-0.013687620870769
"rs1861355",-0.0591900907456875
"rs11640657",-0.0780183076858521
"rs12598043",0.104295432567596
"rs12444868",-0.0780188888311386
"rs193292396",-0.0303844753652811
"rs2216061",0.0137716317549348
"rs2192859",-0.0780376419425011
"rs2192860",-0.0780662298202515
"rs9936045",-0.0780704766511917
"rs11647459",-0.0780375301837921
"rs11647206",-0.104243159294128
"rs11643689",-0.0781271830201149
"rs2387940",0.0138198249042034
"rs9935087",-0.104472823441029
"rs1073354",-0.078128382563591
"rs150993442",-0.0353721641004086
"rs1833193",-0.103713802993298
"rs1833194",-0.00042821979150176
"rs9927048",-0.115706361830235
"rs9927667",-0.116317339241505
"rs9929260",-0.114570282399654
"rs11075659",-0.0186073146760464
"rs8058275",0.0187298860400915
"rs16951771",0.309023767709732
"rs11866911",-0.168473407626152
"rs11862756",-0.168526291847229
"rs11862786",-0.1793192923069
"rs35414351",-0.168822035193443
"rs34096047",-0.17027685046196
"rs1894895",-0.299212217330933
"rs34216294",-0.170227438211441
"rs7201620",-0.170387074351311
"rs79379590",0.28855773806572
"rs7190800",-0.0589420050382614
"rs1111472",-0.287379294633865
"rs7184292",-0.177720159292221
"rs7186235",-0.182454019784927
"rs7185051",-0.287422150373459
"rs9935734",0.0643961206078529
"rs7197588",-0.18245866894722
"rs144947247",-0.0273296367377043
"rs7197996",-0.182432025671005
"rs1477028",-0.287445813417435
"rs71388284",-0.182449653744698
"rs1974684",-0.287360310554504
"rs62041455",-0.182449042797089
"rs1974685",0.0643273293972015
"rs62041456",-0.182450279593468
"rs62041457",-0.182450279593468
"rs62041458",-0.182454645633698
"rs62041459",-0.182450160384178
"rs117939635",0.299965739250183
"rs12930333",-0.182429149746895
"rs12931946",-0.182429149746895
"rs12930501",-0.182430177927017
"rs9938453",0.0643095895648003
"rs12919591",0.168873891234398
"rs12447977",0.064413346350193
"rs12923755",0.0649483427405357
"rs77644359",0.301013499498367
"rs12597103",0.168833196163177
"rs7192866",-0.287358045578003
"rs6499139",-0.182701483368874
"rs8059435",-0.182467177510262
"rs11640166",-0.0147253759205341
"rs35667859",-0.182463973760605
"rs34470209",-0.182690262794495
"rs11643814",-0.287378937005997
"rs9302582",0.0648727640509605
"rs35821932",0.168862819671631
"rs79166019",-0.0418619886040688
"rs7203052",-0.182551488280296
"rs75285889",-0.0564699992537498
"rs1362441",0.0557940974831581
"rs34992801",-0.182561174035072
"rs146655840",-0.0244613625109196
"rs6499142",-0.18256302177906
"rs148173484",-0.0337741449475288
"rs35815737",-0.1826062053442
"rs34177854",-0.182572424411774
"rs56243633",0.287608921527863
"rs9934468",0.0645378977060318
"rs36113884",-0.0337820500135422
"rs34146535",-0.174624219536781
"rs141696834",0.132772028446198
"rs8053420",-0.174551218748093
"rs8054625",-0.174654573202133
"rs12599627",0.16959322988987
"rs139730217",-0.0377990417182446
"rs2387942",0.056011576205492
"rs1894907",-0.287611603736877
"rs8045145",-0.182666435837746
"rs8045648",-0.182669699192047
"rs8045655",-0.182666048407555
"rs1420308",0.0645144805312157
"rs34881365",-0.182454913854599
"rs4783799",-0.050252303481102
"rs35094367",-0.182478740811348
"rs11075661",-0.174564495682716
"rs13336084",-0.0585401095449924
"rs8046081",-0.174616038799286
"rs8046498",-0.174457132816315
"rs13332506",0.0557902306318283
"rs8052431",-0.174443006515503
"rs55891732",-0.0480571389198303
"rs12932866",-0.174910113215446
"rs28813418",0.0559229366481304
"rs12149387",-0.17465303838253
"rs77874798",-0.035079050809145
"rs114907738",-0.0236128065735102
"rs12919832",-0.175536140799522
"rs117045709",0.289372563362122
"rs9630628",-0.175522446632385
"rs9630629",-0.175587013363838
"rs9630630",-0.175515398383141
"rs138153061",-0.0225104652345181
"rs148261826",-0.0502600744366646
"rs6499146",-0.288161784410477
"rs8045940",0.0552496239542961
"rs6499147",-0.287403911352158
"rs7204949",-0.066752977669239
"rs62043279",-0.163926482200623
"rs34348913",-0.165350824594498
"rs112391152",-0.111653916537762
"rs12922473",-0.10012399405241
"rs78604700",-0.0281045977026224
"rs74449629",0.334758579730988
"rs9928588",0.617033839225769
"rs76227000",0.108231142163277
"rs1345339",0.103240929543972
"rs1345340",-0.42856839299202
"rs1345341",0.103605575859547
"rs1345342",0.103491067886353
"rs112990597",0.774898409843445
"rs4784272",0.371534109115601
"rs78322982",0.112374283373356
"rs56273541",-0.0838676691055298
"rs2387944",-0.775261223316193
"rs1076983",-0.103631637990475
"rs1076982",0.092289887368679
"rs117145500",0.796474575996399
"rs62043281",0.00284857116639614
"rs71373292",-0.0517353229224682
"rs12445995",0.13526351749897
"rs187311134",-0.0298780202865601
"rs11645369",0.0511998236179352
"rs11641845",0.0512154512107372
"rs138194494",0.360146075487137
"rs1362445",0.0512026436626911
"rs6499148",0.0907933562994003
"rs62043282",0.00492608873173594
"rs140151315",0.307022333145142
"rs12448536",0.0904845297336578
"rs1420311",0.0508988089859486
"rs12922267",-0.0590207204222679
"rs117077529",0.816322028636932
"rs111525923",0.81585305929184
"rs112050974",0.822989165782928
"rs2387875",-0.340951412916183
"rs2387876",-0.340903520584106
"rs2387877",-0.340916097164154
"rs2387878",0.0634874999523163
"rs2387879",0.0625295788049698
"rs13332789",0.053463377058506
"rs112037507",0.823882877826691
"rs6499156",-0.0686238259077072
"rs112490823",0.840984165668488
"rs1819842",-0.639383137226105
"rs113487377",0.937663674354553
"rs8059703",0.438612252473831
"rs7202031",0.0877744108438492
"rs62043321",0.153722792863846
"rs12930237",-0.0874377340078354
"rs113717347",-0.0381047762930393
"rs11866485",-0.0906301960349083
"rs117228480",0.999843537807465
"rs2041795",0.183024004101753
"rs72812106",-0.0854546651244164
"rs62043322",-0.110167466104031
"rs7201915",0.182943746447563
"rs4784273",0.183045297861099
"rs2041797",0.18304705619812
"rs2041798",0.18304930627346
"rs62043323",-0.0823119953274727
"rs36001848",-0.110120959579945
"rs7200066",-0.4304139316082
"rs13353183",0.182948619127274
"rs13353184",-0.430247575044632
"rs74883058",-0.0613149516284466
"rs34254548",-0.146247461438179
"rs113109072",-0.0903761386871338
"rs12923793",0.183396503329277
"rs9922343",0.183261230587959
"rs7206717",0.183301225304604
"rs7184727",0.183303371071815
"rs7206914",0.183303087949753
"rs11075666",0.182588070631027
"rs62043325",-0.0612857900559902
"rs62043326",-0.146270915865898
"rs12924810",-0.145937368273735
"rs11075668",-0.339719265699387
"rs80356178",-0.0370478592813015
"rs34261756",-0.0877069160342216
"rs147697529",-0.0437288992106915
"rs12920748",-0.0878237038850784
"rs61702280",-0.090760737657547
"rs80126945",1
"rs117400881",-0.0526301860809326
"rs1477029",-0.293991029262543
"rs1125559",-0.182906672358513
"rs1125558",-0.18290701508522
"rs67488182",-0.090653695166111
"rs66508651",-0.0906538069248199
"rs66508009",-0.0907369628548622
"rs66658569",-0.340285092592239
"rs8052698",-0.340269654989243
"rs11864440",-0.182930365204811
"rs1894905",-0.182932898402214
"rs12926069",-0.0878414213657379
"rs11861523",-0.18293060362339
"rs10221156",1
"rs10221167",0.237039461731911
"rs72812112",-0.082490511238575
"rs10221161",1
"rs9932417",-0.18273638188839
"rs113978754",0.98716926574707
"rs76719994",-0.0406008698046207
"rs13337855",-0.0482912063598633
"rs8050560",-0.619584858417511
"rs199548905",-0.0580949671566486
"rs58644224",-0.0903275161981583
"rs4628966",-0.182879522442818
"rs2110848",-0.182879209518433
"rs7500828",-0.182922497391701
"rs4447423",-0.182877123355865
"rs1971534",-0.581395447254181
"rs8061679",-0.327261537313461
"rs77246725",-0.0459163561463356
"rs62043327",-0.0612589046359062
"rs11859998",-0.0906311050057411
"rs7187072",-0.327514916658401
"rs35766542",-0.145959109067917
"rs67182919",-0.0907219499349594
"rs34912952",-0.145967602729797
"rs12923609",-0.0877109915018082
"rs2110847",-0.578619122505188
"rs8050699",-0.182968720793724
"rs7199322",-0.182896211743355
"rs7199546",-0.182969287037849
"rs3931697",-0.182969078421593
"rs9922822",-0.182948887348175
"rs78831406",-0.0721049383282661
"rs12919872",-0.182953014969826
"rs12921620",-0.182779684662819
"rs9933516",-0.182954385876656
"rs11863873",-0.0909469500184059
"rs34378909",-0.182897016406059
"rs148098743",-0.0276927575469017
"rs1592494",0.109838113188744
"rs1946144",-0.182902425527573
"rs75799562",0.861397325992584
"rs1946143",-0.182892754673958
"rs11075671",-0.325416713953018
"rs12102985",-0.182826980948448
"rs12102296",-0.182838052511215
"rs34495197",-0.182903558015823
"rs12918966",-0.182848319411278
"rs12923745",-0.0395856648683548
"rs112689466",0.861641824245453
"rs35872388",-0.145909816026688
"rs35799388",-0.145857959985733
"rs2110846",-0.182783767580986
"rs3948625",-0.182788446545601
"rs11866647",-0.0908584445714951
"rs11865837",-0.182858616113663
"rs9302587",-0.182665452361107
"rs11862826",-0.182666450738907
"rs11862614",-0.0905743613839149
"rs11862623",-0.0905747264623642
"rs1362443",-0.325239181518555
"rs11863720",-0.0905612781643867
"rs4784276",-0.0608814395964146
"rs76232295",0.860649585723877
"rs4329921",-0.182696983218193
"rs1990636",-0.582054972648621
"rs1990635",-0.18269756436348
"rs7191255",-0.182902097702026
"rs78228774",-0.0875260978937149
"rs7193557",-0.182652726769447
"rs7192896",-0.182623267173767
"rs1420309",-0.182663202285767
"rs62047096",-0.061156153678894
"rs1420310",-0.182895198464394
"rs67994637",-0.182670712471008
"rs35109267",-0.145909503102303
"rs1978339",-0.326985359191895
"rs11860771",-0.182704389095306
"rs1558683",-0.145844757556915
"rs1558684",-0.145911991596222
"rs1558685",-0.145879596471786
"rs1558686",-0.145920738577843
"rs62047098",-0.145813450217247
"rs71388285",-0.145686373114586
"rs62047099",-0.145676121115685
"rs62047100",-0.14568330347538
"rs55975220",-0.0907792448997498
"rs62047101",-0.145593404769897
"rs62047102",-0.145783975720406
"rs62047103",-0.145591095089912
"rs13334019",-0.145839214324951
"rs7189114",-0.182511284947395
"rs7184273",0.0613457001745701
"rs112221451",0.857588112354279
"rs7205024",-0.182488664984703
"rs149686623",-0.0601024702191353
"rs7184430",-0.18260495364666
"rs7206833",-0.182686850428581
"rs55671600",-0.090177096426487
"rs7189875",-0.182427853345871
"rs9783781",0.853471159934998
"rs9302588",0.633579552173615
"rs9937627",0.110428586602211
"rs11075675",-0.371266931295395
"rs11075676",0.0941996648907661
"rs72812118",-0.0941251441836357
"rs74685800",0.504615724086761
"rs62047105",-0.052249189466238
"rs79160794",0.695474207401276
"rs9936539",0.0940572917461395
"rs11861109",0.0940899848937988
"rs9938999",0.093990683555603
"rs77419902",0.693626642227173
"rs78724580",-0.0307965744286776
"rs4783800",-0.0450226999819279
"rs142243374",-0.0286119244992733
"rs72812119",-0.0736696496605873
"rs72812120",-0.0938935801386833
"rs4784278",0.0940070748329163
"rs9927283",0.0939268544316292
"rs11862451",0.0939958393573761
"rs9930106",-0.454595118761063
"rs9940059",0.0922954380512238
"rs72812122",-0.0934814214706421
"rs9930367",0.0939717441797256
"rs11649228",0.695272743701935
"rs72812123",-0.0941379517316818
"rs62047143",-0.0527624152600765
"rs8044436",0.0936472043395042
"rs62047144",-0.0525518767535686
"rs62047145",-0.0117052970454097
"rs34270593",-0.0115642631426454
"rs76365437",-0.0482637695968151
"rs12922563",-0.452817618846893
"rs13335763",-0.10963050276041
"rs113834139",0.334624648094177
"rs7193881",-0.109498627483845
"rs72812125",-0.0935857519507408
"rs7200006",0.692020356655121
"rs28883922",-0.109495177865028
"rs4784281",-0.0522014684975147
"rs13338930",-0.0522046014666557
"rs62047146",-0.0521993301808834
"rs74483905",-0.093608483672142
"rs145450453",-0.0511006750166416
"rs72812126",-0.0935813039541245
"rs111467362",-0.109502591192722
"rs62047147",-0.0521714352071285
"rs113926036",0.692904889583588
"rs8045208",0.69290292263031
"rs148805457",-0.0938276872038841
"rs2160304",-0.109736688435078
"rs142184527",-0.0521071590483189
"rs112003383",0.692872047424316
"rs62047156",-0.0520603246986866
"rs9938156",-0.0521767325699329
"rs1955084",0.692216336727142
"rs117173434",-0.1165711581707
"rs72812129",-0.0937860608100891
"rs11863332",-0.0521753206849098
"rs7203946",0.692862749099731
"rs72812130",-0.0937712043523788
"rs9926732",-0.0525746159255505
"rs9944327",-0.0525281764566898
"rs77586414",0.691387474536896
"rs9944333",-0.0525146648287773
"rs78228381",0.691442847251892
"rs34428372",-0.0378063321113586
"rs1582329",0.608323276042938
"rs6499185",0.0934037938714027
"rs1582330",0.608245432376862
"rs147150738",-0.0388980433344841
"rs113333279",0.608359158039093
"rs6499187",0.0934747084975243
"rs34689553",-0.10451727360487
"rs8051035",0.607239186763763
"rs62047158",-0.0522963143885136
"rs16951864",-0.0522834286093712
"rs62047159",-0.0519216284155846
"rs12925751",-0.106593623757362
"rs13335861",-0.0513929128646851
"rs62048995",-0.0281713902950287
"rs8056794",0.0781025215983391
"rs55990566",-0.308371067047119
"rs4352043",0.0932946056127548
"rs6499189",0.060196191072464
"rs6499190",0.0931862592697144
"rs140519907",-0.0327769294381142
"rs6499191",-0.403362840414047
"rs34164445",0.00245933933183551
"rs7200880",-0.63894784450531
"rs75230116",0.622099936008453
"rs62048998",-0.097085177898407
"rs7206736",-0.0970658659934998
"rs16951869",-0.0882359445095062
"rs7190121",0.00445936853066087
"rs9302589",-0.354310780763626
"rs4985185",-0.0525830239057541
"rs4985186",0.00427732057869434
"rs36099013",-0.0594037026166916
"rs9302590",0.00427716597914696
"rs9937637",0.00423408346250653
"rs146279740",-0.0526818484067917
"rs4784283",0.0272003952413797
"rs4783802",0.0042915758676827
"rs72812136",-0.0678512752056122
"rs9930673",0.00431958772242069
"rs9940848",-0.0495431646704674
"rs4630537",0.00436334405094385
"rs112508859",0.547746300697327
"rs4378607",0.00426402408629656
"rs8056728",-0.0499502830207348
"rs9937039",0.0274946242570877
"rs9937056",0.00430583488196135
"rs1362447",-0.354236841201782
"rs4396530",0.00433409679681063
"rs35994565",-0.382242292165756
"rs72812138",-0.0780867412686348
"rs12932662",-0.353987395763397
"rs9929200",-0.0498293526470661
"rs12918766",-0.353989213705063
"rs9926762",-0.381573438644409
"rs36145083",-0.38141468167305
"rs79815180",-0.0550860874354839
"rs117634623",-0.0332319103181362
"rs56300587",0.547304689884186
"rs16951896",-0.253939539194107
"rs77109706",-0.0531054437160492
"rs4784284",0.0043571051210165
"rs74406156",0.547258079051971
"rs148969762",0.306359440088272
"rs34621693",0.00204898742958903
"rs113050983",0.547044217586517
"rs190614425",-0.0810580179095268
"rs113228232",0.546971499919891
"rs75873010",-0.0496521852910519
"rs79340557",0.546954691410065
"rs74018572",0.546782374382019
"rs9783774",0.54677802324295
"rs9783775",0.546769440174103
"rs9783778",0.546849966049194
"rs13331091",0.546738624572754
"rs6499201",0.546605587005615
"rs34299839",-0.381006181240082
"rs6499202",0.546627402305603
"rs4783803",-0.380940288305283
"rs74018574",0.545798122882843
"rs74018575",0.544758260250092
"rs12149531",-0.253306090831757
"rs8044573",0.546035408973694
"rs8057988",0.545921623706818
"rs7184084",0.00430537387728691
"rs72812140",-0.112113624811172
"rs7202299",0.546680569648743
"rs11644234",0.546671032905579
"rs34382563",-0.0708202719688416
"rs56173441",0.543296992778778
"rs55945730",0.543112099170685
"rs4356474",-0.0437719076871872
"rs6499205",0.00426514865830541
"rs7191497",0.546663165092468
"rs1990637",-0.379020571708679
"rs4784285",0.00203924486413598
"rs143076289",-0.0436994172632694
"rs8050479",0.546677350997925
"rs1420312",-0.378807753324509
"rs1362789",-0.378739267587662
"rs1420313",0.0269519239664078
"rs112269444",0.546562850475311
"rs8061385",0.00424909498542547
"rs10163320",-0.378819465637207
"rs112162563",0.546533644199371
"rs12446486",-0.348948448896408
"rs12598778",-0.0814396217465401
"rs77280473",0.544436037540436
"rs79489677",0.54443359375
"rs62049002",-0.0494988784193993
"rs12923434",-0.378402024507523
"rs35737127",0.002067054156214
"rs117803129",0.117097280919552
"rs74487240",-0.0486170835793018
"rs9302592",0.00435629859566689
"rs74410976",0.546127200126648
"rs111293973",-0.0514305979013443
"rs56085964",-0.258106201887131
"rs1420316",0.00422290759161115
"rs1420317",-0.0424913540482521
"rs12447564",-0.378031581640244
"rs7499206",-0.377384185791016
"rs7185824",0.54587322473526
"rs9925367",-0.385848760604858
"rs9936502",-0.387560606002808
"rs10153135",-0.167248457670212
"rs7188386",0.0128219034522772
"rs7206726",0.0253396071493626
"rs6499211",0.025380615144968
"rs7188080",0.462703704833984
"rs11075701",-0.0717608332633972
"rs12599386",-0.0527500845491886
"rs16951919",0.00834072940051556
"rs140535076",-0.0348434709012508
"rs79269114",0.00642804196104407
"rs11648976",0.438948780298233
"rs75857147",-0.0202035289257765
"rs34470004",0.0178142134100199
"rs35678518",0.0148092024028301
"rs8045517",0.238077044487
"rs12922187",0.013595063239336
"rs8051957",-0.201256394386292
"rs8050297",0.0803473219275475
"rs12926126",0.138968363404274
"rs74918996",-0.0416715331375599
"rs12917640",-0.0818202868103981
"rs79721160",0.00717100175097585
"rs4444332",0.010046330280602
"rs56410853",-0.0388909354805946
"rs79088862",-0.02187105640769
"rs4784287",0.0391183532774448
"rs4783804",-0.0865680798888206
"rs59993452",0.0459474511444569
"rs117297253",-0.0199178755283356
"rs8049586",-0.0404085963964462
"rs12447532",-0.0385063961148262
"rs28683646",0.109426483511925
"rs12929658",-0.000248182099312544
"rs190433864",-0.0415838360786438
"rs12597402",0.0395664907991886
"rs12597411",0.0394851937890053
"rs151318275",-0.0112545350566506
"rs16951953",0.0484191030263901
"rs8045412",-0.0788622871041298
"rs11641055",0.0395246371626854
"rs60657985",-0.0279731992632151
"rs11643557",0.0463264361023903
"rs8051627",-0.0356330275535583
"rs72797618",-0.090082474052906
"rs11075705",0.031684011220932
"rs8058005",-0.0659446641802788
"rs113703852",0.0314559303224087
"rs367549346",-0.0347745828330517
"rs6416694",-0.0866794139146805
"rs9930459",-0.0865588337182999
"rs12924845",-0.0833340510725975
"rs4002280",-0.06569954007864
"rs9925003",-0.077664241194725
"rs56138405",0.0799156576395035
"rs72797623",0.0208338908851147
"rs9933155",-0.0760679394006729
"rs9932535",-0.0636836066842079
"rs11075706",0.0207844991236925
"rs7197492",-0.0401357263326645
"rs56278234",0.0805710554122925
"rs11648042",0.0676178857684135
"rs113407355",0.0517101176083088
"rs4002281",-0.07796810567379
"rs4002282",-0.0779551118612289
"rs6499221",0.0676700472831726
"rs3931698",0.0388135574758053
"rs116948063",-0.0391854718327522
"rs75589409",-0.0388961769640446
"rs4002283",-0.0752278566360474
"rs1187270",0.0891004651784897
"rs59333551",0.115233369171619
"rs141489846",-0.0311421379446983
"rs10852453",0.0859919935464859
"rs10852454",0.0855703130364418
"rs8044565",0.0775834694504738
"rs7405164",0.033442534506321
"rs186394420",-0.0164527576416731
"rs62049054",-0.0837031006813049
"rs142524907",-0.0319079980254173
"rs1132596",-0.129356727004051
"rs77404363",-0.0291129108518362
"rs3743773",-0.112970553338528
"rs3852740",0.0713223367929459
"rs3852741",0.0713750571012497
"rs138970520",-0.0241164490580559
"rs73594404",-0.032565101981163
"rs7185869",-0.0293166004121304
"rs72797628",-0.128676876425743
"rs111577197",-0.12854528427124
"rs8057802",-0.065989263355732
"rs7198530",0.0891864076256752
"rs11075715",-0.128539219498634
"rs11075716",-0.12847563624382
"rs7194847",0.0702637434005737
"rs113465432",-0.0294446796178818
"rs13331831",-0.0298547223210335
"rs35497000",0.0880029052495956
"rs11641638",-0.12749071419239
"rs4002247",-0.0665136352181435
"rs73594411",-0.0299123767763376
"rs12917995",-0.0522661954164505
"rs11641331",-0.128357425332069
"rs9926870",-0.138769283890724
"rs111701399",-0.128509432077408
"rs28886716",-0.0297208018600941
"rs78686908",-0.029885808005929
"rs12933494",0.088765911757946
"rs55905085",-0.12794703245163
"rs11645276",-0.127918064594269
"rs112795534",-0.0211818646639585
"rs117721761",0.0775431171059608
"rs12919486",0.0875416621565819
"rs72797636",-0.0231486018747091
"rs4985188",-0.12669962644577
"rs13336871",-0.0301088728010654
"rs10153130",-0.0303312167525291
"rs148228572",-0.0122587429359555
"rs142675220",-0.010610387660563
"rs60126120",-0.127014383673668
"rs7189713",-0.0655583366751671
"rs9937509",0.0877941697835922
"rs62050288",-0.126879677176476
"rs11649145",-0.137412190437317
"rs11649238",-0.126882076263428
"rs8058007",-0.0654335990548134
"rs72797642",-0.0232255030423403
"rs9926101",-0.0656866431236267
"rs9938267",-0.0656761080026627
"rs9931598",-0.0655715242028236
"rs9652625",-0.0665088668465614
"rs72797645",-0.0230085607618093
"rs9921695",-0.0655575469136238
"rs8057504",-0.0654172375798225
"rs151145342",0.0316942483186722
"rs9652626",-0.0303628277033567
"rs8044917",-0.0411753505468369
"rs7188994",-0.0425159707665443
"rs11646404",-0.10311683267355
"rs7196988",-0.0425281748175621
"rs7201965",-0.0425365827977657
"rs139057550",-0.0230887103825808
"rs6499234",-0.0426046438515186
"rs191576874",-0.0347321219742298
"rs112708531",-0.0317367762327194
"rs12934741",0.100916534662247
"rs12934205",-0.0424860157072544
"rs12934229",-0.0424868389964104
"rs12917984",-0.0423880405724049
"rs12917630",-0.0423813164234161
"rs11859867",-0.0423912778496742
"rs4784288",-0.102668486535549
"rs28837500",-0.0319855511188507
"rs4784289",-0.0425484590232372
"rs62050294",-0.102859124541283
"rs76116034",-0.0315996930003166
"rs77950672",-0.0434495881199837
"rs79089152",-0.0227634627372026
"rs12708900",0.0861329585313797
"rs12708901",0.0861435234546661
"rs2160795",0.00198523374274373
"rs11860145",-0.0316829606890678
"rs117599701",0.0412562303245068
"rs56156321",0.0112664699554443
"rs55946649",0.0101682031527162
"rs11648664",-0.103933833539486
"rs9746068",0.0365407355129719
"rs7184986",-0.0306102335453033
"rs62050296",-0.0321745276451111
"rs4784291",0.0924763455986977
"rs149945432",-0.0305949691683054
"rs113104734",-0.0355470255017281
"rs1108574",0.0923631191253662
"rs4784292",0.0106979683041573
"rs8050947",0.0922565460205078
"rs59171343",-0.0248444639146328
"rs11648332",-0.105477102100849
"rs12599832",0.0919918641448021
"rs11859251",0.0917567163705826
"rs11863603",0.091945692896843
"rs9932318",-0.0271017327904701
"rs9934578",-0.0269377809017897
"rs11075735",0.0918424427509308
"rs11860334",0.0103443050757051
"rs9937153",0.0874277204275131
"rs16951991",0.0103039285168052
"rs8058543",-0.032404150813818
"rs11075737",0.0873503163456917
"rs12933670",0.0864920169115067
"rs7200338",0.087290421128273
"rs56323977",0.0233118999749422
"rs16951994",0.0104051418602467
"rs12600218",0.0871465355157852
"rs11645073",-0.102114662528038
"rs139995029",-0.030381279066205
"rs3852742",0.00917358510196209
"rs12232435",0.00941710919141769
"rs7199440",0.0638347938656807
"rs75270432",0.0179678238928318
"rs55698046",-0.101552605628967
"rs9989365",-0.0454737283289433
"rs7204726",-0.045504204928875
"rs17373783",-0.101019181311131
"rs4784294",0.0102641377598047
"rs55968330",-0.100605040788651
"rs11647482",-0.100860990583897
"rs11647698",-0.0994100272655487
"rs12930884",0.0667757615447044
"rs56397722",-0.0998273938894272
"rs56209763",-0.0994565561413765
"rs56308051",-0.0993431583046913
"rs55785957",-0.0993595942854881
"rs56285139",-0.0429173558950424
"rs141785308",-0.0184374116361141
"rs6499271",0.0605931580066681
"rs62047973",-0.0993558764457703
"rs62047974",-0.099285863339901
"rs62047975",-0.0993053838610649
"rs55966873",-0.0993589460849762
"rs113590437",-0.0376744791865349
"rs55929336",-0.0993601605296135
"rs9931023",0.0609274916350842
"rs11645161",-0.0991025343537331
"rs1362790",-0.0991237238049507
"rs12925360",0.0613644495606422
"rs56368640",-0.099369615316391
"rs12930444",0.0602381639182568
"rs12931052",0.0601324252784252
"rs55890714",-0.0994733199477196
"rs116913734",-0.0368603207170963
"rs11645760",-0.0997441112995148
"rs55887325",-0.0997672379016876
"rs11647604",-0.0998021587729454
"rs11647302",-0.0998129472136497
"rs62047981",-0.0998221561312675
"rs113897652",-0.0998347029089928
"rs17374115",-0.0998348444700241
"rs17374136",-0.0997345820069313
"rs56243913",-0.0998178869485855
"rs1981777",-0.0617742016911507
"rs1981778",-0.063785046339035
"rs12920505",-0.0642195269465446
"rs9922061",-0.0276745725423098
"rs11075750",0.0249317288398743
"rs8054629",0.0199284423142672
"rs8049859",0.0118634942919016
"rs8050063",0.0101262535899878
"rs62047982",0.0173390507698059
"rs12596812",0.023815019056201
"rs142929642",-0.0282103680074215
"rs12149668",0.0441843308508396
"rs28816203",-0.0840866267681122
"rs8062366",0.00992952100932598
"rs56088754",0.0747444853186607
"rs145584637",-0.0206446871161461
"rs118158129",-0.0129514466971159
"rs34660456",0.120880477130413
"rs11865376",0.0555870644748211
"rs113301402",-0.0172789245843887
"rs11864676",0.0735783725976944
"rs139526350",-0.0287062488496304
"rs59924446",0.0554058775305748
"rs62047986",-0.0142604121938348
"rs62047987",0.0804049745202065
"rs73590888",-0.0173575188964605
"rs116470308",0.0696343034505844
"rs73590892",0.0689368024468422
"rs11075755",0.0614090599119663
"rs11075756",0.0614131838083267
"rs73590897",-0.0172096900641918
"rs11075757",0.068839319050312
"rs73590901",-0.0171962268650532
"rs117216872",-0.0360904224216938
"rs75866289",-0.00356488628312945
"rs73592903",-0.0171829890459776
"rs62047988",0.0575370863080025
"rs12597502",0.075666531920433
"rs58939335",-0.0172520130872726
"rs73592907",-0.0172543283551931
"rs67673290",0.0717196017503738
"rs73599535",-0.0172542259097099
"rs62047989",0.0607592761516571
"rs62047990",0.0685036554932594
"rs17302113",0.0795450657606125
"rs144147166",0.00250197015702724
"rs1421067",0.068336047232151
"rs16952022",-0.0174222234636545
"rs8055523",0.0754752606153488
"rs8057569",0.0756219699978828
"rs6499308",0.0476228147745132
"rs62047991",0.0755851566791534
"rs1080313",0.0569893196225166
"rs73599542",-0.0172645971179008
"rs137936912",-0.0207148548215628
"rs188303529",0.0130963455885649
"rs7186520",0.0607575140893459
"rs139955210",-0.0296385139226913
"rs61085431",-0.0172196701169014
"rs60901925",0.0475752279162407
"rs138275204",-0.0267117079347372
"rs8053357",0.0681824535131454
"rs117290663",-0.0296237915754318
"rs8059141",0.0717112645506859
"rs11075761",-0.0279064550995827
"rs73599555",-0.0172196701169014
"rs11859517",0.0792585015296936
"rs73599557",0.0717103630304337
"rs74416819",0.0054961540736258
"rs67499551",0.0792709365487099
"rs8061582",0.071609765291214
"rs8055410",0.0797460377216339
"rs8057285",0.079407311975956
"rs6499311",0.071704588830471
"rs73599567",-0.0172196701169014
"rs73599568",-0.0172196701169014
"rs7350877",-0.0279262382537127
"rs113729327",0.0798963308334351
"rs62048015",0.0475589334964752
"rs73599571",-0.0172226503491402
"rs12149129",0.0792610347270966
"rs62048016",0.0794432312250137
"rs142513666",-0.0295703615993261
"rs60593136",-0.0172198731452227
"rs7201808",0.0474539026618004
"rs10468261",0.0257919896394014
"rs79358254",-0.0216844864189625
"rs73599575",-0.0172198731452227
"rs7203398",0.0740096792578697
"rs61740287",-0.0172198731452227
"rs12597487",0.0792449787259102
"rs7204230",0.0716963484883308
"rs35712682",0.0475670285522938
"rs62048018",0.0794014260172844
"rs2042027",-0.0279249828308821
"rs111443362",0.0054517388343811
"rs73599583",-0.0172199029475451
"rs7188313",0.0716946348547935
"rs62048020",0.0793985798954964
"rs12599521",0.0793985053896904
"rs7201074",-0.0172199029475451
"rs2042028",0.0793927907943726
"rs1072684",-0.0172249991446733
"rs1960032",-0.0172199029475451
"rs62048022",0.079251691699028
"rs1421068",0.0474887639284134
"rs1421069",0.0475616045296192
"rs60951033",-0.0172249991446733
"rs59863399",0.071681335568428
"rs112330212",-0.0151225598528981
"rs16952044",0.0716123580932617
"rs77326398",-0.0172249991446733
"rs16952045",0.0716739520430565
"rs62048023",0.0792410373687744
"rs189673260",-0.0213355887681246
"rs113161932",-0.0172291286289692
"rs62048024",0.0792410373687744
"rs1549042",0.0474517643451691
"rs17302609",0.0794357731938362
"rs116956344",-0.0155105413869023
"rs7195323",0.07924535125494
"rs7191003",0.07943195104599
"rs7196485",0.079418271780014
"rs78191934",0.00551973050460219
"rs145725135",0.10954325646162
"rs62048025",0.0716883912682533
"rs62048027",0.0792473554611206
"rs12149462",0.071689248085022
"rs12149287",0.071689248085022
"rs12931541",-0.0278985016047955
"rs7196757",0.0715639144182205
"rs7202653",0.0792450830340385
"rs12596395",0.0475626401603222
"rs34078613",-0.0280341804027557
"rs34171932",-0.0280134882777929
"rs113827218",-0.0172291286289692
"rs149461022",-0.0285656191408634
"rs8047327",0.0792428702116013
"rs112942929",-0.0172249991446733
"rs140402174",-0.0162688661366701
"rs73601534",-0.0172249991446733
"rs147414367",-0.028603620827198
"rs2160796",0.0716907605528831
"rs62048028",0.0794196203351021
"rs34880746",-0.0278913918882608
"rs17302672",0.0792450532317162
"rs62048029",0.0715591758489609
"rs12598925",0.071564145386219
"rs16952050",-0.0172249991446733
"rs75563648",-0.0171955581754446
"rs12596062",0.0792408660054207
"rs17302707",0.0792450532317162
"rs35773022",-0.0279153995215893
"rs112514552",-0.0172249991446733
"rs75601185",-0.0172249991446733
"rs28721554",0.073049433529377
"rs112793706",-0.0172249991446733
"rs7500063",0.0715489163994789
"rs2388011",0.0475660860538483
"rs8059879",0.0715646967291832
"rs62048030",0.0716973394155502
"rs62048031",0.0792503207921982
"rs62048032",0.0792694613337517
"rs11863925",0.0792503207921982
"rs73607734",-0.0172199029475451
"rs111613234",0.0794370174407959
"rs11863502",0.0715772360563278
"rs6499332",0.0716912820935249
"rs117764566",-0.0303986258804798
"rs72797684",0.0796032920479774
"rs113893143",-0.0172249991446733
"rs62048034",0.0716924443840981
"rs142865085",-0.0296576116234064
"rs1421070",0.0715694203972816
"rs66559239",0.0716925486922264
"rs11859591",-0.0794243961572647
"rs9673875",0.0792331248521805
"rs111295736",-0.0172202847898006
"rs75186625",-0.0181750245392323
"rs58988553",0.0792420208454132
"rs141901809",-0.0207513086497784
"rs117490178",-0.0013003246858716
"rs60018373",-0.0278680473566055
"rs12932218",0.112778089940548
"rs113343620",-0.0147091429680586
"rs8062703",-0.02971525862813
"rs7205763",0.0792423114180565
"rs73607754",-0.0264348927885294
"rs73607756",-0.0172249991446733
"rs73607757",-0.0172249991446733
"rs12596712",0.0715585649013519
"rs2388012",0.0263830572366714
"rs62048045",0.0794079378247261
"rs62048046",0.0789057090878487
"rs2892423",0.0792279914021492
"rs2388013",0.0791361853480339
"rs118041912",0.116054601967335
"rs113098322",-0.0173461027443409
"rs8046380",0.0792283713817596
"rs62048047",0.0794028118252754
"rs35925303",-0.0279906075447798
"rs12599839",0.0717527195811272
"rs12599389",0.0792287662625313
"rs11075782",0.0792563334107399
"rs4784298",0.047404482960701
"rs11075783",0.0790490210056305
"rs8062228",0.0792544409632683
"rs8043899",0.0336626581847668
"rs8053429",0.07170220464468
"rs73607782",-0.0178278647363186
"rs11861565",0.0715826898813248
"rs56071638",0.0475930273532867
"rs150909470",-0.0263189319521189
"rs139887030",-0.0185679718852043
"rs11075788",0.0476905666291714
"rs17394050",0.0792544707655907
"rs62048048",0.0794395133852959
"rs67384393",0.0792333036661148
"rs62048049",-0.0433239117264748
"rs10521279",0.0713673532009125
"rs62048050",0.0714565217494965
"rs73597657",-0.0179389379918575
"rs62048051",0.079395204782486
"rs62048052",0.0784762650728226
"rs62048053",0.0714618042111397
"rs62048054",0.0792546048760414
"rs187081499",-0.0163313411176205
"rs72797701",0.0713525041937828
"rs8053957",0.0792482644319534
"rs62048055",0.0792321711778641
"rs62048056",0.0715800300240517
"rs62048057",0.0714574754238129
"rs62048058",0.0792321711778641
"rs12599467",0.0714468657970428
"rs144416712",-0.0176901910454035
"rs62048059",0.0794424563646317
"rs73597672",-0.0178560335189104
"rs1549041",0.0473625361919403
"rs76000005",-0.0178431216627359
"rs34831901",-0.0278770979493856
"rs76049132",-0.0178431216627359
"rs73597675",-0.0178431216627359
"rs1984470",0.0479096472263336
"rs73597678",-0.0178431216627359
"rs56873583",-0.0178431216627359
"rs8050978",0.0713566094636917
"rs59490761",0.0713625252246857
"rs113493623",-0.0178500115871429
"rs7202940",-0.0178531929850578
"rs58474046",0.0713586807250977
"rs62049763",0.0795821100473404
"rs12596346",0.0794215351343155
"rs16952091",-0.0279782917350531
"rs16952093",0.0713852047920227
"rs111532765",0.0714500993490219
"rs12597253",0.0792359784245491
"rs80307327",-0.0178148522973061
"rs117154435",-0.0202100891619921
"rs73597702",-0.017926000058651
"rs73599604",-0.0178430564701557
"rs62049764",0.0792362466454506
"rs12599784",0.0713311061263084
"rs11860987",0.0475054979324341
"rs8063621",-0.017513133585453
"rs35198193",-0.027869114652276
"rs62049765",-0.0278068166226149
"rs62049766",0.0793823599815369
"rs7189240",0.0792300552129745
"rs118144862",0.0124193215742707
"rs35543548",0.0472126081585884
"rs12597254",0.0792242512106895
"rs8056314",-0.0178531929850578
"rs8061611",0.0794210359454155
"rs66908435",-0.0132778380066156
"rs73599622",-0.0170446131378412
"rs73599623",-0.0178517531603575
"rs62049768",0.0796122029423714
"rs57723288",-0.0179612822830677
"rs2110843",0.0474076345562935
"rs73599629",-0.0178430564701557
"rs62049769",0.0795500203967094
"rs9930191",0.011161177419126
"rs73599633",-0.0179207660257816
"rs73599637",-0.0178430564701557
"rs7189455",0.0716595053672791
"rs117485590",-0.0134322084486485
"rs73599646",-0.0178386699408293
"rs73599649",-0.0178360603749752
"rs8049913",0.0716909393668175
"rs73599651",-0.019045127555728
"rs12917689",-0.028173940256238
"rs59160806",0.0794793516397476
"rs62049771",0.0796902254223824
"rs73599656",-0.0177854374051094
"rs113735639",-0.0178618524223566
"rs17303177",0.0796899348497391
"rs62049772",0.0718414112925529
"rs72799616",-0.0309547036886215
"rs1558681",0.0473766811192036
"rs62049780",0.0795841962099075
"rs73599663",-0.0177968498319387
"rs4783807",0.0475235022604465
"rs8045170",0.079584963619709
"rs62049781",0.0718376338481903
"rs34211310",-0.0283200889825821
"rs34984764",-0.0283147022128105
"rs8052283",0.0720841288566589
"rs147518705",0.116104319691658
"rs1558682",0.0795608684420586
"rs141928886",0.0148483980447054
"rs1477027",0.0717573091387749
"rs73599675",-0.017988745123148
"rs139944524",-0.00224069412797689
"rs34855537",-0.0556265972554684
"rs77293834",-0.0285861399024725
"rs1345338",0.072088398039341
"rs8060391",0.026401748880744
"rs113472083",-0.0159554667770863
"rs7191436",0.07205830514431
"rs57536424",0.079502061009407
"rs141673756",-0.0219707489013672
"rs6499510",0.0720503553748131
"rs73599689",-0.0177869442850351
"rs73599690",-0.0179148018360138
"rs73599693",-0.0177870634943247
"rs150538769",-0.0052414545789361
"rs11644773",-0.0470709055662155
"rs2216069",0.0474255234003067
"rs1362440",0.0793445110321045
"rs73601655",-0.0177869442850351
"rs8052956",0.0717611536383629
"rs8053150",0.0795209258794785
"rs2216070",-0.0177911147475243
"rs7201867",0.0795926600694656
"rs12934164",0.105572246015072
"rs118051392",-0.00813411921262741
"rs8051655",0.0796954855322838
"rs1420306",-0.0555938221514225
"rs12597624",0.0795979201793671
"rs72799625",-0.0469286516308784
"rs62049782",0.0717741847038269
"rs62049783",0.0717626661062241
"rs8057194",-0.0355274640023708
"rs73601672",-0.0178119465708733
"rs12598372",0.0795198976993561
"rs8043931",0.0717626735568047
"rs8063439",0.0269085094332695
"rs17394498",0.0794862434267998
"rs16952119",-0.0177860986441374
"rs12933421",0.0477207042276859
"rs73601686",-0.0177866015583277
"rs73601687",-0.0177860986441374
"rs73601690",-0.017807537689805
"rs58761191",0.0663915202021599
"rs72799627",-0.0463879704475403
"rs58129395",0.0663504600524902
"rs144668072",-0.0239266846328974
"rs73601697",-0.0177906453609467
"rs111356737",-0.0177866015583277
"rs144618933",0.115908369421959
"rs73601699",-0.0177865922451019
"rs186046200",-0.0166895557194948
"rs61747627",0.0133443148806691
"rs57281432",0.0661748275160789
"rs72799631",-0.0126582141965628
"rs2058674",0.0745184421539307
"rs73603606",-0.017805652692914
"rs59212797",0.0741430371999741
"rs73603610",-0.0178121048957109
"rs60771121",0.0663940086960793
"rs111972757",-0.0178078785538673
"rs4784300",-0.0281537398695946
"rs113894622",-0.0178075432777405
"rs12598721",0.0660213381052017
"rs113125911",-0.0178075525909662
"rs112324201",0.074120357632637
"rs4332741",0.0740277022123337
"rs147738005",-0.0213307570666075
"rs112420176",0.0755838081240654
"rs7194949",0.0661991387605667
"rs7195476",0.0741489306092262
"rs60728693",-0.0177764967083931
"rs142533797",-0.00464390916749835
"rs113693560",-0.0179138332605362
"rs138730219",-0.030429232865572
"rs8058720",0.0414268486201763
"rs73600044",-0.01776341535151
"rs73600045",-0.0177459251135588
"rs34703427",-0.0281551368534565
"rs73600048",-0.01776341535151
"rs72799635",-0.0362229347229004
"rs12598049",0.078064814209938
"rs17303428",0.0795716047286987
"rs61046757",-0.0279690194875002
"rs62049787",0.0875314623117447
"rs73600059",-0.0183140970766544
"rs2041790",0.0794936940073967
"rs2041791",0.0794361680746078
"rs8057932",0.0795011073350906
"rs8056394",0.0794962719082832
"rs117473949",-0.0191622190177441
"rs11864306",0.0795221701264381
"rs73600069",-0.0177548602223396
"rs72799639",-0.0287366826087236
"rs113862798",-0.0177418831735849
"rs3815548",0.0475984252989292
"rs2287077",0.0717999935150146
"rs8053033",0.0716342926025391
"rs73600080",-0.0177386924624443
"rs11075899",0.0796527341008186
"rs34841283",-0.0284298583865166
"rs113145551",-0.0156737957149744
"rs10852504",0.0796921327710152
"rs6499536",0.0717695727944374
"rs6499537",0.0472295396029949
"rs8049550",0.0720538944005966
"rs149775453",0.0133978268131614
"rs8044969",0.0717628076672554
"rs143244358",-0.0222728848457336
"rs73606085",-0.01780547760427
"rs111643384",-0.0177609045058489
"rs1894903",0.0795225501060486
"rs1894904",0.0717854872345924
"rs2287078",0.071665458381176
"rs7188463",0.079522430896759
"rs12149692",0.0744904205203056
"rs113005660",-0.0169698763638735
"rs73606093",-0.0177375674247742
"rs8057688",0.0716488435864449
"rs16952141",0.0717894807457924
"rs12918047",-0.0569778569042683
"rs4784301",-0.0284520611166954
"rs11865438",0.0794352665543556
"rs117687431",-0.0284049492329359
"rs11865886",0.0793574899435043
"rs3760009",-0.0177694726735353
"rs72799644",-0.0464531145989895
"rs1133261",0.0717727541923523
"rs1133262",0.0795028805732727
"rs12596211",0.0716819614171982
"rs79217185",-0.0177527964115143
"rs2287079",-0.0567220896482468
"rs11865052",0.0717522874474525
"rs112190931",0.0715566873550415
"rs62049791",0.0717111229896545
"rs6499543",0.0718778371810913
"rs12927940",-0.0281508751213551
"rs12599927",-0.0177576523274183
"rs55808756",-0.0284264273941517
"rs12599957",0.0473527982831001
"rs12149749",0.0717264041304588
"rs113881053",-0.0177384242415428
"rs4784302",-0.0281659364700317
"rs73608007",-0.0177340283989906
"rs8050349",0.0809016078710556
"rs138763095",-0.0264769271016121
"rs3760010",0.0484279543161392
"rs61355582",-0.0177627746015787
"rs60353186",-0.0177643429487944
"rs55893810",-0.0304643362760544
"rs7203402",0.0812085270881653
"rs6499548",0.00953557621687651
"rs61747411",-0.0324366949498653
"rs6499550",0.0732164084911346
"rs12596466",0.0812002494931221
"rs12599349",0.0809930339455605
"rs34136065",0.0483913198113441
"rs8053198",0.0810433775186539
"rs8058093",0.0795359089970589
"rs34081965",-0.0282120201736689
"rs9788952",-0.0282625965774059
"rs7200870",0.00953737739473581
"rs9788792",-0.028263172134757
"rs9788811",-0.0282531678676605
"rs12598505",0.0796905159950256
"rs62049808",0.0794671252369881
"rs58611863",0.0717442482709885
"rs62049810",0.0796123892068863
"rs8055218",0.0717463940382004
"rs3803658",0.0794957056641579
"rs12596829",0.0715950205922127
"rs12599823",0.0793245285749435
"rs57446624",-0.0177525244653225
"rs2892458",0.0472563579678535
"rs73608030",-0.0177385341376066
"rs73608032",-0.0177390594035387
"rs112417292",-0.0177390594035387
"rs4784303",-0.0282853599637747
"rs1109646",0.0795379877090454
"rs4783808",0.0473996959626675
"rs138236038",-0.0177392214536667
"rs113276536",-0.0177392214536667
"rs8048169",0.0717785432934761
"rs16952168",0.0717461705207825
"rs73612160",-0.0177399758249521
"rs8063660",0.0795204341411591
"rs75055279",-0.01773920096457
"rs16952170",0.0717238038778305
"rs112353152",-0.0177380237728357
"rs12596238",0.0716594085097313
"rs11075915",0.00971507281064987
"rs148877294",-0.0469508171081543
"rs138160867",-0.0192624982446432
"rs148093417",-0.0192691721022129
"rs3743771",0.0790578871965408
"rs113575646",-0.0304469019174576
"rs16952172",-0.0130831319838762
"rs16945073",-0.0284036435186863
"rs60331838",-0.017698971554637
"rs117481636",0.0836389809846878
"rs73612170",-0.0177123434841633
"rs73612174",-0.0177087225019932
"rs73612176",-0.0177087225019932
"rs35413430",-0.0208304319530725
"rs7203056",0.0517078712582588
"rs7191257",0.0469649732112885
"rs9932777",0.00943942088633776
"rs7197925",0.0790456309914589
"rs12149842",0.0793572440743446
"rs113191752",0.0793835371732712
"rs62049814",0.079513780772686
"rs11859353",0.0792706161737442
"rs4784304",0.0472616255283356
"rs4783809",0.0471618361771107
"rs139925696",0.00346371484920382
"rs11075923",0.071660116314888
"rs12596696",0.0784471184015274
"rs12596226",0.0785769149661064
"rs12596717",0.0707900151610374
"rs79876538",-0.0284207239747047
"rs7190578",-0.0177339762449265
"rs7190909",0.0716539919376373
"rs7195809",-0.0177229847759008
"rs73612197",-0.0177330505102873
"rs12925395",-0.0284782666712999
"rs56761731",-0.018095925450325
"rs57573613",-0.0181107502430677
"rs62049818",0.0793116614222527
"rs12933685",-0.0284065883606672
"rs62049819",0.0715507492423058
"rs12185172",-0.0130360778421164
"rs7187151",0.0716647058725357
"rs7186454",-0.0180625300854445
"rs8051675",0.0793427899479866
"rs73614210",-0.0180823244154453
"rs111332032",-0.0180236455053091
"rs2892439",0.0782879516482353
"rs12596084",0.0782164260745049
"rs12598179",0.078479528427124
"rs8062982",0.0535438768565655
"rs60385825",0.0816717743873596
"rs1362439",0.0187890008091927
"rs68133179",-0.0282073877751827
"rs11860535",0.0815640315413475
"rs34969241",-0.0273974351584911
"rs2080364",-0.0879285633563995
"rs3095570",-0.0239464584738016
"rs4456500",-0.0499699898064137
"rs3095573",0.0234693586826324
"rs8051064",-0.00415414338931441
"rs75649781",-0.00486534927040339
"rs12917682",0.0631095990538597
"rs2908781",-0.00675866613164544
"rs28828816",-0.011360039934516
"rs2908782",-0.00667757261544466
"rs58213265",-0.0128174507990479
"rs9923758",-0.00878223776817322
"rs9745378",-0.0215390902012587
"rs9746166",-0.0238624438643456
"rs28818598",-0.0126378461718559
"rs8047647",-0.0239615142345428
"rs8048203",0.0615691654384136
"rs144610533",-0.0249528400599957
"rs28793947",0.0494424365460873
"rs8059534",-0.00820805132389069
"rs141923839",0.00255857827141881
"rs142421786",-0.015884343534708
"rs139343684",-0.023906983435154
"rs72799663",-0.0433048084378242
"rs148040630",-0.0159311201423407
"rs9927795",-0.00809375755488873
"rs76154850",-0.00781902950257063
"rs2110833",-0.00873918086290359
"rs2110842",0.0134640783071518
"rs147295506",0.000449241604655981
"rs7205101",0.0416331849992275
"rs4784305",0.0601456090807915
"rs4784306",0.0624882206320763
"rs6499571",0.0598527193069458
"rs111308794",-0.0192020963877439
"rs13336551",0.0604511015117168
"rs13336587",0.0604396834969521
"rs2908783",-0.00906046945601702
"rs1122779",0.0601917542517185
"rs117401437",-0.0178774241358042
"rs13334431",-0.0119464555755258
"rs1833202",0.0407497510313988
"rs1833203",0.0102229798212647
"rs11640911",0.0498138293623924
"rs55864849",-0.0329985469579697
"rs2908780",0.0535098575055599
"rs2908779",0.0265402663499117
"rs72799668",-0.0251285750418901
"rs3095569",-0.0110624926164746
"rs142019380",-0.0220019090920687
"rs2908784",0.0167097356170416
"rs1833200",0.0716324001550674
"rs1833204",0.0329377613961697
"rs12444291",0.0708926618099213
"rs28668746",-0.0218336042016745
"rs1833205",-0.032813236117363
"rs113744260",-0.0222961865365505
"rs2908778",0.018752284348011
"rs1833206",0.0185875631868839
"rs2003382",-0.0402250960469246
"rs56729071",-0.0232871640473604
"rs11649252",0.00710208062082529
"rs2908777",0.0196043979376554
"rs72799675",-0.0242765229195356
"rs1833207",-0.0363790206611156
"rs55782934",-0.0108226258307695
"rs79809904",-0.0217408426105976
"rs11860669",-0.0109576834365726
"rs10775327",0.0136249335482717
"rs118015239",-0.00919837690889835
"rs192065611",-0.0209319498389959
"rs13333142",-0.00684583419933915
"rs72799677",-0.00170664675533772
"rs2041792",-0.0467415004968643
"rs2908786",0.0108024347573519
"rs146950247",-0.000678904354572296
"rs117016381",-0.0153343351557851
"rs147230589",-0.0203999616205692
"rs2908776",0.00897055678069592
"rs16952195",-0.0193140543997288
"rs2908787",0.0096877571195364
"rs76882697",-0.00716797821223736
"rs2160302",0.0100407423451543
"rs7187949",0.0676172152161598
"rs144397031",0.0130321569740772
"rs146647503",-0.00382391270250082
"rs2041793",0.0109627256169915
"rs2041794",0.0117321601137519
"rs2908788",0.00798692367970943
"rs12448018",0.0634443461894989
"rs9930574",-0.00654811644926667
"rs2908790",-0.0446894317865372
"rs2908791",0.00874041300266981
"rs9922011",0.00867383368313313
"rs9935259",-0.00723518803715706
"rs2908792",-0.0497352220118046
"rs2908793",0.00980713218450546
"rs11640533",-0.0462395027279854
"rs34760592",0.0678731128573418
"rs78777226",-0.00701516401022673
"rs2908794",0.00896280445158482
"rs11861660",0.062500387430191
"rs13332969",-0.00715720001608133
"rs12930428",0.0626221746206284
"rs11866342",-0.0107918493449688
"rs11862250",-0.0445474311709404
"rs9930556",-0.00726371025666595
"rs12051218",0.0628083944320679
"rs187702012",0.0224619172513485
"rs9931623",-0.00717388233169913
"rs12598218",0.0675491541624069
"rs12708934",0.0093782301992178
"rs138086239",-0.02371921017766
"rs12051480",0.0566241294145584
"rs3095574",0.00940233934670687
"rs2908795",0.00452770059928298
"rs35332094",0.0674673989415169
"rs12596606",0.0564405284821987
"rs13331807",-0.00722123729065061
"rs117419798",-0.0175524987280369
"rs61706777",0.0628600493073463
"rs7196647",0.00922717805951834
"rs113555064",-0.00781883578747511
"rs9940833",-0.00751922093331814
"rs9940834",-0.00758007727563381
"rs55689649",-0.0170013085007668
"rs72799689",-0.0246517602354288
"rs12597852",0.062740683555603
"rs78394785",-0.00703688710927963
"rs1344494",-0.033804003149271
"rs6499586",0.0237342473119497
"rs72799690",-0.0243012420833111
"rs2908796",-0.0464367419481277
"rs113418388",-0.0238877329975367
"rs3095575",-0.0469877272844315
"rs113522497",-0.0108391074463725
"rs28635118",-0.0272982344031334
"rs28637800",-0.0273000728338957
"rs1362428",0.0105736209079623
"rs1990634",-0.0355794355273247
"rs117515728",-0.0220114272087812
"rs139921804",0.0130989365279675
"rs34425733",0.0269040614366531
"rs28479703",-0.00946494098752737
"rs9930325",0.0732041746377945
"rs11866060",-0.00988227967172861
"rs8045574",-0.0097862808033824
"rs12444248",0.0788891389966011
"rs11860876",-0.00984976440668106
"rs62048479",-0.0100983185693622
"rs28671196",-0.00990009028464556
"rs11859135",-0.00992865860462189
"rs3095568",0.016413738951087
"rs4784308",-0.00813199579715729
"rs35346613",-0.00824155751615763
"rs117679676",-0.0145878624171019
"rs113834973",0.0645632818341255
"rs2388117",-0.00825598370283842
"rs62048485",-0.0082515049725771
"rs72801805",0.0539743043482304
"rs9924562",-0.00822171755135059
"rs74525918",0.0156887248158455
"rs28415605",-0.00818487070500851
"rs2160290",-0.00821755919605494
"rs117346580",0.0167798921465874
"rs117724880",-0.00567876780405641
"rs35487301",0.0537931472063065
"rs7193080",-0.00787379872053862
"rs62048488",0.0124302599579096
"rs13334012",-0.0078076315112412
"rs150064478",-0.0279007945209742
"rs142057088",0.0165367033332586
"rs185109436",-0.0108129205182195
"rs146947523",0.00741789164021611
"rs62048489",-0.0261598974466324
"rs112494684",-0.0613189488649368
"rs7189233",-0.0613159686326981
"rs62048490",-0.0559317469596863
"rs62048491",-0.0559203587472439
"rs13336335",-0.00796274840831757
"rs7196573",0.0261772871017456
"rs139409433",0.0125205852091312
"rs6499609",-0.0558647252619267
"rs7199018",-0.0079434085637331
"rs117857845",0.116772659122944
"rs118012479",-0.0235674139112234
