"SNP","rs62053943"
"rs8073475",-0.0362514555454254
"rs9907151",-0.0686710029840469
"rs77416189",-0.0296726394444704
"rs8079488",0.0603848993778229
"rs182203605",0.073351077735424
"rs111574702",-0.00461491011083126
"rs6503397",0.0686743855476379
"rs8069752",0.0686918199062347
"rs12602991",0.06021349132061
"rs9635716",0.0602138973772526
"rs77266579",0.0564040988683701
"rs6416902",0.0687429681420326
"rs10514858",0.0121606830507517
"rs71373515",-0.0176114216446877
"rs17627401",-0.0555704981088638
"rs3897489",0.0600239522755146
"rs12450654",0.0938056111335754
"rs188457777",-0.0227098390460014
"rs78029716",0.0603493191301823
"rs117391590",-0.0321407504379749
"rs11079295",0.0935481414198875
"rs8079825",-0.0474356226623058
"rs4793140",0.0935385152697563
"rs17627539",-0.0240542534738779
"rs75502650",-0.0468649566173553
"rs78724432",-0.0245865806937218
"rs72826848",-0.0661864504218102
"rs11871583",0.0611176118254662
"rs12937258",0.0741023197770119
"rs7224423",-0.0466971136629581
"rs111663580",-0.0368786044418812
"rs80228697",-0.0351960696280003
"rs146973648",-0.0154779860749841
"rs58691104",-0.067230150103569
"rs11652840",-0.0436995439231396
"rs148589938",-0.00923196692019701
"rs55693921",-0.0325287878513336
"rs55641946",-0.0369944460690022
"rs117058668",0.0552738979458809
"rs111743741",-0.0678929388523102
"rs112750668",0.0553559362888336
"rs9902879",-0.0751930847764015
"rs112203204",-0.0353621244430542
"rs6503398",-0.0725303962826729
"rs112801668",-0.0370007790625095
"rs145199177",-0.0525718629360199
"rs138260587",0.00740490341559052
"rs113560663",-0.0353651754558086
"rs149653187",-0.0247656628489494
"rs575239225",-0.0225760508328676
"rs77078977",-0.0455682501196861
"rs145430433",-0.0314916335046291
"rs142753711",-0.0320738144218922
"rs113084191",-0.0678996220231056
"rs11869321",-0.0678155198693275
"rs78613059",0.0053096991032362
"rs111377638",-0.0210766829550266
"rs77034373",0.159661278128624
"rs115803922",0.00969274993985891
"rs61749923",-0.0455734841525555
"rs144171709",0.00578387547284365
"rs11657247",0.0552681609988213
"rs34159181",-0.0182629618793726
"rs139948303",-0.0046855416148901
"rs8079243",0.0756908878684044
"rs7221796",-0.053543321788311
"rs72826852",-0.0667035803198814
"rs76308308",0.0548377074301243
"rs190044474",-0.0249396990984678
"rs57837781",0.075694352388382
"rs77512027",-0.0455642268061638
"rs145991919",0.00550605589523911
"rs111425960",-0.0370096750557423
"rs77646075",-0.0448682755231857
"rs112651803",-0.0849801078438759
"rs113501700",0.0548419170081615
"rs77307908",-0.0248418878763914
"rs79558295",-0.0302767362445593
"rs79456825",-0.0454236641526222
"rs74828610",-0.0850035175681114
"rs187666885",-0.0303252507001162
"rs6503399",-0.0759416073560715
"rs77420430",-0.0758513882756233
"rs2906781",0.0548629499971867
"rs77817246",-0.0758548304438591
"rs117755952",0.00501210568472743
"rs2960054",0.000607563648372889
"rs6503400",-0.0681973323225975
"rs117675910",-0.0163546968251467
"rs78499376",-0.0370154567062855
"rs2906782",0.0548774637281895
"rs2906783",-0.0756426677107811
"rs532340799",0.0637722611427307
"rs2960055",0.0545724183320999
"rs16970944",-0.0455586053431034
"rs17682536",0.0151468385010958
"rs34139297",0.054996557533741
"rs2337850",0.000446442048996687
"rs1859857",0.0550216510891914
"rs187907713",-0.0248634982854128
"rs58906298",-0.0448523238301277
"rs11869381",-0.0681809410452843
"rs116850893",-0.00991951022297144
"rs2906778",-0.0754624530673027
"rs11870875",-0.0682034492492676
"rs149972833",0.00532099744305015
"rs76934199",-0.0370458029210567
"rs112475732",-0.0682104676961899
"rs72826855",-0.0682308822870255
"rs80233240",-0.00996364653110504
"rs16970956",-0.0681436583399773
"rs1814237",0.00969554483890533
"rs1808244",-0.0682329908013344
"rs4545869",-0.0682555660605431
"rs17682628",-0.0370354950428009
"rs75232460",0.00969016645103693
"rs17682664",-0.0370353348553181
"rs147486581",-0.0099759241566062
"rs17744970",-0.0373176112771034
"rs17682735",-0.0370402634143829
"rs62066007",0.0802058577537537
"rs62066008",-0.0114076873287559
"rs150926902",-0.040251862257719
"rs9894486",0.0447012931108475
"rs72826861",-0.0309873428195715
"rs6503401",0.0520981848239899
"rs6503402",0.00540501903742552
"rs2214982",0.0796165615320206
"rs9893320",-0.041441198438406
"rs9912745",0.0830333679914474
"rs186544350",-0.0281280633062124
"rs527541538",-0.0169776454567909
"rs76113315",-0.0182279832661152
"rs11554258",-0.0371244437992573
"rs3744477",-0.00414309790357947
"rs58840071",-0.0475123301148415
"rs4793145",-0.0571932047605515
"rs4369727",-0.0448239929974079
"rs2337848",-0.0414253585040569
"rs2337847",0.0332009419798851
"rs116729388",-0.0448133833706379
"rs77008693",-0.0685462355613708
"rs139453940",-0.0448150150477886
"rs553894772",-0.0341475605964661
"rs117185289",-0.068790502846241
"rs35818943",0.0817198008298874
"rs191274768",-0.0322050228714943
"rs34839354",-0.0455674901604652
"rs59010202",0.0797397345304489
"rs4426386",-0.0414222963154316
"rs3760382",-0.0414221212267876
"rs4793146",-0.0687084496021271
"rs11870991",-0.0665080919861794
"rs3764840",-0.0414202585816383
"rs143423803",0.00739329541102052
"rs12940906",-0.00212874030694366
"rs4793148",-0.0413417965173721
"rs11656065",-0.0513416565954685
"rs72826869",-0.0280444826930761
"rs727464",-0.0838230028748512
"rs149281998",-0.0331746786832809
"rs727465",0.0828131064772606
"rs192899867",-0.0148161454126239
"rs757591",0.0725596398115158
"rs142313238",0.0627339854836464
"rs137989701",0.00305401021614671
"rs17683047",0.0814917832612991
"rs16969079",-0.0453281700611115
"rs76207960",0.0133804548531771
"rs886845",-0.0411629788577557
"rs8070918",-0.0411636717617512
"rs58726064",0.0816831067204475
"rs55882072",-0.0817064344882965
"rs880295",-0.084458164870739
"rs68017435",-0.0232770889997482
"rs79592537",-0.0569712482392788
"rs4793149",0.0437490232288837
"rs72826870",-0.0648010075092316
"rs35318072",0.0435465760529041
"rs62066014",0.0435709208250046
"rs35936481",0.0436046607792377
"rs12942192",-0.0850322097539902
"rs1558083",0.0435930117964745
"rs1558084",-0.0550746656954288
"rs75588483",-0.0492052920162678
"rs4793150",0.0436368323862553
"rs4792955",0.0436041615903378
"rs4793151",0.07957673817873
"rs2072238",0.0436478666961193
"rs11650853",-0.0495050214231014
"rs55752145",-0.049469169229269
"rs1558085",0.0796613022685051
"rs1558086",0.0799752846360207
"rs8075210",0.0434434525668621
"rs2070603",0.0436714552342892
"rs2070604",0.0245410278439522
"rs2070605",0.0437322668731213
"rs62066016",0.0627455487847328
"rs12451011",0.0436418317258358
"rs12451016",0.043679054826498
"rs149265880",-0.00704348227009177
"rs2270030",0.043667484074831
"rs146701729",-0.028431661427021
"rs143360647",-4.06731851398945e-05
"rs35504352",0.0436499379575253
"rs16970986",0.0436649285256863
"rs9898964",0.0436478145420551
"rs8064331",-0.0799298584461212
"rs12949838",0.00452028820291162
"rs4043263",0.043066930025816
"rs34067422",-0.0856677815318108
"rs148297745",0.062378466129303
"rs78396635",-0.0498935803771019
"rs4793152",0.0795964896678925
"rs148404936",-0.0308128297328949
"rs12449543",0.0811421945691109
"rs76948384",-0.000861821696162224
"rs11867421",-0.0171177703887224
"rs78954500",0.0100988633930683
"rs116482507",-0.0406941547989845
"rs112815908",-0.0407703071832657
"rs72826882",-0.0135680325329304
"rs9748135",-0.0976631566882133
"rs78634288",-0.0634380578994751
"rs8064954",-0.0617236644029617
"rs78481593",-0.0696531757712364
"rs12185253",-0.0548841878771782
"rs142677110",-0.0889359042048454
"rs191898024",-0.0322651900351048
"rs141701295",0.00620992621406913
"rs12946209",-0.0605624616146088
"rs730818",0.123732164502144
"rs758020",-0.0604753904044628
"rs2014313",0.12385305762291
"rs181938980",-0.034566156566143
"rs4792956",0.123838379979134
"rs4792957",0.123828835785389
"rs118049286",0.169233560562134
"rs4793153",-0.0604844465851784
"rs7224712",-0.060440007597208
"rs73307236",-0.090592049062252
"rs8064669",-0.0604945383965969
"rs139532583",0.181269943714142
"rs11315",0.0684415251016617
"rs8082522",-0.0604894980788231
"rs8070598",-0.0605587661266327
"rs74252791",-0.0903778225183487
"rs2108393",0.114505916833878
"rs16971000",-0.0395645163953304
"rs76380929",0.0051904646679759
"rs41280084",-0.0296418126672506
"rs200418992",-0.0176618080586195
"rs1122109",0.114525161683559
"rs1003591",-0.0244564581662416
"rs17683692",-0.0579661019146442
"rs17745948",-0.058049701154232
"rs2337845",-0.0904577299952507
"rs4793154",-0.0244572330266237
"rs7224779",0.0457262583076954
"rs112132746",-0.039523895829916
"rs4793155",-0.090756468474865
"rs12452548",-0.0234271381050348
"rs2005731",-0.089731253683567
"rs77189254",-0.0903458669781685
"rs7218477",-0.0234424080699682
"rs76620487",0.0122140441089869
"rs111271177",-0.0395190976560116
"rs146458111",-0.0157152153551579
"rs10853007",0.114513948559761
"rs4793156",-0.0244184508919716
"rs113689844",-0.0395178236067295
"rs184910528",-0.016738161444664
"rs11079355",-0.0244450941681862
"rs113018610",-0.0903506428003311
"rs73307255",-0.0581241697072983
"rs4793157",-0.0242553520947695
"rs111641596",-0.0328354462981224
"rs75240846",-0.0903710499405861
"rs9909285",-0.0244694482535124
"rs117187583",-0.0163754224777222
"rs12942842",0.0459273681044579
"rs78105810",-0.0111075425520539
"rs9908455",0.111745931208134
"rs4793158",-0.0903806313872337
"rs35271426",0.111862659454346
"rs138778546",-0.0421052053570747
"rs147577293",-0.0582697428762913
"rs113882147",-0.0784396901726723
"rs113630349",-0.0581816844642162
"rs77941635",-0.0903947725892067
"rs1235076",0.111873507499695
"rs137912621",-0.0785414576530457
"rs528379113",-0.0323034860193729
"rs1231641",0.0768231227993965
"rs75081829",-0.032804686576128
"rs77558624",-0.0252440813928843
"rs62064503",0.111653223633766
"rs78811704",-0.090465322136879
"rs8066948",-0.0904675498604774
"rs392407",0.0265573970973492
"rs60408555",-0.0904675200581551
"rs140024480",-0.0152623197063804
"rs118035350",-0.0787240490317345
"rs78596606",-0.0328573547303677
"rs1236224",0.0425620600581169
"rs7217049",0.111930593848228
"rs2529533",0.0425986461341381
"rs141673444",-0.0905412957072258
"rs2586581",0.0427733846008778
"rs2529535",0.0427983291447163
"rs146158647",-0.0530180893838406
"rs2586579",0.104756958782673
"rs429248",0.109997503459454
"rs16971016",0.0360386744141579
"rs72826893",-0.0175402127206326
"rs17544947",-0.0924333781003952
"rs75239375",-0.0385842323303223
"rs4793161",-0.0259787980467081
"rs12946433",0.11274017393589
"rs117245901",-0.0314953252673149
"rs11871429",0.0239606499671936
"rs1867286",-0.0720917582511902
"rs8079731",-0.0548027791082859
"rs7213240",-0.110224634408951
"rs4793162",-0.110209174454212
"rs7213960",-0.0375875495374203
"rs9903380",0.0409421548247337
"rs6503404",-0.110191188752651
"rs75042717",-0.0766783133149147
"rs116386323",0.036340668797493
"rs10853009",-0.110531263053417
"rs9910475",0.0374397337436676
"rs12164",-0.112862020730972
"rs79451908",-0.0325824283063412
"rs139241229",-0.0217918381094933
"rs117584157",-0.0227581765502691
"rs79471287",-0.0504561141133308
"rs2231646",-0.00208710180595517
"rs2231646",0.0398945957422256
"rs2231647",-0.114119969308376
"rs2231648",-0.0377849563956261
"rs1071682",-0.0965574085712433
"rs2231650",-0.0209352914243937
"rs2304987",0.0234392061829567
"rs2304986",-0.114101730287075
"rs117979815",-0.0203382987529039
"rs56134215",-0.0378929898142815
"rs117345300",-0.0419938638806343
"rs2289673",-0.114335484802723
"rs73984100",-0.0899570062756538
"rs118150946",0.0104308519512415
"rs78620114",-0.0910426154732704
"rs8067689",-0.0766130834817886
"rs2289672",-0.0877192169427872
"rs16971033",0.115175768733025
"rs55889272",-0.0376950539648533
"rs6503405",-0.123203627765179
"rs58089352",0.0460634157061577
"rs2277615",-0.0919525697827339
"rs78206509",-0.0800341218709946
"rs8069296",-0.000409997534006834
"rs9900293",0.0506574511528015
"rs6503406",0.0505770184099674
"rs72826899",-0.0200015306472778
"rs9903106",-0.0816074311733246
"rs72826902",-0.0361013375222683
"rs144850005",0.0812621638178825
"rs9910260",-0.0318277701735497
"rs9912760",-0.0313244163990021
"rs142979165",-0.016500860452652
"rs17628000",-0.0788494944572449
"rs7224602",-0.0318330563604832
"rs113633016",-0.0816160440444946
"rs57404744",0.03704734146595
"rs75016201",-0.065530389547348
"rs75810445",-0.0377067439258099
"rs8077272",-0.0318467319011688
"rs8072901",-0.0318298973143101
"rs79042808",0.167982771992683
"rs77069755",-0.049119845032692
"rs1867287",-0.118299171328545
"rs11658874",-0.0318555757403374
"rs9895349",0.0503152683377266
"rs9899734",-0.0318740047514439
"rs9908369",-0.0816664025187492
"rs72828805",-0.0329641625285149
"rs17628058",-0.0913339406251907
"rs2120276",-0.118304319679737
"rs17628110",0.0313195995986462
"rs3785890",-0.118329413235188
"rs148740440",-0.0195722412317991
"rs12150008",-0.03768165782094
"rs7208122",-0.0318790189921856
"rs7212451",-0.031836211681366
"rs7216587",-0.0815655663609505
"rs34902223",0.0502970293164253
"rs75868785",-0.0913285538554192
"rs74482312",-0.0200588554143906
"rs9910936",-0.0318816863000393
"rs9915732",-0.0318816863000393
"rs71373521",0.0505216903984547
"rs17628255",-0.0200386140495539
"rs11654183",-0.031878050416708
"rs17545736",-0.0200429074466228
"rs16939653",-0.037705697119236
"rs7210874",-0.0313611328601837
"rs7214846",-0.0318924151360989
"rs28514285",-0.0911556407809258
"rs71373522",0.050526287406683
"rs2289674",-0.100476510822773
"rs7226037",-0.0816947221755981
"rs7211720",-0.0319537073373795
"rs1899649",-0.085626021027565
"rs7212041",-0.0319187752902508
"rs143420024",-0.0913691967725754
"rs74815784",-0.0913535133004189
"rs74415139",0.0410500802099705
"rs78394786",0.041452344506979
"rs190530977",-0.0343593545258045
"rs11652831",-0.0319207608699799
"rs117674962",0.0371128395199776
"rs9914884",0.0505284704267979
"rs11868767",-0.0319220162928104
"rs7213110",-0.0319225043058395
"rs78094864",-0.0200281888246536
"rs75096406",-0.0338848866522312
"rs17628363",-0.0200145728886127
"rs2289675",-0.0319227613508701
"rs2289676",-0.118607439100742
"rs3816275",0.050529882311821
"rs11079378",0.0505300052464008
"rs7223598",-0.0317431055009365
"rs74807403",-0.0200269557535648
"rs1443463",-0.118588894605637
"rs12602642",-0.0199612714350224
"rs114312108",-0.0378101356327534
"rs8081068",-0.118610799312592
"rs111343583",-0.0377793870866299
"rs72828807",-0.0809192955493927
"rs36120415",-0.0422451831400394
"rs12449897",-0.037739023566246
"rs12452911",-0.118607722222805
"rs112357792",-0.0816857367753983
"rs55782331",-0.0378219448029995
"rs2304988",-0.0487865395843983
"rs1561970",-0.0319411121308804
"rs2289677",-0.127414047718048
"rs1561967",-0.0319241248071194
"rs9915066",0.0505298525094986
"rs3803870",0.0405925288796425
"rs75343286",0.0371319502592087
"rs56908739",-0.0187982525676489
"rs79951802",-0.0376954860985279
"rs4239144",-0.118596725165844
"rs9896445",-0.0319249629974365
"rs150361587",0.0663336738944054
"rs67903128",-0.019096540287137
"rs7210042",-0.0319249369204044
"rs67419793",-0.0187326297163963
"rs8067833",-0.019081586971879
"rs34854300",0.0505283772945404
"rs6503407",-0.0319254547357559
"rs76096668",0.0189517941325903
"rs57527151",0.0361765213310719
"rs8073674",0.0505301654338837
"rs34741258",-0.0197206046432257
"rs9895197",-0.0371393300592899
"rs75707322",-0.085315503180027
"rs8069039",-0.0187710337340832
"rs71373525",-0.0776390358805656
"rs8069754",-0.123140290379524
"rs2878972",-0.123218081891537
"rs9908594",-0.0371605977416039
"rs9909048",0.043474655598402
"rs112235853",-0.037712350487709
"rs12947309",-0.0371613837778568
"rs199822608",-0.0161218326538801
"rs76829857",-0.019752960652113
"rs35653192",-0.0664567947387695
"rs8068761",-0.0371630527079105
"rs8080642",-0.0817320942878723
"rs11650246",-0.0424775741994381
"rs16939676",0.0434748642146587
"rs17628574",-0.0817311331629753
"rs2277617",-0.0860512033104897
"rs148582322",-0.0508134290575981
"rs2277616",-0.019405972212553
"rs28534461",-0.0818090438842773
"rs3809756",-0.122951745986938
"rs7222312",-0.0372435413300991
"rs74349463",-0.0818182826042175
"rs11079382",-0.0818639025092125
"rs12451394",-0.0992586240172386
"rs8079610",-0.0372443795204163
"rs8079308",-0.0372494384646416
"rs144369192",0.12739671766758
"rs9904512",-0.0593338906764984
"rs60238918",0.0302664209157228
"rs12937256",0.0432269312441349
"rs3826425",-0.0541713126003742
"rs3744473",-0.0372566431760788
"rs12222",-0.0372896045446396
"rs7049",-0.0196097623556852
"rs17027",-0.0372869148850441
"rs1042329",-0.0200031939893961
"rs3744470",0.0434594862163067
"rs72828813",-0.0350499451160431
"rs8067254",-0.0912341848015785
"rs11558961",-0.0372898429632187
"rs113487550",-0.0284143108874559
"rs11651396",-0.0372779481112957
"rs74378074",0.0302662942558527
"rs34637106",-0.0868920311331749
"rs9915329",-0.0466208644211292
"rs28688440",-0.081427089869976
"rs9901503",0.0434487760066986
"rs12941832",0.0431328266859055
"rs78994946",-0.0427767559885979
"rs9908084",-0.0819990858435631
"rs9916491",-0.0371729470789433
"rs2289679",-0.0373039804399014
"rs71373526",-0.0911417156457901
"rs8067029",-0.0193147379904985
"rs2289671",-0.0901391431689262
"rs1126642",-0.0415233001112938
"rs2289681",-0.0568531714379787
"rs112074706",-0.0821342691779137
"rs73307481",-0.0191729720681906
"rs116808905",0.0311810243874788
"rs145848626",0.0452497527003288
"rs3785891",-0.0806718096137047
"rs147404772",-0.0232266243547201
"rs3744468",-0.0193440858274698
"rs62065770",0.102126590907574
"rs59291670",0.0320770293474197
"rs17629022",-0.0821560695767403
"rs111979924",0.0302642546594143
"rs76566528",-0.0786900743842125
"rs2229011",0.00378018943592906
"rs2070935",-0.0737369284033775
"rs3760379",-0.0930240750312805
"rs117799910",0.176239386200905
"rs3760378",-0.0237006582319736
"rs72828815",-0.086784765124321
"rs116918258",-0.0307894814759493
"rs77529866",-0.0452562719583511
"rs17546654",-0.0988402366638184
"rs12453275",0.0534374676644802
"rs11869666",-0.0101142916828394
"rs55766047",-0.0585476607084274
"rs139680136",-0.0194756798446178
"rs150596607",0.0435901284217834
"rs7223466",-0.0243663247674704
"rs78605770",0.057274617254734
"rs731332",-0.00956421252340078
"rs9675174",-0.0240152589976788
"rs731333",-0.126314848661423
"rs79801908",-0.0446425043046474
"rs2017257",-0.0868002623319626
"rs76703202",-0.0240480601787567
"rs12150466",-0.0378468297421932
"rs74854014",-0.0976073816418648
"rs138727196",0.0579667203128338
"rs75208300",-0.0320058390498161
"rs80287044",0.00582008576020598
"rs76238604",-0.0979243144392967
"rs12150556",-0.0336295887827873
"rs12150314",-0.0498960986733437
"rs56238010",-0.0331048034131527
"rs16939730",0.0534650906920433
"rs17546752",0.0703234598040581
"rs112451082",-0.0231324732303619
"rs4793164",-0.030187115073204
"rs72828817",0.00567358452826738
"rs7214258",-0.00337425293400884
"rs141842046",-0.0474767312407494
"rs111305569",-0.0871891155838966
"rs193194380",-0.0226162914186716
"rs3169733",-0.0504805706441402
"rs114482270",0.0558747798204422
"rs9911406",0.0416218638420105
"rs9890538",0.0416203066706657
"rs61739617",-0.0376216992735863
"rs8079709",-0.0474851429462433
"rs35722758",-0.0671439692378044
"rs117503517",-0.0166875682771206
"rs117798487",0.0671660453081131
"rs9908100",-0.0339355729520321
"rs76771822",-0.0994513779878616
"rs74732746",-0.0474574901163578
"rs7218001",-0.0864894762635231
"rs17546822",-0.0373112037777901
"rs736866",-0.0972113311290741
"rs744281",-0.0969229862093925
"rs57250020",-0.0321609675884247
"rs9894373",-0.0321392081677914
"rs2005109",-0.11719960719347
"rs755547",-0.0862439125776291
"rs79680842",-0.0234002992510796
"rs77529772",-0.0373184345662594
"rs148792565",0.00667114136740565
"rs142294026",-0.0293159559369087
"rs150826005",-0.0293120760470629
"rs141039672",-0.035163089632988
"rs7212001",-0.140251889824867
"rs8072356",-0.117086514830589
"rs9635722",-0.117285810410976
"rs115638264",-0.0233892984688282
"rs76379415",0.0314617566764355
"rs9635723",-0.106979817152023
"rs55995827",-0.0386656112968922
"rs78763692",0.0170415882021189
"rs113295984",-0.0306251458823681
"rs68187323",-0.0483050607144833
"rs75467187",-0.0370554588735104
"rs74344627",-0.0233758501708508
"rs79308843",-0.0233659259974957
"rs4793165",-0.140153422951698
"rs112593517",-0.023367153480649
"rs56726647",0.00405606254935265
"rs117109833",-0.0109903095290065
"rs140193461",-0.0317442081868649
"rs77825251",0.00260893488302827
"rs78652172",-0.0050158342346549
"rs74921888",-0.0233610011637211
"rs1373139",-0.140214189887047
"rs726612",-0.117124743759632
"rs55718188",-0.0368301458656788
"rs72828822",0.00256271474063396
"rs77665779",-0.102027960121632
"rs72828823",0.00396360317245126
"rs148990799",-0.022942803800106
"rs113648219",-0.0371091850101948
"rs9893088",-0.140180513262749
"rs112912111",-0.0300163645297289
"rs67136916",-0.140200763940811
"rs75963222",-0.036982748657465
"rs117048366",-0.0374314151704311
"rs8070376",-0.0945189893245697
"rs139296776",0.180272579193115
"rs72828824",0.0707291588187218
"rs56986638",-0.105103380978107
"rs9914422",-0.0932255312800407
"rs7222424",-0.105107836425304
"rs75777079",-0.0450306013226509
"rs8075339",-0.0944900140166283
"rs112451491",-0.0992132946848869
"rs60685527",-0.0231524128466845
"rs111268757",-0.0370325483381748
"rs9674520",-0.105192676186562
"rs113632361",-0.0230955891311169
"rs10048175",0.0233540236949921
"rs8066717",-0.0293392892926931
"rs8068006",-0.105195604264736
"rs7211147",-0.0944474264979362
"rs113230789",-0.0231162831187248
"rs8067539",-0.0992201566696167
"rs8067703",-0.105202324688435
"rs112601194",-0.0230877213180065
"rs72828827",0.00360451824963093
"rs111462435",-0.0228433925658464
"rs12941574",0.0659582018852234
"rs116952991",0.0664540827274323
"rs111471724",-0.0306490939110518
"rs11079394",0.0233615152537823
"rs4792961",-0.0943573862314224
"rs138410788",-0.0336742661893368
"rs75498163",-0.0992651805281639
"rs117260698",-0.0172028318047523
"rs8073976",-0.105269275605679
"rs76233903",-0.0992486104369164
"rs67340844",0.00335470819845796
"rs9915692",-0.0943983644247055
"rs12150327",-0.0370788425207138
"rs76046625",-0.0370405875146389
"rs4793166",0.0221724435687065
"rs78526172",-0.0617325380444527
"rs139190050",0.0672776103019714
"rs11868633",0.0577989220619202
"rs2337436",0.173440054059029
"rs112791476",-0.0989171862602234
"rs74252799",-0.0479311719536781
"rs7225162",-0.0373909622430801
"rs79863197",0.173427432775497
"rs112908447",-0.0988014563918114
"rs55725137",-0.0370479039847851
"rs3024301",-0.0479096844792366
"rs1055646",-0.0374768674373627
"rs3024298",-0.0325385108590126
"rs1007190",0.056829921901226
"rs111823279",-0.02950787730515
"rs3024297",0.0198184587061405
"rs3024296",-0.0371117815375328
"rs3024295",-0.0525049902498722
"rs3024294",-0.105029903352261
"rs3024293",0.00526746502146125
"rs3024291",-0.131311014294624
"rs3024287",0.130907893180847
"rs3024286",0.173987045884132
"rs3024285",-0.131878852844238
"rs3024284",-0.0372019037604332
"rs3024303",0.174034580588341
"rs2981587",-0.0475735850632191
"rs3024302",-0.0372055508196354
"rs188389495",-0.0224611032754183
"rs2920452",-0.047775212675333
"rs2981586",-0.0477130226790905
"rs2981585",-0.0477227233350277
"rs8080524",-0.0477686822414398
"rs3024277",-0.0268523525446653
"rs3024275",0.0569247268140316
"rs80350164",-0.0282044820487499
"rs3024272",-0.112860180437565
"rs145281382",-0.0187838654965162
"rs115833422",0.00149483559653163
"rs2920453",-0.0738153904676437
"rs3760381",-0.116564214229584
"rs76735787",0.174649551510811
"rs117324605",0.174700006842613
"rs75726889",-0.0374207012355328
"rs12601410",0.0586669221520424
"rs79553250",-0.114247828722
"rs72828832",0.0732874274253845
"rs28521076",0.0734057947993279
"rs9908256",-0.038428008556366
"rs17547180",0.0270994007587433
"rs73986433",-0.0373024754226208
"rs8075046",0.0700805112719536
"rs113629184",-0.115007795393467
"rs113600471",-0.0267070326954126
"rs73986434",0.175084739923477
"rs9909796",-0.0372019857168198
"rs113768670",-0.0353737808763981
"rs144372285",-0.0485275387763977
"rs148722704",-0.0445827655494213
"rs112982795",-0.0268054585903883
"rs9896835",-0.0554500669240952
"rs72828834",-0.00064982520416379
"rs894685",0.124257571995258
"rs11652522",0.216588839888573
"rs79732849",-0.000749374274164438
"rs8077267",0.00347271515056491
"rs116358643",-0.0191747173666954
"rs77136668",-0.0629831999540329
"rs139472484",0.138312980532646
"rs76480869",-0.0650671422481537
"rs11871217",0.163758277893066
"rs78910478",-0.106233306229115
"rs6503409",0.0467117168009281
"rs962888",-0.138511344790459
"rs45484397",-0.074544683098793
"rs2878974",0.00332529237493873
"rs78046226",0.250422656536102
"rs60755906",-0.124258495867252
"rs62065775",-0.0315041095018387
"rs78605956",-0.0135587910190225
"rs75193889",0.306964665651321
"rs75435996",-0.0135370790958405
"rs75104258",-0.0133527973666787
"rs118095207",-0.0132842184975743
"rs77969340",-0.0132597833871841
"rs117249739",-0.0132548734545708
"rs8069476",-0.0113683519884944
"rs75313854",-0.0210565701127052
"rs58334749",-0.0713776275515556
"rs12452976",-0.013206796720624
"rs12453157",-0.0132013261318207
"rs117929071",-0.0176010467112064
"rs12453567",-0.0131932608783245
"rs141261762",-0.0375439338386059
"rs7216432",-0.0162950791418552
"rs9916632",-0.0234442260116339
"rs75990917",-0.0150987552478909
"rs12601260",-0.0148846404626966
"rs9630726",-0.0160138197243214
"rs8067281",-0.0352693535387516
"rs73309596",-0.0203847996890545
"rs78252124",-0.0469625853002071
"rs12453401",-0.046828780323267
"rs12453575",-0.0492251850664616
"rs4793174",-0.0493305176496506
"rs79169230",-0.0471482872962952
"rs80159176",-0.0472084544599056
"rs4792963",-0.0499460101127625
"rs4792964",-0.014744090847671
"rs9900708",-0.0140496818348765
"rs60565989",-0.0494655184447765
"rs62065776",-0.0698971971869469
"rs74767236",-0.0752443894743919
"rs12453874",-0.0489346496760845
"rs12453875",-0.0489522069692612
"rs75476713",-0.0257217306643724
"rs12449738",-0.0478098653256893
"rs139908530",-0.0342993289232254
"rs35836843",-0.0481056943535805
"rs12452088",-0.0493904650211334
"rs34864700",-0.0473567396402359
"rs12946444",-0.0466747023165226
"rs77275109",-0.0494331493973732
"rs117269073",-0.0493073500692844
"rs117268763",-0.0243137460201979
"rs189366847",-0.0314961411058903
"rs56284011",-0.0271293185651302
"rs112998358",-0.0480498000979424
"rs11652163",-0.117309220135212
"rs12603597",-0.0502627193927765
"rs12936109",0.0809331610798836
"rs1561968",-0.0506467819213867
"rs34779614",0.114533148705959
"rs74656108",-0.0440971218049526
"rs7211402",0.0521762184798717
"rs35103016",0.0822680220007896
"rs9905098",-0.121968448162079
"rs12941960",0.0823272541165352
"rs74716106",-0.050421915948391
"rs61314636",0.111956804990768
"rs12326005",-0.0186617970466614
"rs76951886",-0.122530274093151
"rs184152776",-0.0319533906877041
"rs9893429",-0.122695855796337
"rs4349189",-0.0186386089771986
"rs562623169",-0.0187502037733793
"rs12951005",0.0828712061047554
"rs12937001",0.0828364118933678
"rs2878973",-0.0182987600564957
"rs12953082",0.0828933566808701
"rs12946018",0.0832723006606102
"rs9891298",-0.0178335048258305
"rs9892253",-0.0178247056901455
"rs76664292",0.156449094414711
"rs8072289",-0.0181319266557693
"rs76480684",-0.0558349713683128
"rs6503410",0.0886127129197121
"rs79588955",-0.0520393960177898
"rs150491423",0.0346981287002563
"rs78511019",-0.030741835013032
"rs2077261",0.123181983828545
"rs894686",0.112046897411346
"rs2337437",0.111853078007698
"rs56057160",0.123140938580036
"rs62065780",0.123146489262581
"rs117860809",-0.0620207265019417
"rs76220584",-0.0751428678631783
"rs79163785",-0.0268753189593554
"rs142612546",-0.0278781652450562
"rs62065781",0.123249374330044
"rs62065782",0.119800709187984
"rs72828858",-0.0106006357818842
"rs3744474",-0.0723804906010628
"rs62065783",0.207777559757233
"rs7220212",0.112093776464462
"rs12568",0.112044475972652
"rs7225735",0.134084716439247
"rs7225329",0.134464040398598
"rs3837839",-0.0549102313816547
"rs3837839",-0.0944157019257545
"rs730953",0.134472161531448
"rs708381",0.134141474962234
"rs11868071",-0.06767338514328
"rs55933307",0.123397581279278
"rs62065786",0.133873462677002
"rs112275462",-0.0275862757116556
"rs62065787",0.133966520428658
"rs7209081",0.112030819058418
"rs4413004",0.133852139115334
"rs117744326",-0.0332979671657085
"rs73311379",0.111992456018925
"rs79811178",-0.0232998076826334
"rs62065788",0.123409256339073
"rs7216522",0.1936274766922
"rs12450587",0.123413011431694
"rs117685289",-0.0233761817216873
"rs10451271",0.193874061107635
"rs9900173",-0.121276363730431
"rs7219243",0.112055204808712
"rs77243960",-0.0716499909758568
"rs75622696",-0.0716267228126526
"rs59835134",0.112043738365173
"rs150581739",-0.0161078590899706
"rs75648943",-0.0286524370312691
"rs72830981",0.124785222113132
"rs12450063",0.126624137163162
"rs6503411",0.112059704959393
"rs144535065",0.0216878335922956
"rs7220106",0.194562986493111
"rs9898793",-0.116489626467228
"rs143606066",-0.0395066663622856
"rs76453367",-0.0622789971530437
"rs12603364",-0.0676975175738335
"rs113644109",0.0876335948705673
"rs150032562",-0.0739940777420998
"rs148798765",-0.0623764581978321
"rs8078303",-0.0762423500418663
"rs9915259",-0.0763541907072067
"rs142437085",-0.0334270894527435
"rs80120688",-0.0270236246287823
"rs142209945",-0.0165341161191463
"rs8070631",0.112035125494003
"rs76845539",-0.0724060609936714
"rs8071302",0.194544121623039
"rs4793180",-0.0731192901730537
"rs117347927",-0.0183674301952124
"rs62065821",0.124735303223133
"rs11650033",0.19457882642746
"rs62065823",0.124702528119087
"rs55838522",0.194585829973221
"rs59246405",0.208182394504547
"rs112178217",-0.0247648768126965
"rs62065826",0.141464784741402
"rs12453616",0.142025351524353
"rs144482144",-0.0743631422519684
"rs72830998",-0.0421660244464874
"rs28497626",-0.0271017476916313
"rs4315379",0.142055362462997
"rs141126897",-0.0205116271972656
"rs62065828",0.142107173800468
"rs4793171",-0.027069142088294
"rs57499268",0.111757226288319
"rs59138429",-0.0593866519629955
"rs148725889",-0.0176383573561907
"rs12603474",-0.0593817494809628
"rs79580688",-0.0285102874040604
"rs116953690",-0.0593855492770672
"rs9746981",-0.059404194355011
"rs145610444",0.110840506851673
"rs112604052",0.111356027424335
"rs185761008",-0.0321797765791416
"rs7222240",0.11173228174448
"rs76225419",-0.0594058334827423
"rs62065831",0.141697138547897
"rs62065832",0.141343832015991
"rs12449933",0.136518642306328
"rs8066252",-0.0594007149338722
"rs62065833",0.136619046330452
"rs62065834",0.142140030860901
"rs12451399",0.136616453528404
"rs4239145",-0.0269797779619694
"rs113170866",-0.0596855171024799
"rs142758179",-0.0619090050458908
"rs62065835",0.13660529255867
"rs117846333",-0.0596840642392635
"rs73313230",-0.0596953295171261
"rs4128658",0.142129555344582
"rs62065836",0.136597126722336
"rs8073198",-0.0596906505525112
"rs75344682",-0.0262282099574804
"rs41484746",-0.0284715835005045
"rs62065837",0.142148092389107
"rs117207382",-0.0597665011882782
"rs77288888",-0.0270419251173735
"rs116851011",-0.0285244807600975
"rs1978070",0.112069338560104
"rs11079425",0.112103223800659
"rs11868511",-0.0597551800310612
"rs28397098",0.112252436578274
"rs12951622",-0.090980164706707
"rs11871873",-0.0597144886851311
"rs2040558",0.122837491333485
"rs56334615",0.127422913908958
"rs8066395",0.112416364252567
"rs146795286",0.00890060793608427
"rs55960502",0.12325756251812
"rs41408545",-0.0584250092506409
"rs147426138",-0.0396971702575684
"rs76060698",-0.0428136400878429
"rs12601652",-0.0423661805689335
"rs149455674",0.331863552331924
"rs12602256",-0.042979933321476
"rs7225240",0.243666410446167
"rs2157840",0.234156578779221
"rs7502890",0.234265714883804
"rs111598486",-0.0430088452994823
"rs71373532",-0.0913686603307724
"rs12453630",-0.0430042445659637
"rs111439215",-0.0430123247206211
"rs77307957",-0.0365215986967087
"rs41467648",-0.0429961085319519
"rs72832829",-0.0668588951230049
"rs77981506",-0.0612149760127068
"rs75286509",-0.0432102866470814
"rs112809819",-0.0430420562624931
"rs141385334",-0.0211122464388609
"rs8067053",0.107897162437439
"rs8066411",0.243999481201172
"rs111885820",-0.0430446900427341
"rs4528619",0.180770635604858
"rs35590381",-0.0496603474020958
"rs916660",0.243966415524483
"rs916661",0.180740967392921
"rs8065098",-0.0430513136088848
"rs9901635",-0.0496469475328922
"rs9899200",-0.0494132861495018
"rs77184475",-0.0679152309894562
"rs74516356",-0.0430653244256973
"rs2106354",0.243948638439178
"rs2078823",0.108853444457054
"rs28493834",-0.0491801276803017
"rs150017271",0.043499369174242
"rs17746351",0.243958339095116
"rs16939799",-0.0463017374277115
"rs73984321",0.108918972313404
"rs146430889",-0.0338410511612892
"rs35341801",-0.0494727678596973
"rs143348354",0.00875262543559074
"rs1005136",0.243963465094566
"rs59710160",-0.0461226925253868
"rs875750",0.243967100977898
"rs111931312",-0.0430795587599277
"rs113340666",-0.0430804751813412
"rs12601398",-0.0430822931230068
"rs12601367",-0.0430889502167702
"rs111630045",-0.0430869609117508
"rs28570440",0.240164294838905
"rs10491142",-0.0430935584008694
"rs2269744",-0.0430927164852619
"rs2239918",0.240174010396004
"rs2157838",0.108779937028885
"rs186079030",-0.00316045386716723
"rs34356918",-0.09002535790205
"rs11870728",-0.095731608569622
"rs2239920",0.244036212563515
"rs2239921",0.0331990644335747
"rs1132898",0.108720548450947
"rs4793168",-0.0493781752884388
"rs12937487",-0.0493730381131172
"rs9899380",0.215483799576759
"rs2301597",0.216943308711052
"rs8073097",-0.0340894460678101
"rs11868588",-0.0436175167560577
"rs1468120",0.244800254702568
"rs113203503",-0.0435085371136665
"rs2239922",-0.0492978133261204
"rs877599",0.108373530209064
"rs877598",0.244900867342949
"rs147551457",-0.04344242811203
"rs28784121",-0.0436073392629623
"rs9912363",-0.0489425659179688
"rs12103720",0.109010010957718
"rs72832852",-0.0628298670053482
"rs4793167",0.0303466487675905
"rs2269745",-0.0433769673109055
"rs2239924",-0.048968993127346
"rs1053733",-0.213572487235069
"rs17684744",-0.0430867597460747
"rs16939858",0.109190188348293
"rs143759450",-0.0382631756365299
"rs2269746",-0.0624045208096504
"rs1989802",-0.109496131539345
"rs1989803",-0.150771930813789
"rs2239925",-0.217965662479401
"rs16939864",-0.0245612170547247
"rs149773134",-0.0309379752725363
"rs17684944",-0.242371752858162
"rs138144764",-0.044646929949522
"rs142157644",0.224070876836777
"rs8070831",-0.0494715198874474
"rs34497316",-0.0451219752430916
"rs12948326",-0.194925904273987
"rs72832858",-0.0397536493837833
"rs72832859",0.186212882399559
"rs1052169",-0.0822914689779282
"rs11870501",-0.0436671786010265
"rs116850743",0.220924392342567
"rs5026009",0.152969494462013
"rs118115243",-0.018736494705081
"rs59189862",-0.0310038365423679
"rs3744757",-0.0302441101521254
"rs72832860",-0.0400708802044392
"rs2285426",-0.046478234231472
"rs734921",-0.0353285260498524
"rs2285427",-0.0851356461644173
"rs2864881",-0.287631928920746
"rs61516629",-0.02275157161057
"rs713102",-0.00597360031679273
"rs713101",-0.141305774450302
"rs112162280",-0.125670671463013
"rs739454",-0.0749140605330467
"rs3744758",-0.0268092304468155
"rs3744759",-0.0262944865971804
"rs3744760",-0.176174134016037
"rs3744761",-0.0370853468775749
"rs78336821",-0.0694272145628929
"rs4362432",-0.0719154551625252
"rs12603813",-0.172424837946892
"rs7217321",-0.239691987633705
"rs2129732",-0.0770213082432747
"rs7226273",-0.0408958494663239
"rs34813202",-0.0749348625540733
"rs7207047",0.126732930541039
"rs7209028",0.0783069059252739
"rs11653145",-0.0748543068766594
"rs11652187",-0.0744862854480743
"rs12944434",-0.0782359093427658
"rs9303454",0.0788346901535988
"rs62066672",0.240247771143913
"rs79355162",-0.0230091214179993
"rs12604082",-0.0583701059222221
"rs72832863",-0.0446807965636253
"rs55740745",0.0687693879008293
"rs62066673",0.239852041006088
"rs7223320",0.0937661975622177
"rs7224944",0.26412370800972
"rs7214439",-0.0742367133498192
"rs4986167",-0.174498692154884
"rs185497374",-0.018716549500823
"rs12944415",-0.0756817832589149
"rs182560962",-0.0186495985835791
"rs184519194",-0.0188758485019207
"rs4986171",-0.0790353193879128
"rs9906112",0.079057089984417
"rs150922040",0.0621760599315166
"rs12603905",-0.0744864493608475
"rs117873694",-0.0759146362543106
"rs117232481",-0.0305271167308092
"rs66532542",-0.074897289276123
"rs62066674",-0.0749825090169907
"rs58219619",0.085932120680809
"rs4986169",-0.0773677229881287
"rs4986170",-0.243781596422195
"rs77403959",0.318099290132523
"rs12946454",-0.171348094940186
"rs8069937",-0.0773622095584869
"rs11652386",-0.256698668003082
"rs1056619",0.0861776471138
"rs191168114",-0.0222178045660257
"rs28588212",-0.0308855194598436
"rs6503424",-0.256654560565948
"rs558091458",-0.0371255837380886
"rs2291447",-0.0767655670642853
"rs2306828",-0.250255733728409
"rs1542688",-0.0400621891021729
"rs182336018",-0.0339486487209797
"rs4986172",-0.185707926750183
"rs16939879",-0.0400870032608509
"rs16939884",-0.0394099578261375
"rs58346971",-0.0414455346763134
"rs77266462",-0.0309453960508108
"rs11653796",-0.172191917896271
"rs76927055",-0.086032323539257
"rs60289499",-0.17466713488102
"rs137989694",-0.172249034047127
"rs72628318",-0.0781488567590714
"rs79716442",-0.0310473926365376
"rs1053578",0.317535668611526
"rs71373536",-0.161145105957985
"rs4986173",-0.0312993936240673
"rs78622741",-0.033657006919384
"rs116523982",-0.0310974698513746
"rs9894577",-0.171265855431557
"rs9897116",-0.0393024273216724
"rs3744412",-0.0311272796243429
"rs3809745",-0.0935501605272293
"rs7216041",-0.0893742889165878
"rs12051846",-0.16092674434185
"rs1044977",-0.160927817225456
"rs901753",-0.0391277931630611
"rs8070447",-0.093706026673317
"rs13341389",-0.0328056290745735
"rs149055563",-0.0353228896856308
"rs7217422",-0.0621513947844505
"rs117597243",-0.0676393434405327
"rs76233987",-0.164675161242485
"rs77243715",-0.164706155657768
"rs8067974",-0.174828380346298
"rs146970756",-0.00849361810833216
"rs74398190",-0.0315016396343708
"rs144490428",-0.0300371050834656
"rs151044812",-0.030893798917532
"rs8064386",-0.209109157323837
"rs76887801",-0.0804873183369637
"rs59622946",-0.0317728668451309
"rs16939893",-0.0315979830920696
"rs75863857",-0.0316170454025269
"rs113215819",0.0696105286478996
"rs11657325",-0.162646949291229
"rs151186613",-0.0421408712863922
"rs4627401",-0.230297684669495
"rs9709123",-0.201781243085861
"rs4792858",-0.140998765826225
"rs71369807",-0.0775486156344414
"rs147533516",-0.0173756405711174
"rs73319048",-0.0314688161015511
"rs8070221",-0.201781302690506
"rs7208548",-0.201799362897873
"rs4792819",-0.136135280132294
"rs7217491",-0.0260446537286043
"rs12450321",-0.0897951796650887
"rs78420531",-0.0384069159626961
"rs60742188",-0.0900517925620079
"rs4792867",-0.138291552662849
"rs66827053",-0.11270971596241
"rs139981906",-0.0628506913781166
"rs59542675",-0.04372513666749
"rs76679230",-0.074537955224514
"rs4792868",-0.0262437481433153
"rs11867300",-0.0745716765522957
"rs79152928",-0.0827902927994728
"rs62066677",-0.0807079821825027
"rs138747984",-0.0469719655811787
"rs75589269",-0.0314927212893963
"rs11651809",-0.138458728790283
"rs8070437",0.138923212885857
"rs74927046",-0.0315588414669037
"rs28510841",-0.090553343296051
"rs34562831",-0.0909031555056572
"rs62066678",-0.092558816075325
"rs4632173",0.194715082645416
"rs4559944",0.135156273841858
"rs35625124",0.0828995257616043
"rs8068816",-0.0738074406981468
"rs8069272",-0.0611203461885452
"rs77045387",0.220599323511124
"rs34710884",-0.0159042850136757
"rs76615055",-0.0600011013448238
"rs8071573",0.0988548472523689
"rs73319060",-0.0540867336094379
"rs7212802",0.0988420322537422
"rs62066682",-0.192203015089035
"rs7219397",0.0985738933086395
"rs78509373",-0.126455441117287
"rs6503426",0.102746650576591
"rs6503427",0.101028636097908
"rs145729014",-0.127852469682693
"rs67882608",0.138466686010361
"rs144647217",-0.124846465885639
"rs141472305",-0.0435413010418415
"rs7208466",0.123048208653927
"rs117150983",0.0257803108543158
"rs12450413",-0.147684201598167
"rs144701507",-0.0217295940965414
"rs6503428",0.123564802110195
"rs62066707",0.333077251911163
"rs62066708",-0.0964114367961884
"rs117972125",0.0258223935961723
"rs61160218",-0.158945962786674
"rs74834963",-0.0331876799464226
"rs80169564",-0.0329363569617271
"rs80069680",-0.0609874203801155
"rs112297877",0.334083288908005
"rs73319076",-0.034034363925457
"rs112023302",0.12770377099514
"rs138262388",-0.077284038066864
"rs144269995",-0.0332820937037468
"rs7207244",-0.20366433262825
"rs7212192",0.123552992939949
"rs11870697",0.123786173760891
"rs72832877",0.33364924788475
"rs6503430",0.228339403867722
"rs79337476",-0.0979623571038246
"rs111863021",0.0379857942461967
"rs7218351",0.205215722322464
"rs145394967",-0.0473122522234917
"rs62066710",-0.0968129560351372
"rs7214310",0.222012981772423
"rs72832878",-0.0430857129395008
"rs4986147",-0.0323855392634869
"rs111858497",-0.0970778316259384
"rs79711330",-0.0332625955343246
"rs117225566",-0.113982707262039
"rs62066713",-0.0974151119589806
"rs79592359",-0.0372355803847313
"rs111360850",0.0269477795809507
"rs113847117",-0.0624270066618919
"rs111602534",-0.0621557980775833
"rs112416568",0.123197257518768
"rs62066715",-0.0975932255387306
"rs75104533",0.02776263281703
"rs17630064",-0.0574028976261616
"rs62066716",-0.0976016521453857
"rs117884330",-0.0481075458228588
"rs74253615",-0.0612881258130074
"rs16939911",-0.00820847600698471
"rs117306614",-0.0244217459112406
"rs8077692",0.181930556893349
"rs113819830",0.260425716638565
"rs74441054",0.066495306789875
"rs8068730",-0.0603813305497169
"rs77023398",0.0194798931479454
"rs139098453",0.00601737573742867
"rs117920061",-0.0474505834281445
"rs7217315",-0.100062407553196
"rs141249601",-0.0569300502538681
"rs117687464",-0.0456333719193935
"rs57825815",-0.0463869273662567
"rs1552458",0.18477463722229
"rs7215363",-0.0612186118960381
"rs1552457",0.186214402318001
"rs62066718",0.245606616139412
"rs75468347",-0.0463737398386002
"rs12449792",0.266008824110031
"rs62066719",-0.101379506289959
"rs1906342",0.106442809104919
"rs58605696",-0.0335648097097874
"rs79091156",-0.0796959400177002
"rs9916564",-0.0925074443221092
"rs9889614",-0.0923995822668076
"rs62066720",0.00766568444669247
"rs9891541",-0.0420362241566181
"rs11869822",0.0107708247378469
"rs11079492",0.0106098484247923
"rs11079493",0.0285664610564709
"rs12453698",-0.0703228265047073
"rs57344356",0.0513324402272701
"rs9893052",0.0106073915958405
"rs4792892",0.0406646803021431
"rs58744688",0.010448457673192
"rs75864910",-0.0425662025809288
"rs9908905",0.0191613771021366
"rs9908320",-0.0426163002848625
"rs9907333",-0.0426228307187557
"rs9913962",-0.0429817698895931
"rs79181461",-0.04269789904356
"rs75239108",-0.0427003167569637
"rs12103702",-0.042796116322279
"rs9898221",-0.0428436025977135
"rs143814916",-0.0554521568119526
"rs9910393",-0.0428691059350967
"rs9905657",-0.0429090782999992
"rs9903656",-0.0429256409406662
"rs9906359",-0.0429300256073475
"rs1989230",0.0541305989027023
"rs1989229",0.0204585790634155
"rs9891552",-0.0422009602189064
"rs77766814",-0.0422076806426048
"rs1133458",0.0472885519266129
"rs12940312",-0.086505614221096
"rs1023995",0.196168288588524
"rs8182370",0.0270342733711004
"rs60823899",-0.033577736467123
"rs7212404",0.0587915815412998
"rs117228037",-0.0089048957452178
"rs190995602",-0.0296170208603144
"rs1801353",0.154257416725159
"rs74894402",-0.0336651727557182
"rs41280090",-0.0245994608849287
"rs111999393",0.048812098801136
"rs28544002",0.0606327131390572
"rs74625254",-0.0685518682003021
"rs77564485",-0.0421439744532108
"rs62066723",0.0609882175922394
"rs9916625",0.0297478437423706
"rs7209805",0.0297259278595448
"rs62066724",0.0501618906855583
"rs76397059",0.260196596384048
"rs57431070",0.0639265701174736
"rs57989921",0.0635810941457748
"rs60420573",0.0295695327222347
"rs8065345",0.071051798760891
"rs2291448",-0.0208930466324091
"rs11651968",0.0201383028179407
"rs111535252",-0.00227771513164043
"rs9908267",0.165098741650581
"rs72832885",-0.0491030365228653
"rs117103308",-0.0475830435752869
"rs60163605",0.173985227942467
"rs58314091",0.174034804105759
"rs4248280",0.172191724181175
"rs56276534",0.16100749373436
"rs77661889",0.0129598770290613
"rs56269837",0.157024025917053
"rs62066728",0.201781779527664
"rs4248914",0.0980448797345161
"rs4986168",0.158750727772713
"rs4247364",0.112637758255005
"rs4792836",0.0980471149086952
"rs7210761",0.112672477960587
"rs7224548",0.112675197422504
"rs7211069",0.0978797376155853
"rs7225083",0.112552642822266
"rs11656414",0.167984589934349
"rs7215764",0.10521100461483
"rs9909488",-0.00735650165006518
"rs1047841",-0.0419979318976402
"rs708563",0.147030562162399
"rs11574837",-0.0262815076857805
"rs11574836",0.0155105078592896
"rs3744410",-0.031627245247364
"rs1047833",0.111557655036449
"rs2285674",0.150057092308998
"rs34242513",0.106802381575108
"rs16939926",-0.0338450744748116
"rs2074293",0.166336312890053
"rs11574833",0.0136161427944899
"rs4792809",0.104218140244484
"rs3178151",-0.0375707224011421
"rs4792811",0.105698131024837
"rs11574831",-0.102861784398556
"rs4247365",0.104494489729404
"rs7213493",-0.0866794139146805
"rs11079501",-0.0374558344483376
"rs7214657",0.104423217475414
"rs11574828",-0.037458524107933
"rs9911183",-0.0870157033205032
"rs11079502",0.173064336180687
"rs11574826",-0.0374919883906841
"rs2072090",0.173654064536095
"rs17685379",-0.103538848459721
"rs36107645",-0.103732921183109
"rs58007130",-0.103791974484921
"rs9908462",-0.104354381561279
"rs9972936",0.174786508083344
"rs16939943",-0.0864356532692909
"rs113896299",-0.0377869158983231
"rs58428160",-0.103789731860161
"rs7222751",-0.0864005237817764
"rs113772413",-0.0378697700798512
"rs34198001",-0.0362893529236317
"rs9905609",-0.0963863283395767
"rs16939948",-0.0365023985505104
"rs1985556",0.106069780886173
"rs35971701",-0.104211740195751
"rs4792842",0.175791576504707
"rs7207549",0.106086924672127
"rs3785805",-0.037882462143898
"rs3785804",-0.104116208851337
"rs3785803",-0.104013942182064
"rs11574824",-0.0411822497844696
"rs3785802",0.106077119708061
"rs2074292",0.174725979566574
"rs2074291",0.174971535801888
"rs11574822",-0.00838559586554766
"rs528793813",-0.0175059251487255
"rs17846855",-0.0368431359529495
"rs2074289",0.010642210021615
"rs34066137",0.00383696798235178
"rs11079503",-0.10199810564518
"rs11574817",-0.0430871918797493
"rs11574815",-0.101649411022663
"rs35518221",-0.10200098156929
"rs7210529",0.0129084214568138
"rs4792846",0.188256934285164
"rs11574814",-0.176273256540298
"rs7222094",0.128469377756119
"rs16939953",0.136946722865105
"rs3760357",-0.10322280228138
"rs11574812",0.140662908554077
"rs721579",0.243621408939362
"rs4792812",-0.0407076328992844
"rs77220791",-0.0331933982670307
"rs145704149",-0.0168675296008587
"rs4792813",-0.0407049655914307
"rs9908076",-0.0501589775085449
"rs2867316",0.21655336022377
"rs142966231",-0.0397448055446148
"rs111882557",-0.103735581040382
"rs55913194",-0.051368597894907
"rs112969331",-0.103774525225163
"rs11657021",-0.125847727060318
"rs2867317",0.0464952029287815
"rs79442196",-0.103757835924625
"rs111244088",-0.103804670274258
"rs75911690",-0.103801667690277
"rs79789477",-0.103786088526249
"rs7221403",0.115527994930744
"rs12938138",-0.0395434349775314
"rs9908330",0.124632231891155
"rs4792847",0.115827016532421
"rs1476533",-0.10425690561533
"rs1476532",0.124725833535194
"rs187464966",-0.0243700612336397
"rs75412448",-0.0335337594151497
"rs74253619",-0.0395114608108997
"rs7223853",0.217164739966393
"rs75184106",-0.104349382221699
"rs12449740",0.130768939852715
"rs79039330",-0.104367814958096
"rs7214514",-0.222064986824989
"rs11869999",-0.111510887742043
"rs80000929",-0.0407732352614403
"rs74996617",-0.0534302443265915
"rs116093769",-0.0340748876333237
"rs79760062",-0.0534415803849697
"rs4792848",-0.0534626320004463
"rs114681863",-0.034135352820158
"rs7216796",-0.112153179943562
"rs149462394",-0.0342205129563808
"rs546367865",0.0961237102746964
"rs559611761",-0.0414719581604004
"rs115344032",-0.0342641398310661
"rs116057144",-0.0342450216412544
"rs117350379",-0.0545989759266376
"rs4792849",-0.247128888964653
"rs117074068",-0.0388045459985733
"rs144816933",-0.0342319868505001
"rs75719641",-0.0409064702689648
"rs74970811",-0.1097491979599
"rs113414546",0.36171942949295
"rs76147974",-0.0209931451827288
"rs117626672",-0.0528356246650219
"rs116979783",-0.0474444031715393
"rs76853696",-0.0410115942358971
"rs80335384",0.362593084573746
"rs117642368",0.382872313261032
"rs78530059",-0.0410453304648399
"rs16939958",-0.0410623997449875
"rs150086194",-0.0317602679133415
"rs4328483",-0.147052362561226
"rs16939961",-0.0410881377756596
"rs56049236",-0.0475299060344696
"rs56059526",-0.0764917135238647
"rs4792814",-0.147603020071983
"rs4792850",-0.143442556262016
"rs34993366",-0.076397530734539
"rs60308509",-0.0763698518276215
"rs57804037",-0.0653365105390549
"rs35080075",-0.0681631416082382
"rs57079292",-0.0541760846972466
"rs35925307",-0.0680337771773338
"rs59136196",-0.0540235601365566
"rs116346140",-0.0349262580275536
"rs77566261",-0.0413972772657871
"rs180791533",-0.0438920557498932
"rs35457051",-0.0674098506569862
"rs114106379",-0.0350636206567287
"rs36015986",-0.047312218695879
"rs59375097",-0.0672744959592819
"rs67141028",-0.0675334855914116
"rs1000354",-0.231977298855782
"rs8079270",-0.0759890004992485
"rs116060029",-0.0351405702531338
"rs67170803",-0.0689310505986214
"rs116198640",-0.0351014956831932
"rs34702068",-0.0676081478595734
"rs35427715",-0.0676698312163353
"rs35082152",-0.067673847079277
"rs139336056",-0.0459786355495453
"rs35098769",-0.0676862075924873
"rs35403192",-0.0676260143518448
"rs17686238",0.384258508682251
"rs17759537",-0.0663208588957787
"rs17759555",0.0670335069298744
"rs79620933",-0.0483557730913162
"rs116054740",0.0254484731703997
"rs35410914",-0.068520300090313
"rs117326137",-0.11050658673048
"rs4792815",-0.042474526911974
"rs9907503",-0.0583639815449715
"rs62064591",-0.076429195702076
"rs12942322",-0.105160109698772
"rs72832896",-0.096663124859333
"rs4792851",-0.226728096604347
"rs117421612",-0.10976853966713
"rs16939964",-0.106022447347641
"rs79084945",-0.0863212198019028
"rs12452272",-0.143216982483864
"rs115302681",-0.0452407263219357
"rs36057737",-0.106175728142262
"rs11079524",-0.227114275097847
"rs112120661",-0.143538549542427
"rs189651694",-0.0276032816618681
"rs7214661",-0.194026827812195
"rs12453351",0.028238020837307
"rs4792853",0.0521407499909401
"rs117979895",0.0688180327415466
"rs140249258",-0.0453268848359585
"rs10083848",-0.0453453660011292
"rs60221345",-0.194659039378166
"rs59193782",-0.194688901305199
"rs59113655",-0.152590394020081
"rs142703808",-0.0453267991542816
"rs36121378",-0.106772884726524
"rs7222377",-0.194723680615425
"rs12944705",-0.106821805238724
"rs12952082",-0.23791991174221
"rs12949988",-0.218231454491615
"rs140245332",-0.112350940704346
"rs12945838",-0.106562949717045
"rs138480559",-0.0445028319954872
"rs116455572",-0.0459226630628109
"rs115079799",-0.0458518639206886
"rs56265946",-0.107011318206787
"rs10468562",-0.0448588766157627
"rs6503435",-0.102434366941452
"rs79206700",-0.106880150735378
"rs10853050",-0.271010190248489
"rs60295153",-0.0459840893745422
"rs12943205",-0.107250519096851
"rs117574138",-0.138316869735718
"rs117856128",-0.0566774010658264
"rs80244613",0.00801212340593338
"rs143006871",0.0271047484129667
"rs34271337",-0.107543364167213
"rs58299347",-0.200533553957939
"rs67622136",-0.109332598745823
"rs28450718",-0.0461924560368061
"rs117683720",0.0297988094389439
"rs115075977",-0.0462833046913147
"rs147904962",-0.109735302627087
"rs867139",-0.0966783687472343
"rs10468514",-0.249065741896629
"rs9303471",-0.24900309741497
"rs11650773",-0.190742909908295
"rs12952708",-0.251802235841751
"rs12952950",-0.263572037220001
"rs117806414",-0.0808177292346954
"rs8066287",0.118731766939163
"rs9895436",-0.269348472356796
"rs4792854",0.118193201720715
"rs147941559",-0.0261515844613314
"rs7220051",-0.13578100502491
"rs11657924",-0.0231568198651075
"rs4792855",-0.135827541351318
"rs6503436",0.116693109273911
"rs1230063",-0.026254141703248
"rs12939168",-0.106769144535065
"rs138358307",-0.0956190824508667
"rs117311539",-0.0286272056400776
"rs1230074",-0.262690931558609
"rs79470695",-0.0852585211396217
"rs2905453",-0.262767732143402
"rs1230089",-0.262549996376038
"rs1230090",-0.262618362903595
"rs1230091",-0.262648671865463
"rs1237651",-0.262661278247833
"rs1230092",-0.262646406888962
"rs1230093",-0.262882381677628
"rs1230094",-0.263172596693039
"rs732589",-0.261263787746429
"rs117497016",-0.0495051369071007
"rs7613",-0.261549174785614
"rs8327",-0.221530541777611
"rs117139057",-0.112793050706387
"rs1230095",-0.272211134433746
"rs189685649",-0.0367724150419235
"rs1230096",-0.271957635879517
"rs1230098",-0.272071868181229
"rs1230099",-0.272117465734482
"rs184952491",-0.0538185052573681
"rs12150247",-0.132770970463753
"rs142703111",-0.0797845050692558
"rs188777118",-0.046341672539711
"rs77044114",0.37684628367424
"rs1230101",-0.272564619779587
"rs1230102",-0.271017014980316
"rs1230103",-0.270966559648514
"rs11657802",-0.132562458515167
"rs181265159",-0.0420132726430893
"rs11654226",0.214147061109543
"rs1230075",0.256377041339874
"rs536043800",-0.0635110810399055
"rs557532485",-0.0606600306928158
"rs1230078",0.256396055221558
"rs1230079",0.258382797241211
"rs2106720",0.25836580991745
"rs148406752",-0.0522505901753902
"rs139434415",-0.0811324864625931
"rs1230082",0.257870137691498
"rs117905481",-0.0809894725680351
"rs73307518",-0.166562706232071
"rs117218979",-0.0895420834422112
"rs2959953",0.258525878190994
"rs571206641",-0.040130041539669
"rs2684631",0.258446663618088
"rs72834513",-0.0590431243181229
"rs2959950",0.256451427936554
"rs3186976",-0.0809679254889488
"rs112431961",0.38431191444397
"rs146092449",-0.0263399165123701
"rs117442279",-0.0525556840002537
"rs116910496",-0.0749196112155914
"rs1317946",0.256211668252945
"rs117755594",-0.107401691377163
"rs6503437",0.256290107965469
"rs143827834",-0.0550534576177597
"rs117649063",-0.102429561316967
"rs117029704",0.415725260972977
"rs184359167",0.312437683343887
"rs151097992",-0.0792920663952827
"rs4588023",0.256650239229202
"rs2521840",0.227169752120972
"rs146254617",-0.0599818862974644
"rs55727465",-0.0501143336296082
"rs4792816",0.253487646579742
"rs149244804",-0.0377235375344753
"rs2078200",0.253276526927948
"rs4792857",-0.0873297601938248
"rs2521819",0.238846853375435
"rs9893586",0.241173788905144
"rs139898403",-0.0611622929573059
"rs151184436",-0.0806931108236313
"rs4239141",0.241426587104797
"rs111639757",0.371928989887238
"rs147183429",-0.0775837972760201
"rs4792818",0.24147854745388
"rs10401005",0.242034211754799
"rs62065439",0.307853579521179
"rs10432034",-0.230802088975906
"rs142470643",-0.0491841770708561
"rs141403776",-0.0791475474834442
"rs150379356",-0.0588610954582691
"rs1879587",0.179493084549904
"rs577710613",-0.0524965934455395
"rs4523963",0.239013537764549
"rs3859263",-0.137850701808929
"rs114407864",-0.0480384938418865
"rs192455769",-0.0734356790781021
"rs145398712",-0.0238333344459534
"rs72834517",-0.0475186705589294
"rs141124209",-0.0298316888511181
"rs1918803",0.468884199857712
"rs2696639",0.469099074602127
"rs2696640",0.469262719154358
"rs2693363",0.470085710287094
"rs2693364",0.469841301441193
"rs3961270",0.469913691282272
"rs2696649",0.470044136047363
"rs1969519",-0.105966627597809
"rs138239081",-0.0316967591643333
"rs2693370",0.470087617635727
"rs2693371",0.470152676105499
"rs1724437",0.469806671142578
"rs17642476",-0.10966918617487
"rs4062006",0.126367270946503
"rs2696468",0.469975799322128
"rs55887853",-0.116670817136765
"rs1724434",0.470645368099213
"rs2668678",0.449485719203949
"rs2463520",0.470505565404892
"rs1971375",0.460619151592255
"rs2668696",0.470387250185013
"rs140433264",-0.0351197719573975
"rs7502280",0.678084254264832
"rs72834523",-0.0437091812491417
"rs2532373",0.564424872398376
"rs1724418",0.359355390071869
"rs200856855",-0.0299919731914997
"rs12103428",0.103362448513508
"rs555355813",0.186048090457916
"rs72834525",-0.0481028184294701
"rs73986111",0.125858426094055
"rs113423077",0.1523667126894
"rs113991651",0.243106782436371
"rs141928757",0.0998866185545921
"rs79880152",0.256179332733154
"rs1631483",0.175832271575928
"17:43676234_C_T",0.18196052312851
"rs184332899",-0.0629398003220558
"rs429915",0.189630597829819
"rs564500617",0.126789942383766
"rs7220056",0.160710990428925
"rs72834527",-0.063187763094902
"rs140587036",-0.0636252164840698
"rs142822273",0.308381497859955
"rs1635303",-0.220057100057602
"rs241043",0.457662284374237
"rs7211561",-0.199514776468277
"rs571359075",-0.0163604170084
"rs372494195",0.200013130903244
"rs118084908",-0.0544785335659981
"rs148451898",-0.0543949641287327
"rs1706720",0.0790556222200394
"rs1635302",0.0790552049875259
"rs1706719",0.078480176627636
"rs1635301",0.0789186134934425
"rs139213410",-0.0469736866652966
"rs73986139",-0.0425254628062248
"rs117094251",-0.0770614296197891
"rs139104558",-0.0382465273141861
"rs62053942",0.359345883131027
"rs1635299",-0.180128246545792
"rs62053943",1
"rs62053944",0.28657466173172
"rs1724408",0.0623893439769745
"rs1635296",0.062378142029047
"rs190174223",-0.0588714964687824
"rs143699161",-0.267073273658752
"rs118190895",-0.0625361651182175
"rs181729715",-0.0396282933652401
"rs1635295",0.0623290501534939
"rs117536416",-0.061321385204792
"rs1635289",0.0623395480215549
"rs735423",-0.205031976103783
"rs144766143",-0.054674006998539
"rs34804414",-0.15515099465847
"rs17687796",-0.148454681038857
"rs73317496",-0.0623036064207554
"rs12946298",-0.154654368758202
"rs34240571",-0.0477117076516151
"rs117849721",-0.0557263530790806
"rs1635287",-0.203087419271469
"rs117430135",-0.0883097052574158
"rs117555997",-0.0536354258656502
"rs112782432",-0.06047298386693
"rs74371720",-0.155569851398468
"rs78971836",-0.0602889358997345
"rs73317502",-0.0604458190500736
"rs116096269",-0.0604711845517159
"rs16941058",-0.0826052352786064
"rs186740902",-0.0357302874326706
"rs1635286",-0.235276639461517
"rs1724424",-0.22613736987114
"rs79985283",-0.0474281907081604
"rs116897693",-0.0489157401025295
"rs62056907",-0.124308489263058
"rs1724385",-0.150928616523743
"rs117725182",-0.0628100037574768
"rs6503444",-0.121191665530205
"rs1724386",-0.19513738155365
"rs1635290",-0.183910965919495
"rs9912362",0.316444844007492
"rs117267254",-0.0756209194660187
"rs1617406",0.200007945299149
"rs112534868",0.376008123159409
"rs76970862",-0.0946964472532272
"rs10451282",-0.0867937505245209
"rs1880748",0.215348526835442
"rs12936620",-0.0826240405440331
"rs113100008",-0.0111461076885462
"rs11871395",-0.215187683701515
"rs145640899",-0.0315937511622906
"rs59950134",-0.219154968857765
"rs72834545",-0.0634436905384064
"rs117288806",-0.0878748074173927
"rs1105568",-0.158699691295624
"rs116843903",-0.124059125781059
"rs1969470",0.0882996916770935
"rs118101817",-0.0878818333148956
"rs116897057",-0.0862683579325676
"rs56297026",-0.04848388209939
"rs12942912",-0.158728450536728
"rs2864088",0.0874146297574043
"rs74583625",-0.054477509111166
"rs9903984",-0.0947237610816956
"rs9895728",-0.0947239920496941
"rs117615688",-0.09493687748909
"rs55968221",-0.293592840433121
"rs7218457",-0.297466516494751
"rs35580644",-0.0949521884322166
"rs72834548",-0.159989923238754
"rs117100342",-0.0860079601407051
"rs8065157",-0.0946425423026085
"rs4414533",-0.20081815123558
"rs4792878",-0.0477987229824066
"rs117558391",-0.0784646049141884
"rs140252688",-0.0661887228488922
"rs35587712",-0.102303087711334
"rs12940949",-0.0828844234347343
"rs12944445",-0.0944262593984604
"rs113369483",-0.0774412155151367
"rs151314932",-0.060997799038887
"rs75200513",-0.084593191742897
"rs1989480",0.199069678783417
"rs8082105",-0.198618501424789
"rs117086879",-0.0762724205851555
"rs12947646",-0.0946551710367203
"rs7212750",-0.0947164967656136
"rs11650810",-0.133798539638519
"rs77850169",-0.0918024256825447
"rs35350903",-0.0943440347909927
"rs17335035",-0.105411097407341
"rs12940092",-0.0942692309617996
"rs34094847",-0.0933644250035286
"rs35225246",-0.0942454487085342
"rs11657611",-0.282522171735764
"rs72834560",-0.0675347894430161
"rs71375310",-0.0942535921931267
"rs4264434",-0.28527757525444
"rs189281914",-0.0427780859172344
"rs6503447",-0.285210520029068
"rs115157874",-0.129153966903687
"rs118077335",-0.094353549182415
"rs117465772",-0.0490104109048843
"rs11655764",-0.283073663711548
"rs66672743",-0.283449739217758
"rs67492300",-0.287093162536621
"rs145648014",-0.129414767026901
"rs71375314",-0.0946709886193275
"rs114557388",-0.140601843595505
"rs55818489",-0.339858531951904
"rs140107035",-0.0381581112742424
"rs35795532",-0.0949645936489105
"rs34593052",-0.0952212512493134
"rs118104057",-0.0802649632096291
"rs34748815",-0.0950358211994171
"rs4792879",-0.179409191012383
"rs117890758",-0.0600696615874767
"rs72834567",-0.178945273160934
"rs75074511",-0.0834012925624847
"rs6503449",0.0975249335169792
"rs190444372",-0.041867446154356
"rs116876049",-0.0598610229790211
"rs117053640",-0.0601823516190052
"rs7225082",0.322513490915298
"rs116100101",-0.075129933655262
"rs139217062",-0.0460395403206348
"rs12949228",-0.0940643772482872
"rs71375315",-0.0829630792140961
"rs35152905",-0.179319083690643
"rs12953076",-0.179154679179192
"rs4077813",-0.0928793326020241
"rs4077814",-0.179381966590881
"rs4076452",-0.179298743605614
"rs11869294",-0.0763615965843201
"rs145447536",0.31657800078392
"rs117910967",-0.0463779866695404
"rs142438532",-0.0615490823984146
"rs12942254",-0.178261429071426
"rs12942300",-0.199503690004349
"rs192833265",-0.0558786541223526
"rs28364020",-0.178804457187653
"rs144817232",0.30988484621048
"rs11650092",-0.102371282875538
"rs72834572",-0.0438494011759758
"rs12940065",-0.186744809150696
"rs4792882",-0.0634183585643768
"rs9892359",-0.149774044752121
"rs145011563",-0.0615934915840626
"rs62057097",-0.171284437179565
"rs138728946",0.35270756483078
"rs35785975",-0.137045666575432
"rs12952224",-0.0934434682130814
"rs12942994",-0.137059301137924
"rs35131568",-0.137046322226524
"rs34174655",-0.135746270418167
"rs4792884",-0.137036874890327
"rs12944996",-0.137033745646477
"rs12936181",-0.137032940983772
"rs4792886",-0.137025266885757
"rs4792887",-0.136948898434639
"rs192922438",-0.0553702525794506
"rs12945673",-0.136981666088104
"rs118115558",-0.0756588950753212
"rs4792888",-0.136985942721367
"rs60645916",-0.116578735411167
"rs16940646",-0.136625319719315
"rs16969853",-0.136974662542343
"rs73984616",-0.116684325039387
"rs142167068",-0.0466025210916996
"rs7222658",-0.116719700396061
"rs71375320",-0.0795539245009422
"rs2664008",-0.159211933612823
"rs12936511",-0.0930628180503845
"rs74370049",-0.0616092197597027
"rs12939006",-0.0929900035262108
"rs117304471",-0.0556872673332691
"rs36069290",-0.0918654128909111
"rs150592968",-0.0521186850965023
"rs242942",0.150199949741364
"rs171442",0.11248541623354
"rs11867635",-0.171416014432907
"rs3785877",-0.0934631749987602
"rs242941",0.28984123468399
"rs72834580",-0.169983610510826
"rs171441",0.112246155738831
"rs16940655",-0.0469584800302982
"rs28364028",-0.048401553183794
"rs242939",0.113008372485638
"rs242938",0.113862030208111
"rs35327015",-0.0940925627946854
"rs117811037",-0.0557743832468987
"rs242936",0.145401105284691
"rs80067508",-0.0980096086859703
"rs36048893",-0.0936376377940178
"rs116943158",-0.0557115748524666
"rs71375321",-0.0936695262789726
"rs117389699",-0.0608203522861004
"rs117227244",-0.0637151077389717
"rs17763104",-0.171488642692566
"rs75638861",-0.0521944239735603
"rs17689948",-0.116693146526814
"rs242950",0.14580050110817
"rs28364026",-0.0904557928442955
"rs28364032",-0.116893395781517
"rs28364027",-0.0913836359977722
"rs16940686",-0.0913833230733871
"rs56842912",-0.11676324903965
"rs5820597",-0.091326966881752
"rs118174035",-0.0786126330494881
"rs12937956",-0.0913112163543701
"rs117510714",-0.11672143638134
"rs117301738",-0.116708070039749
"rs4792825",-0.14532496035099
"rs117149222",-0.144376993179321
"rs11657992",-0.122204475104809
"rs17763658",-0.116183884441853
"rs929223",-0.0614849515259266
"rs171443",0.144251346588135
"rs242943",0.173754468560219
"rs192968972",-0.014695598743856
"rs143942024",0.372410476207733
"rs147575883",-0.0614113807678223
"rs148981495",-0.0614923201501369
"rs8079387",-0.248265758156776
"rs16940704",-0.0859016850590706
"rs11652070",-0.131791859865189
"rs17690883",-0.175867989659309
"rs34845889",-0.0812607407569885
"rs73313152",-0.117666013538837
"rs9890016",-0.119373209774494
"rs117350367",-0.0861670449376106
"rs16940711",-0.0860869586467743
"rs146576946",-0.0530976429581642
"rs9896752",-0.121388256549835
"rs62054826",-0.174713015556335
"rs117732767",-0.0852676555514336
"rs111358211",-0.128538221120834
"rs142998733",-0.0530245155096054
"rs140926888",-0.0611825324594975
"rs55735030",-0.0445089526474476
"rs7221167",0.505128026008606
"rs2521811",0.283127397298813
"rs4792889",-0.1668761074543
"rs4792890",-0.165974870324135
"rs962885",0.314215481281281
"rs2301689",0.314233273267746
"rs242935",0.314164251089096
"rs242934",-0.38822203874588
"rs242933",0.286173164844513
"rs242932",0.314270675182343
"rs140843301",0.370168298482895
"rs242931",0.314169973134995
"rs242930",0.314322948455811
"rs117346071",-0.142757758498192
"rs242929",0.314935386180878
"rs242928",-0.387672454118729
"rs67896329",-0.0899718329310417
"rs11869096",-0.387706965208054
"rs11657882",0.31459841132164
"rs7218286",0.314598888158798
"rs7220421",-0.387505888938904
"rs183086",0.31464147567749
"rs242923",0.28621307015419
"rs117466731",-0.0652677118778229
"rs188075497",0.369180202484131
"rs117730343",-0.0653497651219368
"rs2019820",-0.154874905943871
"rs114469358",-0.154728829860687
"rs117801051",-0.154449582099915
"rs242926",0.151737466454506
"rs117293754",0.303189814090729
"rs9910173",-0.154261469841003
"rs3744456",-0.173521041870117
"rs3744457",0.291255235671997
"rs7224541",-0.153897672891617
"rs11079726",0.288127243518829
"rs11079727",-0.218214765191078
"rs930119",0.288149118423462
"rs145127226",-0.0776488482952118
"rs574075136",0.156983658671379
"rs562958995",0.249794766306877
"17:43981648_A_G",0.144212603569031
"rs9898786",-0.153939485549927
"rs182322737",-0.0520645305514336
"rs3785879",-0.395607233047485
"rs4792893",-0.153771117329597
"rs1467967",0.30448842048645
"rs117166686",-0.0715734660625458
"rs61421488",-0.153007179498672
"rs9913462",-0.150638431310654
"rs62056843",0.326387375593185
"rs187738091",-0.0446464195847511
"rs35908989",-0.216051205992699
"rs66660193",-0.141152754426003
"rs8080903",0.379071533679962
"rs1560313",0.379028677940369
"rs2316776",-0.107491463422775
"rs138181598",-0.0531321652233601
"rs118137012",-0.0627084821462631
"rs62058963",0.365684658288956
"rs4792894",-0.147920712828636
"rs117915480",-0.0510906465351582
"rs242556",0.244141042232513
"rs9904290",0.378387600183487
"rs2055797",0.310228198766708
"rs12947764",-0.283019006252289
"rs16940742",-0.107017561793327
"rs71375325",-0.153431072831154
"rs1001945",0.378972500562668
"rs1967982",0.310504764318466
"rs184333823",-0.0356305614113808
"rs60426848",-0.107572980225086
"rs8078967",0.379069089889526
"rs8065800",0.310859084129333
"rs11867549",-0.271503627300262
"rs11653258",-0.244473040103912
"rs2435205",0.312105596065521
"rs117372337",-0.0921133160591125
"rs242557",-0.342823445796967
"rs116980531",-0.0655394122004509
"rs117224340",-0.0661285594105721
"rs182340972",-0.0331973806023598
"rs62062775",-0.243676424026489
"rs242562",-0.345479369163513
"rs144507520",-0.0638683885335922
"rs151268513",-0.0591890960931778
"rs2471736",-0.0502598769962788
"rs878917",-0.0634745359420776
"rs878918",-0.299856215715408
"rs242563",0.0424280241131783
"rs140161293",-0.0658215507864952
"rs242554",-0.368894666433334
"rs145236675",-0.0594713091850281
"rs35838379",-0.209883078932762
"rs16940758",-0.194924518465996
"rs2664006",-0.36917632818222
"rs62063286",-0.239161670207977
"rs62063287",-0.239355072379112
"rs76281607",0.197059884667397
"rs77169816",0.19706167280674
"rs117977938",-0.0861980766057968
"rs117559252",-0.0506600625813007
"rs116204525",-0.086150050163269
"rs9896485",-0.365152657032013
"rs10514889",-0.363853603601456
"rs34619181",0.2024767100811
"rs3785883",0.19673715531826
"rs13313562",0.20186273753643
"rs2435206",-0.29477521777153
"rs3785885",0.269867092370987
"rs2435207",-0.298953831195831
"rs191237882",-0.0681100711226463
"rs17651507",-0.269576042890549
"rs2435208",-0.204174935817719
"rs7209707",-0.128861680626869
"rs80189278",-0.108869187533855
"rs63750072",-0.0995603874325752
"rs63750222",-0.161868676543236
"rs2435209",-0.291571378707886
"rs2435210",-0.291600853204727
"rs2435211",-0.290551364421844
"rs8079215",0.272361308336258
"rs713522",0.509219586849213
"rs919463",-0.203854605555534
"rs2435212",-0.208097472786903
"rs2258689",-0.214540407061577
"rs2435213",-0.208320692181587
"rs141013430",-0.0629841908812523
"rs2435214",-0.209812045097351
"rs117990338",-0.0965036079287529
"rs11656151",-0.244462996721268
"rs575238669",-0.0394296757876873
"rs62063843",0.327000945806503
"rs2471737",0.510249972343445
"rs190355150",-0.0379080697894096
"rs2435200",0.517844974994659
"rs62063848",0.32752799987793
"rs117199550",-0.0896375924348831
"rs117455029",-0.0801058188080788
"rs11568305",-0.0879505351185799
"rs117562189",-0.123948991298676
"rs12051901",-0.267785161733627
"rs2471738",-0.242374047636986
"rs117439168",-0.0741355046629906
"rs7216893",-0.130839884281158
"rs138538686",-0.0718274861574173
"rs117499775",0.471413910388947
"rs2435201",-0.51497757434845
"rs2471739",0.217354670166969
"rs2435202",-0.0776908472180367
"rs73317025",-0.161170437932014
"rs73317026",-0.160217747092247
"rs2435203",-0.149482950568199
"rs56087321",-0.348775029182434
"rs11657504",-0.15594694018364
"rs4792897",-0.201530694961548
"rs370558872",0.206304416060448
"rs62064673",0.327222555875778
"rs41543317",0.34300571680069
"rs118039425",-0.0774725824594498
"rs3744460",-0.0306325256824493
"rs546445407",-0.0365041494369507
"rs117641629",-0.0736439824104309
"rs11079728",-0.108513653278351
"rs12150530",-0.20153371989727
"rs118109282",-0.0425605997443199
"rs66499584",-0.177008479833603
"rs146674965",-0.105872921645641
"rs149561857",-0.0320483967661858
"rs57930510",-0.0305596794933081
"rs67676322",-0.170997232198715
"rs916896",-0.349208146333694
"rs117539395",-0.0333366990089417
"rs16940797",-0.171049833297729
"rs11652638",0.0964232012629509
"rs17574005",-0.0552832782268524
"rs16940802",-0.0717534720897675
"rs2158256",0.471586495637894
"rs7521",0.392937988042831
"rs117379709",0.285513758659363
"rs116949011",-0.0494505725800991
"rs7220988",-0.351507633924484
"rs1078997",-0.170761242508888
"rs143920877",-0.0707213208079338
"rs7214674",-0.205706998705864
"rs16940845",-0.350444763898849
"rs2277613",-0.0333729386329651
"rs6503454",-0.205703347921371
"rs7213077",-0.351228505373001
"rs8064986",0.392816692590714
"rs62063662",-0.351117670536041
"rs10514899",-0.351244240999222
"rs62063664",0.325843721628189
"rs67682367",-0.170670986175537
"rs144324202",0.32592099905014
"rs72836318",-0.24813112616539
"rs151036546",-0.0939794853329659
"rs8074761",-0.205536335706711
"rs111806951",0.205391645431519
"rs8078067",-0.351556330919266
"rs117058813",-0.0486255884170532
"rs139360246",-0.028909569606185
"rs11869074",-0.170607343316078
"rs11654745",-0.351623177528381
"rs4792827",0.390086770057678
"rs28689858",0.104007862508297
"rs78781413",-0.0332067348062992
"rs74536520",-0.033568874001503
"rs56166297",-0.170567780733109
"rs12449717",-0.0331770516932011
"rs191722643",-0.0361448340117931
"rs933317",-0.205657333135605
"rs9303524",-0.205653056502342
"rs141371243",-0.0511420369148254
"rs181613315",-0.0511422455310822
"rs144452577",-0.0820323526859283
"rs6503455",-0.351710379123688
"rs118185397",-0.121612325310707
"rs11079730",-0.170561254024506
"rs11079731",-0.205630406737328
"rs2301732",-0.0331758707761765
"rs117385703",-0.105959944427013
"rs111288789",0.344177573919296
"rs12150057",-0.0710623264312744
"rs9898030",-0.205095410346985
"rs6503456",-0.205651476979256
"rs58810165",-0.170542076230049
"rs112262016",0.189178675413132
"rs141560852",-0.0880406126379967
"rs79436222",-0.0331421419978142
"rs11656663",-0.0710033625364304
"rs11079732",0.392859786748886
"rs72836329",-0.351211965084076
"rs11654640",0.392702460289001
"rs117904013",-0.0443148426711559
"rs66524664",-0.170484244823456
"rs2158258",0.392933309078217
"rs72628322",-0.0820742920041084
"rs78620080",-0.0331388153135777
"rs116902028",-0.0331337749958038
"rs143125392",-0.0866663753986359
"rs117124819",-0.0483105778694153
"rs72628323",-0.170001789927483
"rs2023862",-0.0330313257873058
"rs72628324",-0.169982552528381
"rs60521849",-0.356306493282318
"rs75271045",0.218772634863853
"rs11658616",-0.0709379240870476
"rs146283796",-0.0285327676683664
"rs8065825",-0.356240689754486
"rs16940890",-0.0821904987096786
"rs2023861",-0.0293909106403589
"rs16940893",-0.0823482051491737
"rs113564729",-0.356301546096802
"rs57319081",-0.14363606274128
"rs11652924",0.397396385669708
"rs118079864",-0.0409314446151257
"rs116952167",-0.0708670318126678
"rs140613665",-0.0635944604873657
"rs117795466",-0.0328814685344696
"rs4510068",0.497954100370407
"rs74518378",-0.143668651580811
"rs8070420",-0.356226891279221
"rs4997213",-0.205837443470955
"rs117754181",-0.123102433979511
"rs9904766",0.39735820889473
"rs7225002",0.514179050922394
"rs56807059",-0.356312125921249
"rs2016034",0.396560788154602
"rs145591718",-0.0522219352424145
"rs11653367",-0.305668979883194
"rs144442307",-0.0602971278131008
"rs34517924",-0.170100480318069
"rs117685808",-0.0641155391931534
"rs57240476",-0.106812633574009
"rs35018866",0.101696938276291
"rs12603341",-0.0331391021609306
"rs4792830",-0.205842882394791
"rs72628325",-0.170210257172585
"rs117770816",-0.106284476816654
"rs72628326",-0.0825438126921654
"rs8068300",0.396649301052094
"rs78746179",-0.132766976952553
"rs62063173",0.325674384832382
"rs117965585",-0.0542823038995266
"rs118008815",-0.0822145789861679
"rs146682924",-0.0692638084292412
"rs12941738",-0.205754518508911
"rs117913167",-0.205746993422508
"17:44215394_G_A",-0.0825677514076233
"17:44215859_A_G",-0.170227661728859
"17:44216322_C_A",-0.17019647359848
"rs117056889",-0.0705036222934723
"17:44219374_C_A",-0.0330031365156174
"17:44219457_T_C",-0.205527737736702
"17:44219492_T_C",-0.0330427251756191
"rs192179849",-0.0599744133651257
"17:44221843_A_G",-0.356394857168198
"17:44222138_A_G",0.101786315441132
"17:44222424_G_C",0.397294163703918
"rs112590061",-0.00404729740694165
"rs112590061",-0.0504372082650661
"17:44223974_C_T",0.177107855677605
"17:44224272_G_A",0.397095412015915
"17:44225231_G_A",-0.205522134900093
"17:44228894_T_C",-0.170057222247124
"17:44229559_C_T",-0.170024663209915
"rs191050440",-0.0636164769530296
"rs17585082",-0.0548488385975361
"17:44230598_G_A",-0.205342769622803
"17:44234168_G_A",-0.143048688769341
"17:44235827_C_A",-0.356135457754135
"17:44236005_C_T",-0.356262296438217
"17:44237744_A_C",-0.170235246419907
"rs117319569",-0.11536580324173
"17:44237806_T_C",-0.082584485411644
"17:44238126_T_C",0.10152105987072
"rs17662379",-0.0542476214468479
"rs62060880",0.340991079807281
"rs187228148",0.339850693941116
"rs143883750",-0.0610591098666191
"rs12449508",-0.03255919739604
"rs2532287",0.101488426327705
"17:44241530_T_A",-0.169807687401772
"rs117405676",-0.101749360561371
"rs7206949",-0.356191754341125
"17:44247415_C_T",-0.169961556792259
"17:44248848_G_A",-0.204960703849792
"17:44250433_T_C",-0.169434115290642
"rs117026337",-0.0520240031182766
"rs182501205",-0.0241275820881128
"rs139376647",-0.0261091738939285
"rs144997692",-0.0551425516605377
"rs8064802",-0.297763139009476
"rs142680430",-0.065749928355217
"17:44262950_G_A",0.390806972980499
"17:44264420_G_C",-0.199063047766685
"17:44265334_A_G",0.101935587823391
"17:44265839_C_T",0.507793843746185
"rs145138792",-0.0411638244986534
"rs117446119",-0.0368619337677956
"17:44268905_A_G",-0.199262663722038
"17:44270181_G_A",-0.349640816450119
"rs2532231",0.390721619129181
"rs117464802",-0.0820693522691727
"rs192160426",-0.0450762026011944
"17:44282481_C_A",-0.106694668531418
"rs140593577",-0.0519430413842201
"rs12602345",-0.169242039322853
"rs11654982",-0.349304109811783
"rs184672870",-0.0398398488759995
"rs139566238",-0.0518164001405239
"17:44286384_C_A",-0.349873334169388
"17:44289781_T_A",-0.169149085879326
"17:44289832_A_G",0.50820380449295
"17:44291980_G_A",0.391266822814941
"rs191685667",-0.0418085642158985
"17:44296103_C_A",-0.168972596526146
"17:44297293_C_T",-0.0879577398300171
"rs56864675",-0.168833136558533
"rs143726776",-0.0706841796636581
"rs140388865",-0.0723379477858543
"rs2732635",-0.0323749519884586
"rs2668637",0.547142207622528
"rs79475968",-0.204637065529823
"rs12953096",-0.196897059679031
"rs76583033",-0.138067007064819
"rs2732684",-0.0324690788984299
"rs11871260",-0.138154029846191
"rs12603479",-0.137791931629181
"rs56289714",-0.137777358293533
"rs4988900",-0.377279341220856
"rs2532345",-0.2703478038311
"rs3744462",-0.0854110419750214
"rs150324371",-0.0829526782035828
"rs2532337",-0.0325321815907955
"rs143275150",-0.0701234638690948
"rs75134797",-0.135263070464134
"rs2732700",-0.0325438603758812
"rs62071628",-0.378305315971375
"rs75098428",-0.135255500674248
"rs74606758",-0.135078087449074
"rs143562817",-0.0615436546504498
"rs77471755",0.640243053436279
"rs78625142",0.696395397186279
"rs78117635",0.26367112994194
"rs273537",0.0472122170031071
"rs62072114",-0.0614857561886311
"rs155739",-0.0563917383551598
"17:44567463_T_C",-0.0805614963173866
"rs3874943",-0.447520315647125
"rs147134771",-0.198921769857407
"rs1863115",0.262702733278275
"rs568039055",-0.242115870118141
"rs546475746",0.221453562378883
"rs9889297",0.248008131980896
"rs9891167",0.228128701448441
