"SNP","rs12497850"
"rs6806860",0.0127562144771218
"rs34351471",0.0127625176683068
"rs13070035",0.0127627458423376
"rs6768699",0.0127520430833101
"rs62262131",-0.22360198199749
"rs6782998",0.01264554169029
"rs116415539",0.0367473997175694
"rs149962417",0.100443869829178
"rs17278560",-0.132989585399628
"rs140431721",-0.0543062202632427
"rs6785669",0.0123584382236004
"rs116935490",-0.0869616568088531
"rs6786001",0.0127636790275574
"rs115211917",0.0546966418623924
"rs78299429",0.00345070380717516
"rs73083198",0.100643090903759
"rs12495204",0.0127645190805197
"rs7618758",0.0127534735947847
"rs6442079",0.0123572070151567
"rs111706279",-0.224516615271568
"rs13094264",0.0123571651056409
"rs73085108",-0.142271041870117
"rs11712464",-0.0113148735836148
"rs4858851",0.0123571790754795
"rs78290842",0.0236315727233887
"rs34777284",0.0126354536041617
"rs112324808",0.0608370043337345
"rs7649393",0.0123520763590932
"rs7638103",0.0123103260993958
"rs76060013",-0.256180733442307
"rs6442081",0.0127729242667556
"rs11130147",0.0127591714262962
"rs11130148",0.0123521890491247
"rs77016733",0.0361154191195965
"rs56376646",-0.01134267821908
"rs6792737",0.0127587001770735
"rs11714942",0.012759268283844
"rs74551416",0.0034589497372508
"rs7428880",0.0636464208364487
"rs114418931",0.0736374631524086
"rs62262133",-0.223714053630829
"rs142987136",0.00664277607575059
"rs151231939",-0.110326841473579
"rs193179530",-0.112834841012955
"rs74835552",0.0247166324406862
"rs7612219",0.0127597991377115
"rs35148469",0.0127597991377115
"rs7645846",0.0127597991377115
"rs146369296",0.0846815928816795
"rs17079785",0.0127838514745235
"rs6442082",0.0127597311511636
"rs6442083",0.0127587215974927
"rs79977467",0.0763804838061333
"rs13064183",0.012800145894289
"rs11927129",-0.0112968999892473
"rs112445131",0.0931265950202942
"rs141891350",0.0707508027553558
"rs145299887",-0.132955834269524
"rs6777632",0.0131672853603959
"rs114422264",0.0969092324376106
"rs79139244",0.0767176002264023
"rs7637372",0.0131701249629259
"rs62263561",-0.011522626504302
"rs73085144",0.100636072456837
"rs7646982",0.012937500141561
"rs73085149",-0.141384333372116
"rs115719674",-0.112959310412407
"rs73085151",-0.0114974845200777
"rs112345627",-0.224151447415352
"rs139642084",-0.0867050364613533
"rs13098128",0.0128198163583875
"rs7637950",0.0127992620691657
"rs55823596",-0.0113966576755047
"rs13319205",-0.0365499965846539
"rs138668922",-0.0378300845623016
"rs6442085",0.0128080463036895
"rs4858853",-0.011384061537683
"rs139904952",0.0676831528544426
"rs13091913",0.0121626779437065
"rs142495009",-0.186880141496658
"rs11709289",0.0493444874882698
"rs116026916",0.0469101034104824
"rs12495520",0.013397328555584
"rs9757517",0.0122641995549202
"rs149794733",0.067939817905426
"rs137910461",-0.0379191376268864
"rs185185946",-0.109609447419643
"rs4858857",0.0126922531053424
"rs11721100",-0.112991541624069
"rs78969116",-0.151043519377708
"rs113549416",-0.13733834028244
"rs139300848",0.0687960386276245
"rs72906474",-0.0984513461589813
"rs115137156",-0.036838848143816
"rs1486915",0.0120540205389261
"rs113025130",0.0599930360913277
"rs5016899",0.00362010905519128
"rs5016900",0.0493949614465237
"rs116426957",-0.0809565559029579
"rs6442086",0.0110516482964158
"rs73085163",0.095041386783123
"rs13086149",0.0124300848692656
"rs115901708",-0.174649551510811
"rs34906469",0.0124693186953664
"rs146706706",0.0625844970345497
"rs192562117",0.0303394068032503
"rs6776963",0.0107786636799574
"rs79605227",-0.0454877689480782
"rs34711187",-0.107809670269489
"rs113579338",0.0596412345767021
"rs144983377",-0.0381127297878265
"rs61181421",0.0120389172807336
"rs74390520",0.12384919822216
"rs6792350",0.0116420015692711
"rs74495218",0.00350212585180998
"rs34448818",0.0497428998351097
"rs35698005",0.0117360958829522
"rs146776068",0.0674758329987526
"rs34569417",0.0119511103257537
"rs150243978",0.0674267038702965
"rs138543873",0.0598739348351955
"rs11706549",-0.148254692554474
"rs2101398",0.0120340557768941
"rs182599282",0.112905822694302
"rs62263573",-0.031251598149538
"rs4858863",0.0106267770752311
"rs62263575",0.0116451093927026
"rs115791305",0.0520302541553974
"rs7629850",0.0106155788525939
"rs3888",0.0116444220766425
"rs73085185",-0.140511140227318
"rs114279211",0.0521103702485561
"rs73085189",0.101366214454174
"rs4858860",0.0116451093927026
"rs73085191",-0.237835586071014
"rs78273381",0.0298827383667231
"rs13079407",0.0120812579989433
"rs148834870",-0.133221760392189
"rs13072132",0.0497433021664619
"rs3772399",0.0119988694787025
"rs115280199",0.0734576880931854
"rs73085201",-0.133221760392189
"rs3915654",0.0119978440925479
"rs147452151",-0.119186960160732
"rs35582375",0.0119978180155158
"rs74854944",-0.136518865823746
"rs13077230",0.0119959432631731
"rs11130150",0.0119985323399305
"rs34507589",0.0497273728251457
"rs34249203",0.011595438234508
"rs9850154",0.0105339353904128
"rs11710199",0.0119719943031669
"rs113128094",0.06504275649786
"rs142643832",-0.188687101006508
"rs145943094",0.0730326101183891
"rs17290490",0.0120767652988434
"rs62263577",0.17131070792675
"rs319695",-0.00776911713182926
"rs319694",-0.0109327742829919
"rs201886325",-0.032172866165638
"rs319693",-0.0108939418569207
"rs78817662",0.0240456145256758
"rs1061138",0.0521885082125664
"rs11548144",0.00499596679583192
"rs1061003",0.0419645495712757
"rs150505333",-0.00878722313791513
"rs1875103",0.0153021076694131
"rs111679040",0.0614898316562176
"rs17290686",0.0115480022504926
"rs17290714",0.123019687831402
"rs17303478",0.108036413788795
"rs319680",0.0350188054144382
"rs2306794",0.0264168474823236
"rs13066266",-0.0844705104827881
"rs1684942",0.0446835421025753
"rs73087117",0.101816855370998
"rs7429990",0.0348362885415554
"rs111372082",0.0362639203667641
"rs35943823",0.0362666770815849
"rs140778398",0.0584595203399658
"rs1665982",0.0365800447762012
"rs800762",0.0433185137808323
"rs142724087",-0.0289457775652409
"rs777014",0.0422541946172714
"rs78691034",0.0131582617759705
"rs144679909",0.00637109996750951
"rs4858867",-0.0373388864099979
"rs3772398",0.0225750524550676
"rs17729010",-0.0149410888552666
"rs34711403",-0.0526926666498184
"rs146945356",-0.0102655682712793
"rs7638388",0.19735361635685
"rs319682",0.0423616319894791
"rs537167761",0.0107127754017711
"rs141038755",0.0674301758408546
"rs319681",0.0438671410083771
"rs140407011",0.09673872590065
"rs4858869",-0.0372449457645416
"rs2631721",0.042600866407156
"rs73087121",-0.142379656434059
"rs319692",0.0428659431636333
"rs319691",0.0423591658473015
"rs319690",0.0423591658473015
"rs319689",0.0423589944839478
"rs319688",0.0423257686197758
"rs319687",0.0427077561616898
"rs4858870",0.0226096492260695
"rs777017",0.0439089834690094
"rs140341914",-0.108080737292767
"rs319686",0.0424294099211693
"rs113905179",0.0609178207814693
"rs319685",0.0423265695571899
"rs319684",0.0423259027302265
"rs114309306",0.067937433719635
"rs73087122",-0.242600336670876
"rs75485436",0.0731020346283913
"rs114143014",-0.132535442709923
"rs810334",0.0423247031867504
"rs77580994",-0.0298678167164326
"rs777016",0.121636271476746
"rs777015",0.0423563830554485
"rs796566",0.0428257174789906
"rs183489017",-0.111316598951817
"rs73087125",-0.144395262002945
"rs184388",0.0437394194304943
"rs319696",0.0436709225177765
"rs71323371",0.0384427160024643
"rs35199727",0.0439272858202457
"rs34380889",0.0495783761143684
"rs11707258",-0.0951930433511734
"rs77663456",0.0423805043101311
"rs13072917",0.1819818764925
"rs73087129",-0.142627060413361
"rs78216580",-0.0817016661167145
"rs4858871",0.0423809364438057
"rs34025851",0.0437950529158115
"rs1137524",0.0426760576665401
"rs11707679",0.0439213067293167
"rs56313601",-0.141477704048157
"rs2230169",-0.158953115344048
"rs1060407",0.0436438173055649
"rs6772396",0.0422878190875053
"rs13093830",0.0437919832766056
"rs557120398",0.0464710406959057
"rs56321066",-0.141634687781334
"rs142816527",0.0824237242341042
"rs151338620",-0.0378567464649677
"rs150038509",0.0584855452179909
"rs142088257",0.0740764737129211
"rs6783629",0.0426726676523685
"rs184852236",0.0772167593240738
"rs141797142",0.00827472377568483
"rs3732529",0.0423749946057796
"rs73087134",-0.241613298654556
"rs60446735",0.0423882268369198
"rs148959163",0.102341875433922
"rs62260761",-0.185001894831657
"rs9812875",0.0423480421304703
"rs146651598",-0.113480888307095
"rs140429988",0.0834114551544189
"rs2882668",0.0423552058637142
"rs114764847",0.12441448867321
"rs62260762",0.170530989766121
"rs115016028",0.124410159885883
"rs7619882",0.0423881262540817
"rs139128804",0.0930418744683266
"rs7653368",0.0445647500455379
"rs9842649",0.0458759590983391
"rs34750113",0.0460568815469742
"rs62260764",0.0638746619224548
"rs78700949",0.073593981564045
"rs137940588",-0.18304306268692
"rs1550914",0.059874851256609
"rs112427907",-0.019750727340579
"rs9846062",0.059855043888092
"rs76992745",-0.113683834671974
"rs7649981",0.0597148463129997
"rs112745835",0.0740718767046928
"rs2053767",0.0597249493002892
"rs7431111",0.0586001500487328
"rs4364189",0.0585527718067169
"rs148673756",-0.113462753593922
"rs62260778",-0.220461934804916
"rs7374516",0.059784971177578
"rs143338674",0.0687853768467903
"rs114201769",-0.121841929852962
"rs2166770",0.059822641313076
"rs146937170",-0.113491676747799
"rs75420707",0.0194339361041784
"rs73087137",-0.190559357404709
"rs6773208",0.0602354556322098
"rs6806820",0.0602416731417179
"rs6442090",0.059746440500021
"rs73087139",-0.190350145101547
"rs62260779",0.196987241506577
"rs9882308",0.268038213253021
"rs9811277",0.0597537495195866
"rs77789728",-0.107014141976833
"rs9854454",0.0598975047469139
"rs17079882",-0.139555498957634
"rs9862913",0.0604479052126408
"rs9814961",0.0597529374063015
"rs143620723",-0.11351802200079
"rs6770467",-0.0597278848290443
"rs6770477",-0.0597272142767906
"rs73087145",-0.133073315024376
"rs28637561",-0.0593843758106232
"rs34170328",-0.0493815615773201
"rs73087150",0.101806677877903
"rs7426976",-0.0601763837039471
"rs7427418",-0.0597190037369728
"rs767512",-0.121263854205608
"rs13075795",-0.0597014687955379
"rs7431572",-0.0597129389643669
"rs144518477",0.156225845217705
"rs13074973",-0.0597128756344318
"rs117077631",-0.113388374447823
"rs1013431",-0.0601498261094093
"rs35314534",-0.0611935891211033
"rs55772523",-0.221154525876045
"rs141542141",0.012354351580143
"rs7430913",-0.0597514733672142
"rs78124336",0.0835175290703773
"rs116068666",-0.188584819436073
"rs75913235",0.0224107392132282
"rs114972739",0.0957443863153458
"rs183343089",0.0309705454856157
"rs7433678",-0.0602366961538792
"rs7430879",-0.0597576014697552
"rs11711953",-0.149613946676254
"rs115598623",0.068295493721962
"rs138593491",-0.103777706623077
"rs6442091",-0.0612076669931412
"rs4293721",-0.0597212463617325
"rs2121754",-0.0597515255212784
"rs140542363",0.0588316358625889
"rs2166772",-0.059880081564188
"rs62260785",0.171344399452209
"rs111656888",0.0731216445565224
"rs11918619",0.0586948245763779
"rs13075457",-0.0501084625720978
"rs75646057",0.0586212389171124
"rs11130152",-0.0501020848751068
"rs17079910",-0.0382152497768402
"rs114173428",0.0721265375614166
"rs139388934",0.0833465903997421
"rs147797537",-0.010048896074295
"rs75569535",-0.189813151955605
"rs138860964",0.0708038732409477
"rs17498376",0.0221113618463278
"rs4858879",-0.0811546146869659
"rs145407011",0.111790910363197
"rs4599334",-0.0610187985002995
"rs4296617",-0.0614405423402786
"rs62260788",0.200487241148949
"rs11130154",-0.0596526637673378
"rs114767869",-0.112189665436745
"rs1530646",-0.0597573593258858
"rs145632071",0.0220589097589254
"rs5012971",-0.059658732265234
"rs192428314",0.0836615413427353
"rs77008171",0.0834908708930016
"rs4392441",-0.0599888563156128
"rs11918669",0.0586613975465298
"rs6442094",-0.060950480401516
"rs4858876",-0.0596220307052135
"rs11919665",-0.0601585730910301
"rs6442096",-0.061130341142416
"rs116786562",-0.234746128320694
"rs138447330",0.1019471809268
"rs115974143",0.156661152839661
"rs9828959",-0.0609898716211319
"rs4858887",-0.0609863325953484
"rs35979968",0.0813992545008659
"rs4858884",0.0586886294186115
"rs7627645",-0.0597029067575932
"rs7642590",-0.0617349892854691
"rs140371849",0.0831106603145599
"rs62260850",0.171960055828094
"rs4858880",-0.0608449317514896
"rs74568844",0.0767785608768463
"rs7651237",-0.0823335126042366
"rs6771917",-0.153188467025757
"rs79692835",-0.113919071853161
"rs11711129",-0.0621153227984905
"rs7620736",-0.0606847740709782
"rs148321995",0.0685615614056587
"rs11924107",-0.0611162148416042
"rs6791834",-0.0607056617736816
"rs56067795",-0.0606812946498394
"rs536470496",0.0333326496183872
"rs6768318",-0.0621119663119316
"rs7618163",-0.0621213056147099
"rs35689209",-0.0606840439140797
"rs13081463",-0.0606857761740685
"rs148675210",0.0804729163646698
"rs192030629",0.0806533396244049
"rs6803741",-0.0618360936641693
"rs4858881",-0.0606002472341061
"rs75072069",0.0191490072757006
"rs78674049",-0.110569424927235
"rs6442101",-0.0616922937333584
"rs62260855",0.172719269990921
"rs114233097",0.123985514044762
"rs4858882",-0.0616857260465622
"rs75092450",0.0126440217718482
"rs13085054",-0.0989547967910767
"rs143928419",-0.222032308578491
"rs9825114",-0.100075833499432
"rs138164952",0.0962812080979347
"rs13089844",-0.0985583662986755
"rs11130155",-0.0991444140672684
"rs11720151",-0.0999042093753815
"rs116645331",-0.232103809714317
"rs114205489",0.106022022664547
"rs12493348",-0.0985579118132591
"rs73072311",-0.142555579543114
"rs11710866",-0.0991485938429832
"rs6766641",-0.100201196968555
"rs73072312",0.0960116982460022
"rs11720973",0.120804518461227
"rs79350839",0.0583867691457272
"rs12486714",-0.0985186845064163
"rs189387723",0.0907024592161179
"rs67536946",-0.118916548788548
"rs150868205",0.100245654582977
"rs13080997",-0.0985877513885498
"rs11926049",0.016385355964303
"rs6442102",-0.0990923568606377
"rs2361684",-0.0985940098762512
"rs4858883",0.022323539480567
"rs2361683",-0.098581001162529
"rs34597784",-0.0985867157578468
"rs114348268",-0.113724887371063
"rs6777081",-0.100195452570915
"rs11714518",-0.0992089211940765
"rs7427648",-0.0986030846834183
"rs140445160",0.0798328444361687
"rs11720680",-0.178671553730965
"rs182837739",-0.023504476994276
"rs148413194",0.08394405990839
"rs114397673",-0.125253245234489
"rs73072330",-0.0047567686997354
"rs936428",-0.0983670502901077
"rs7374482",-0.0979150235652924
"rs34045152",-0.233078986406326
"rs10446426",-0.107266515493393
"rs115294083",-0.0209277346730232
"rs13094658",0.126627832651138
"rs2034963",-0.107712812721729
"rs35942721",0.243663862347603
"rs34513961",0.250262826681137
"rs58853735",-0.426381915807724
"rs187806547",0.0718416720628738
"rs147395275",0.0163703449070454
"rs138096147",-0.202243566513062
"rs17647531",0.139600604772568
"rs6442105",-0.220234766602516
"rs143815076",0.0244792476296425
"rs9832957",-0.219895362854004
"rs12497732",0.00833785068243742
"rs4858892",-0.222500368952751
"rs79233059",-0.120574474334717
"rs73072351",-0.243428617715836
"rs6442108",-0.222374781966209
"rs6442109",-0.222374811768532
"rs11711766",-0.222386702895164
"rs7617773",-0.222369804978371
"rs2100692",-0.324559986591339
"rs6771889",-0.222581937909126
"rs116033001",-0.244781881570816
"rs116797718",-0.0452501773834229
"rs6797587",-0.216210603713989
"rs11130158",-0.318865746259689
"rs3731563",0.0871842503547668
"rs9862131",0.268295139074326
"rs3731557",0.00977347884327173
"rs41290676",-0.169180124998093
"rs3731555",0.269764006137848
"rs3731553",0.179920539259911
"rs139070788",0.0993501245975494
"rs3731551",0.0100464830175042
"rs77491117",0.0727065354585648
"rs3731544",0.179765492677689
"rs3731534",0.269783347845078
"rs3731532",0.0754566118121147
"rs3731529",-0.527890920639038
"rs3731527",0.0870982334017754
"rs9831531",0.267408788204193
"rs3731523",0.0995030030608177
"rs936426",0.26742684841156
"rs3731516",0.0513511821627617
"rs3731515",0.269695550203323
"rs3731513",0.269772917032242
"rs3731510",-0.435321539640427
"rs3731509",0.0869270786643028
"rs3731507",0.106399215757847
"rs3731505",0.051289938390255
"rs3731503",0.175725355744362
"rs3731497",0.269820660352707
"rs1380053",-0.0802504271268845
"rs3731494",0.0864386633038521
"rs3731490",0.0869239270687103
"rs3731489",0.26978400349617
"rs3729577",0.26979011297226
"rs146179438",0.0779896751046181
"rs3731487",0.269781291484833
"rs3731485",0.0099929254502058
"rs6763242",-0.0131824230775237
"rs1903061",0.348669439554214
"rs7628197",-0.094464123249054
"rs144170082",-0.121019132435322
"rs147853915",-0.131897747516632
"rs9844505",0.48422709107399
"rs74942266",-0.0754546821117401
"rs7647817",0.2697793841362
"rs11707606",0.269937306642532
"rs115153799",-0.0415324978530407
"rs2361685",0.267977148294449
"rs77839556",-0.0753233432769775
"rs13087929",0.269847333431244
"rs114113231",0.00996004976332188
"rs139604705",-0.0754696726799011
"rs36064160",0.270070552825928
"rs28759711",0.251022398471832
"rs190162339",-0.0429074242711067
"rs141015497",0.0744417980313301
"rs542138930",0.0743583664298058
"rs73072366",-0.265316784381866
"rs17786132",0.270174473524094
"rs58582477",-0.080315001308918
"rs73072368",0.097052089869976
"rs35456569",0.270207911729813
"rs76772800",0.144402638077736
"rs189811946",-0.145911231637001
"rs11715799",0.270187079906464
"rs148663309",0.144370168447495
"rs72622931",0.0608003474771976
"rs116794113",-0.133134499192238
"rs36020562",0.270218819379807
"rs141114471",0.0737665370106697
"rs34728236",0.270281434059143
"rs11130161",-0.0757513120770454
"rs79310258",0.270225197076797
"rs62263023",0.199982613325119
"rs75747211",0.119392849504948
"rs115015060",-0.13140369951725
"rs57994790",-0.080567330121994
"rs36019664",0.11703983694315
"rs77948161",0.0404901020228863
"rs145342511",-0.131863534450531
"rs77993828",0.0835989341139793
"rs77598739",0.0731325522065163
"rs75225498",0.021907752379775
"rs13097450",0.270312130451202
"rs139682949",0.100617818534374
"rs2889854",0.483594536781311
"rs75635329",-0.117279000580311
"rs115847114",-0.0443127639591694
"rs7636461",0.269257932901382
"rs745116",0.268956542015076
"rs78206331",0.0850457325577736
"rs72622932",0.0607811622321606
"rs115324892",0.0731353461742401
"rs75129591",-0.070433109998703
"rs73831561",-0.0757704898715019
"rs142217494",0.100499421358109
"rs11719365",0.270823687314987
"rs6796343",0.27080163359642
"rs73072377",0.100418508052826
"rs9830016",0.269182324409485
"rs9847953",0.268919140100479
"rs150751569",0.135951951146126
"rs11928691",0.26826998591423
"rs147155634",-0.0424318537116051
"rs140300210",0.100860372185707
"rs13059037",0.270701617002487
"rs77945157",0.135863155126572
"rs138483413",0.100840613245964
"rs9311421",0.269193917512894
"rs35414021",0.270679712295532
"rs9878281",0.0721544325351715
"rs189601630",-0.0426852218806744
"rs74564838",-0.075793020427227
"rs35010013",0.145895406603813
"rs143347129",0.0708920657634735
"rs71323391",0.271147757768631
"rs11710861",0.268946826457977
"rs147737977",0.018978962674737
"rs73831563",-0.075799286365509
"rs114976310",0.104273557662964
"rs150321493",0.102158613502979
"rs142303869",0.0195790249854326
"rs7644414",0.234037309885025
"rs17080039",-0.145026311278343
"rs936427",0.270678132772446
"rs9850672",0.269077390432358
"rs73072380",0.106394372880459
"rs13068265",0.270685195922852
"rs11709691",0.270901083946228
"rs148970843",0.076823778450489
"rs143500738",-0.0217193551361561
"rs148000660",0.106185056269169
"rs17647717",0.271981656551361
"rs149502526",-0.0473654121160507
"rs36092070",0.270117789506912
"rs75264182",0.0836585983633995
"rs73072383",-0.266605377197266
"rs11718329",0.27109032869339
"rs77657911",0.074467197060585
"rs6442111",0.270902335643768
"rs3937",0.270937293767929
"rs115273086",0.074024461209774
"rs12629366",0.135671228170395
"rs116763591",0.103088900446892
"rs6775179",0.270944982767105
"rs116635399",0.0554721131920815
"rs79345136",0.0838126763701439
"rs76508722",0.0837918817996979
"rs146600709",0.0893411263823509
"rs6442112",0.443006098270416
"rs114114497",0.0738109275698662
"rs60305502",-0.0758845657110214
"rs73072389",0.104254379868507
"rs9819094",0.269668698310852
"rs13072018",0.27138888835907
"rs75630832",0.0521480925381184
"rs62263027",0.180987790226936
"rs200996685",-0.0466701798141003
"rs2125482",0.270174443721771
"rs35944878",0.270190507173538
"rs13094727",0.271312594413757
"rs6800492",0.27019190788269
"rs12633518",-0.0810476988554001
"rs9837228",0.270066410303116
"rs9818937",0.270226716995239
"rs6801801",0.269735842943192
"rs141335688",0.0741973146796227
"rs9833309",0.270266532897949
"rs78727303",-0.119680404663086
"rs9853804",0.270267099142075
"rs9834095",0.270332366228104
"rs4131361",0.270296603441238
"rs4131362",0.270305722951889
"rs6791930",0.270316034555435
"rs6794644",0.27040621638298
"rs77957078",0.271462798118591
"rs13068288",0.236235842108727
"rs7648720",0.270064055919647
"rs7614532",0.273272544145584
"rs149636734",0.0855585187673569
"rs190340751",-0.123615369200706
"rs62263029",-0.137309283018112
"rs7651161",0.346327036619186
"rs3197223",0.268571346998215
"rs13067450",0.268538057804108
"rs4479622",0.268532961606979
"rs34946886",0.268531173467636
"rs13079728",0.268824338912964
"rs34589064",0.268598347902298
"rs35512171",0.147070467472076
"rs2541",0.268598347902298
"rs13084616",0.268610835075378
"rs13085251",0.268598347902298
"rs114236308",0.0838034078478813
"rs34523942",0.266980826854706
"rs35297395",0.268543541431427
"rs34373799",-0.0843850374221802
"rs36075665",0.268769383430481
"rs34630841",0.2687768638134
"rs35190747",0.268550723791122
"rs34146962",-0.080046720802784
"rs4511915",0.268550723791122
"rs13066758",0.268550723791122
"rs4392440",0.268550723791122
"rs13082859",0.268550723791122
"rs35802497",0.268774807453156
"rs36121690",0.268775284290314
"rs62263031",0.182830899953842
"rs34136919",-0.0847502201795578
"rs35778847",0.268548727035522
"rs34749846",0.268548727035522
"rs7632297",0.268773436546326
"rs79089926",0.268553614616394
"rs201485204",0.00803668145090342
"rs77044321",0.26913970708847
"rs13070210",0.268518924713135
"rs4511916",0.268548041582108
"rs7624450",0.268537551164627
"rs6793150",0.268547624349594
"rs6793239",0.268547624349594
"rs73831566",-0.0842491835355759
"rs6782166",0.268547624349594
"rs139904492",0.100575976073742
"rs145804812",-0.17097370326519
"rs4130522",0.268547624349594
"rs115979122",0.135794624686241
"rs77914261",0.085225909948349
"rs4371540",0.268772631883621
"rs13095983",0.26876974105835
"rs13069029",0.268994092941284
"rs13081169",0.268544465303421
"rs13081633",0.268768131732941
"rs74735576",0.0825599804520607
"rs191201528",0.0704917907714844
"rs7652233",0.268549591302872
"rs35411187",0.268552362918854
"rs11706277",0.268549591302872
"rs11714176",0.268549591302872
"rs11718350",0.268760681152344
"rs7653152",0.268699198961258
"rs112948211",0.0516400262713432
"rs7645425",0.268936604261398
"rs11716371",0.268952667713165
"rs6804986",0.267223596572876
"rs6793223",0.26892876625061
"rs4420898",0.268697261810303
"rs4541431",0.268696993589401
"rs112910787",0.0596040412783623
"rs11714944",0.268910497426987
"rs13071960",0.268700957298279
"rs4632568",0.26871645450592
"rs4619808",0.2684585750103
"rs11130164",0.268714040517807
"rs112837921",0.050790548324585
"rs7653336",0.268910050392151
"rs34076262",0.268700361251831
"rs62263033",-0.233575657010078
"rs13090538",0.268683433532715
"rs13060020",0.26884800195694
"rs11710257",0.268975406885147
"rs11706221",0.268904566764832
"rs13061269",0.269177675247192
"rs112073313",0.269275695085526
"rs71323395",0.269282877445221
"rs111317718",0.03458246961236
"rs71323396",0.269036859273911
"rs150979059",0.0357428267598152
"rs71323397",0.269328147172928
"rs71323398",-0.0957094877958298
"rs11713476",0.231799751520157
"rs111812252",0.051575556397438
"rs11717716",0.269191652536392
"rs114912702",-0.170042559504509
"rs13066044",0.269470602273941
"rs149957351",-0.108724631369114
"rs11715776",0.269301414489746
"rs11924352",-0.0981713011860847
"rs11707997",0.269577711820602
"rs35297486",0.274017065763474
"rs7642363",-0.0978883355855942
"rs11716848",0.269229501485825
"rs13069884",0.378174513578415
"rs13095891",-0.0568183436989784
"rs2017859",0.377479940652847
"rs2017858",0.3780757188797
"rs34008503",0.377755492925644
"rs12185901",0.378194212913513
"rs13082217",0.378217250108719
"rs11706939",0.378275603055954
"rs6779517",0.376294821500778
"rs11130165",0.378179967403412
"rs1471217",0.378538638353348
"rs35703936",-0.0185894966125488
"rs7640221",0.346328586339951
"rs13094496",0.378617912530899
"rs17593974",0.378402382135391
"rs144919459",0.0995027422904968
"rs1459247",-0.0801139920949936
"rs11130166",0.378446668386459
"rs115854006",0.00562898023054004
"rs12498074",0.378458797931671
"rs11713325",0.0729195177555084
"rs375796275",0.0527169741690159
"rs12486944",0.376215815544128
"rs12486935",0.376646846532822
"rs876597",-0.0799381360411644
"rs62263035",0.378876358270645
"rs35460860",0.379533886909485
"rs13082269",0.379759311676025
"rs13087050",0.379869073629379
"rs71323399",0.381411164999008
"rs62263037",0.381362587213516
"rs62263038",0.381314158439636
"rs6804828",0.38241708278656
"rs1459246",-0.00396357895806432
"rs115164444",0.0254461877048016
"rs115164444",-0.123829111456871
"rs986742",-0.0817563980817795
"rs986741",-0.0836509615182877
"rs187956073",0.0581755191087723
"rs7610524",0.288906574249268
"rs986740",-0.0834212452173233
"rs986739",-0.0829036831855774
"rs34138269",-0.082592561841011
"rs11708617",0.2887162566185
"rs34537842",-0.0828557685017586
"rs34857497",-0.0828557685017586
"rs17080119",-0.0818047523498535
"rs1459245",-0.0679407343268394
"rs1841178",0.287525624036789
"rs1459244",-0.0838237106800079
"rs192555233",0.0603628419339657
"rs1380260",-0.0829564705491066
"rs1870441",0.0831764861941338
"rs7630053",0.288522213697433
"rs2362451",-0.257956773042679
"rs11130167",0.288355529308319
"rs111796096",0.0947905331850052
"rs4312673",0.0830684155225754
"rs11714929",0.261335909366608
"rs1824362",-0.258503437042236
"rs13073692",0.28883957862854
"rs1114776",0.0829286351799965
"rs75135654",0.0884302407503128
"rs6763435",0.0829268544912338
"rs78509033",-0.156477496027946
"rs11712486",0.288967967033386
"rs7611415",0.289061933755875
"rs4858813",0.0828607678413391
"rs4858814",0.0828582793474197
"rs75815271",0.190200582146645
"rs35516531",0.289245307445526
"rs9809695",-0.26190522313118
"rs73074316",0.126012191176414
"rs114371293",0.14622999727726
"rs1903144",0.293060958385468
"rs140269757",0.106968276202679
"rs1459243",0.083828404545784
"rs4558783",-0.26488071680069
"rs149643136",-0.125494882464409
"rs12630599",-0.0831466764211655
"rs11715932",0.296406149864197
"rs11130168",0.253040760755539
"rs34571806",0.253067910671234
"rs17648188",0.253134876489639
"rs9817960",-0.222206428647041
"rs12487765",-0.195612594485283
"rs146995169",-0.160035729408264
"rs56023037",-0.516742706298828
"rs141650285",0.00882118474692106
"rs147052086",0.0857424288988113
"rs898225",-0.184831440448761
"rs1459242",-0.184637278318405
"rs9815103",0.184782832860947
"rs17080138",-0.175892978906631
"rs4858793",-0.183853954076767
"rs6442116",-0.184545889496803
"rs6779262",-0.184494972229004
"rs4858817",-0.183907151222229
"rs80007105",-0.126711383461952
"rs2362452",-0.181755095720291
"rs2885510",-0.183561250567436
"rs725310",-0.184605821967125
"rs725309",-0.18460701406002
"rs7653691",-0.184667676687241
"rs7630741",0.184628173708916
"rs6442117",-0.184616044163704
"rs79525977",0.0488931760191917
"rs9311423",0.184717610478401
"rs9311424",0.184723541140556
"rs7634377",0.184854492545128
"rs7636782",0.183379262685776
"rs6784322",0.184832334518433
"rs6784541",0.18135604262352
"rs186501638",0.0822385922074318
"rs7635522",0.179064616560936
"rs137930919",-0.133709356188774
"rs28824259",0.180493175983429
"rs12487542",0.180488973855972
"rs9864371",0.180342584848404
"rs146807538",0.070125550031662
"rs73074358",0.180511295795441
"rs34761139",0.180511102080345
"rs73831575",0.126386076211929
"rs9875280",0.180523380637169
"rs6796491",0.180470928549767
"rs6804774",0.180436715483665
"rs9826195",0.180322512984276
"rs9864815",0.180320233106613
"rs9809843",0.180319830775261
"rs6810060",0.179759949445724
"rs56298324",-0.165802493691444
"rs6770470",0.179750323295593
"rs1563736",0.180445954203606
"rs9862575",0.180424422025681
"rs139755042",0.060273103415966
"rs6442118",0.180417448282242
"rs6442119",0.1804338991642
"rs187979386",0.126882195472717
"rs1975844",0.180579334497452
"rs7651407",0.180403366684914
"rs80084916",-0.126865550875664
"rs73074378",-0.3454709649086
"rs140396743",-0.102233812212944
"rs9812647",0.18016554415226
"rs13314659",0.180780917406082
"rs11130170",0.180742397904396
"rs10470686",0.181017860770226
"rs141060371",0.0519450381398201
"rs3214041",0.180933833122253
"rs6794875",0.180688709020615
"rs115869055",0.140302062034607
"rs190175147",0.102278798818588
"rs2362450",0.180276408791542
"rs11130171",0.181631356477737
"rs78970339",0.103808432817459
"rs9883759",0.182090580463409
"rs9883927",0.181573584675789
"rs114964512",-0.0168287362903357
"rs6442120",0.182146906852722
"rs1037773",0.18215911090374
"rs150983703",0.0780112817883492
"rs145201717",0.117506116628647
"rs149130226",0.0185019820928574
"rs140711597",0.0799999237060547
"rs182679612",0.0890653729438782
"rs9817615",0.181652128696442
"rs145272874",0.0754541307687759
"rs141288910",0.00921588111668825
"rs2290822",0.181688323616982
"rs2279077",0.182229951024055
"rs149306159",0.118760570883751
"rs143643909",-0.1290163397789
"rs75066279",0.0823269486427307
"rs146948889",0.0803046897053719
"rs137927897",0.115473382174969
"rs13069724",0.178979948163033
"rs4858819",-0.537136077880859
"rs13076076",0.181919753551483
"rs1109227",0.182246431708336
"rs1459249",0.179759174585342
"rs1459250",0.18412159383297
"rs147934857",0.115913972258568
"rs9876891",0.182272240519524
"rs3774808",0.182268038392067
"rs7639743",0.181701466441154
"rs9849509",0.181622222065926
"rs183467902",-0.126678124070168
"rs4858820",-0.549440562725067
"rs116058485",0.0785071700811386
"rs7636044",0.181623816490173
"rs13324374",0.181482687592506
"rs77701454",-0.126677677035332
"rs7126",0.182117775082588
"rs138163950",-0.124979935586452
"rs115229061",0.0837359130382538
"rs1870444",0.180362924933434
"rs730566",-0.550277173519135
"rs11719729",0.082362100481987
"rs9876781",0.181519195437431
"rs9838618",0.182121217250824
"rs147454046",0.0616597384214401
"rs12497634",0.335655599832535
"rs9881491",0.181981340050697
"rs72622933",0.335656732320786
"rs922075",-0.179802790284157
"rs146409117",0.115578152239323
"rs1824363",0.162957847118378
"rs144851158",0.108465999364853
"rs72556577",0.145165726542473
"rs75695438",0.0894291996955872
"rs6800475",0.181252807378769
"rs138253538",-0.126702204346657
"rs13091785",0.18196015059948
"rs2045554",-0.18041829764843
"rs187466611",0.092812567949295
"rs6776700",0.182047247886658
"rs9826247",0.182055279612541
"rs7618883",0.182209253311157
"rs185839482",0.125577926635742
"rs114035345",0.114692591130733
"rs6442123",0.181305602192879
"rs79879184",0.0891396552324295
"rs6442124",0.152866467833519
"rs2242150",0.181353092193604
"rs76493396",0.0540562756359577
"rs12486046",0.145197749137878
"rs3135941",0.332148253917694
"rs11797",0.177072241902351
"rs73076330",-0.250359565019608
"rs3135952",-0.25117614865303
"rs6764415",0.156476259231567
"rs191741983",-0.151520863175392
"rs146532814",-0.126800000667572
"rs4858795",-0.111698031425476
"rs9815088",0.127002835273743
"rs80313406",0.13779678940773
"rs114582462",-0.0508697405457497
"rs115098803",-0.183107182383537
"rs11707229",-0.0457994267344475
"rs734071",0.130148977041245
"rs116313450",0.14560741186142
"rs734072",0.13041852414608
"rs9311428",0.13076913356781
"rs9822677",-0.185607358813286
"rs11709546",0.0824094787240028
"rs6785845",-0.184173285961151
"rs6786424",-0.184228807687759
"rs186331677",0.114778093993664
"rs6783952",0.0461241379380226
"rs10049154",-0.185532450675964
"rs13064619",-0.18553726375103
"rs6442126",-0.319806456565857
"rs7433168",0.0462772101163864
"rs9835902",-0.187477871775627
"rs6442127",-0.185609430074692
"rs144409767",-0.134049654006958
"rs7644771",-0.18767324090004
"rs7623614",-0.190758794546127
"rs6442128",0.0490481704473495
"rs12491849",0.208131611347198
"rs9851743",-0.192934468388557
"rs9871608",-0.192026317119598
"rs9851771",-0.193371385335922
"rs62264271",-0.477530002593994
"rs9882605",-0.191014975309372
"rs6809981",-0.191937848925591
"rs13100178",-0.192029014229774
"rs12495032",0.0500170439481735
"rs12492271",0.176046043634415
"rs13062576",-0.192773997783661
"rs189393786",0.0792000070214272
"rs11706087",-0.0441566072404385
"rs35755371",-0.117251805961132
"rs7434077",-0.176453948020935
"rs7434107",-0.176027283072472
"rs114743756",0.0842394754290581
"rs141582556",0.105875767767429
"rs6807104",-0.0498924776911736
"rs13063742",-0.118007726967335
"rs7428949",-0.17616605758667
"rs9875911",-0.144871115684509
"rs7640031",-0.176377341151237
"rs116305837",0.055986762046814
"rs9835827",-0.193780973553658
"rs4858821",-0.208722651004791
"rs62261464",-0.248105242848396
"rs9816942",-0.194732189178467
"rs145803412",0.0792021378874779
"rs62261465",-0.322408199310303
"rs114616495",0.135148867964745
"rs76737087",-0.155121207237244
"rs140724550",0.103352718055248
"rs4075082",-0.19424706697464
"rs114820575",-0.139673814177513
"rs115671887",0.107679702341557
"rs3969942",-0.194627791643143
"rs13094578",-0.194998979568481
"rs2267846",-0.545073866844177
"rs145793401",0.0531981699168682
"rs73076400",-0.233804732561111
"rs9862906",-0.144912883639336
"rs6806059",-0.196501448750496
"rs9850102",-0.196165308356285
"rs139678287",0.0792701318860054
"rs13069677",-0.0861982107162476
"rs142876825",0.0883711501955986
"rs11710798",0.171250954270363
"rs145532912",0.0943784564733505
"rs9882962",-0.188826337456703
"rs13091944",-0.172241732478142
"rs28563843",-0.195824146270752
"rs181504911",0.0478667616844177
"rs77382486",0.148968040943146
"rs7615170",-0.195931494235992
"rs9849280",-0.192979142069817
"rs191903670",-0.160275027155876
"rs73078304",0.171996936202049
"rs9864729",-0.195835530757904
"rs2109181",0.274967223405838
"rs9869698",-0.196079924702644
"rs75054573",0.0570009015500546
"rs9917656",0.404872536659241
"rs9837687",-0.196405112743378
"rs9810549",-0.193595230579376
"rs9810991",-0.19565923511982
"rs9848824",-0.19593258202076
"rs73078305",0.169768869876862
"rs62261468",0.205326542258263
"rs2006871",-0.192888244986534
"rs184199456",-0.142734318971634
"rs35452137",0.255806624889374
"rs6792525",-0.195960953831673
"rs10470687",-0.19602844119072
"rs2267844",-0.249121591448784
"rs74986114",0.135863661766052
"rs116586236",0.0770958364009857
"rs73078308",-0.26556321978569
"rs13069446",-0.122318089008331
"rs148692582",0.102695859968662
"rs142859212",-0.141396179795265
"rs76806268",-0.159518480300903
"rs3755819",-0.195043548941612
"rs115169601",0.102878347039223
"rs79895707",0.152317404747009
"rs13319651",-0.207748100161552
"rs13319635",-0.207745388150215
"rs78159609",0.0617844685912132
"rs41455847",-0.167056351900101
"rs74780677",0.0916333347558975
"rs149065620",0.109139837324619
"rs17256786",-0.374066799879074
"rs41290686",-0.37364935874939
"rs2532848",0.279585063457489
"rs13060933",-0.195303589105606
"rs6781283",-0.19455049932003
"rs9878950",-0.213554963469505
"rs76061303",0.0850729569792747
"rs61729223",0.111145831644535
"rs141063524",0.112642928957939
"rs9814951",-0.110650166869164
"rs9871180",-0.19497238099575
"rs35562294",-0.20755372941494
"rs76140443",0.158942088484764
"rs9881877",-0.214522615075111
"rs73078310",0.119720421731472
"rs148891686",-0.113422863185406
"rs1003649",-0.154759660363197
"rs74390291",0.082871213555336
"rs2854395",-0.196355208754539
"rs2854394",-0.196341440081596
"rs35761247",0.178235799074173
"rs1264194",0.535153329372406
"rs28581474",-0.212430104613304
"rs76683871",0.0571803003549576
"rs144483183",0.141161769628525
"rs2228561",0.29444208741188
"rs115744844",0.0813446491956711
"rs116109950",-0.0424156524240971
"rs11715496",-0.04702228307724
"rs145928829",0.0945455431938171
"rs2633958",-0.374017536640167
"rs9843316",-0.211965784430504
"rs9166",0.0567546263337135
"rs62618742",0.111807808279991
"rs116149309",0.122956722974777
"rs35343040",-0.217818826436996
"rs35796820",-0.212714150547981
"rs17080289",-0.212120398879051
"rs34591495",0.287969976663589
"rs9830581",-0.212525054812431
"rs115235457",0.110071368515491
"rs35186333",-0.111565567553043
"rs1264191",0.579620242118835
"rs113632544",-0.21455779671669
"rs151321348",-0.245836332440376
"rs6792156",-0.220429569482803
"rs77606020",0.0880601182579994
"rs3895736",-0.182341456413269
"rs74783035",0.114860497415066
"rs9834639",-0.355246156454086
"rs13063312",-0.449089884757996
"rs7631574",-0.45700666308403
"rs141959192",0.0958465784788132
"rs7620853",-0.450157046318054
"rs57334642",-0.45016548037529
"rs2276852",-0.453768193721771
"rs116715115",0.132506504654884
"rs114135552",-0.319381475448608
"rs3821876",-0.450222462415695
"rs13324142",-0.449706107378006
"rs2276850",-0.449897825717926
"rs34368826",-0.449793726205826
"rs740787",-0.454686284065247
"rs2310996",-0.454097270965576
"rs3806694",-0.450554192066193
"rs6773261",-0.453866094350815
"rs114899327",0.0685558989644051
"rs13096357",-0.454282075166702
"rs13096366",-0.453332662582397
"rs13076269",-0.453331917524338
"rs61729242",0.055809523910284
"rs1264195",0.156626313924789
"rs2310997",-0.451243489980698
"rs9878063",-0.459778755903244
"rs112843572",0.100100800395012
"rs9868809",-0.453887969255447
"rs34638686",-0.452086716890335
"rs73078348",-0.277862787246704
"rs149722426",0.0549741238355637
"rs73078349",-0.443753480911255
"rs2286652",-0.477981299161911
"rs12107418",-0.483999311923981
"rs2302295",-0.477922409772873
"rs12107252",-0.483970046043396
"rs139167095",0.126892447471619
"rs114474287",0.0775414034724236
"rs2286651",-0.477933049201965
"rs11706153",-0.0523738153278828
"rs116305673",0.0861842483282089
"rs115459806",0.0864177644252777
"rs9812200",-0.484395146369934
"rs73078357",0.196101501584053
"rs3821875",-0.477820575237274
"rs3733086",-0.477742165327072
"rs9811318",-0.484296828508377
"rs73078362",-0.443564027547836
"rs143701893",0.0767530351877213
"rs13070798",-0.478206962347031
"rs73078367",0.191109523177147
"rs77767934",0.122536823153496
"rs28452701",-0.47812682390213
"rs12715429",-0.478217780590057
"rs9858236",-0.478130161762238
"rs78864109",0.157575562596321
"rs13324119",-0.478125542402267
"rs75654367",0.219470530748367
"rs141045366",-0.0606882125139236
"rs9873726",-0.484469562768936
"rs9836462",-0.485096991062164
"rs9841602",-0.485090881586075
"rs6768448",-0.484480828046799
"rs112928349",-0.478326767683029
"rs9809222",-0.484494715929031
"rs114786792",0.137055650353432
"rs75577765",0.0887415781617165
"rs76815705",0.0894434005022049
"rs35583437",-0.144319027662277
"rs9821797",-0.484924137592316
"rs9877794",-0.484851837158203
"rs9877501",-0.484922021627426
"rs141282111",0.0792338326573372
"rs34096717",-0.475364089012146
"rs9883469",-0.459451913833618
"rs7633840",0.911754369735718
"rs9812977",-0.462856382131577
"rs990211",0.663742363452911
"rs140425279",0.0830366834998131
"rs77735669",-0.139011934399605
"rs4858828",0.998140811920166
"rs9811027",-0.508702635765076
"rs1048940",-0.4441297352314
"rs150229636",-0.138544693589211
"rs4858798",0.998117089271545
"rs6806356",0.736564815044403
"rs111881466",-0.508722960948944
"rs12493578",0.998007595539093
"rs116781404",0.162521794438362
"rs76398786",0.171299904584885
"rs3172494",0.256012052297592
"rs72929172",0.183951377868652
"rs11557629",-0.508877873420715
"rs17080319",-0.508796989917755
"rs61740999",-0.253813773393631
"rs9854034",-0.508829653263092
"rs4858830",0.736444652080536
"rs80026423",-0.356079071760178
"rs6442129",0.736462712287903
"rs148658917",0.090465784072876
"rs4858831",0.998226463794708
"rs11719291",-0.5089151263237
"rs28657585",-0.508898317813873
"rs77534950",0.0814341902732849
"rs73080312",-0.444381982088089
"rs13434258",-0.508791387081146
"rs11706983",-0.508791387081146
"rs34153629",-0.508875250816345
"rs11928552",0.993850708007812
"rs35064573",-0.508795022964478
"rs13090013",-0.50828629732132
"rs10865952",0.998184204101562
"rs28567949",-0.508756756782532
"rs13316551",-0.508739173412323
"rs11706203",-0.508803427219391
"rs7610519",0.736609697341919
"rs9877542",-0.508086383342743
"rs9877685",-0.508031904697418
"rs12497850",1
"rs9882443",0.73364132642746
"rs9882549",-0.508916079998016
"rs6788650",0.998158037662506
"rs13063223",-0.508019030094147
"rs6786055",0.958070278167725
"rs148532090",-0.191657200455666
"rs11708786",-0.508014857769012
"rs188683902",0.0958277881145477
"rs144394910",0.10778084397316
"rs9834996",-0.507571518421173
"rs4858800",0.736701548099518
"rs4077495",-0.50801682472229
"rs116625780",0.134517207741737
"rs1352420",0.995958089828491
"rs61137521",-0.50813752412796
"rs10865953",0.734063863754272
"rs9848268",0.72847056388855
"rs13324950",-0.507381200790405
"rs7641050",0.732624411582947
"rs28793701",-0.507287919521332
"rs149645388",0.0736110657453537
"rs12635454",0.237094789743423
"rs11715177",-0.506109416484833
"rs112430837",0.144082471728325
"rs1961527",0.340835273265839
"rs56735597",-0.495174467563629
"rs138940228",0.0792051926255226
"rs73080339",0.194456920027733
"rs28867111",0.0840969905257225
"rs28496577",-0.111839182674885
"rs138838615",0.135083109140396
"rs116009376",0.170519232749939
"rs143541624",-0.165567919611931
"rs12491769",0.181092947721481
"rs62261476",0.243313118815422
"rs6799186",0.66591340303421
"rs56411893",0.31597837805748
"rs11715689",-0.465291947126389
"rs11715713",-0.465297341346741
"rs11715835",-0.465548425912857
"rs13084000",-0.465473890304565
"rs9873227",0.70956814289093
"rs6801211",0.710888266563416
"rs115259458",0.132455959916115
"rs141215013",0.106578417122364
"rs6442130",0.93903523683548
"rs142351870",-0.197451755404472
"rs115562858",0.0936903357505798
"rs7616815",0.939852654933929
"rs7630742",0.942304670810699
"rs6796790",0.710847139358521
"rs6442131",0.710847020149231
"rs14018",0.708761513233185
"rs6791542",0.941910445690155
"rs77535416",0.169842034578323
"rs11706166",0.0886060148477554
"rs143921188",0.134108081459999
"rs145885061",0.111435249447823
"rs114753576",0.100977644324303
"rs138835565",0.0896635502576828
"rs140154767",0.109929993748665
"rs78088158",0.0715411975979805
"rs3774628",0.94069105386734
"rs6766238",0.710446238517761
"rs141374223",0.0930635184049606
"rs183938645",0.092446006834507
"rs147858311",0.109792448580265
"rs141464166",0.123796880245209
"rs7429596",0.707925260066986
"rs116113836",0.155454561114311
"rs62261501",0.205282017588615
"rs13074318",-0.464340478181839
"rs62261502",0.205465063452721
"rs11705888",0.938616454601288
"rs142506112",0.0769683048129082
"rs12496747",0.177599236369133
"rs7627404",0.938224911689758
"rs34037363",-0.465291649103165
"rs116684805",0.109953463077545
"rs137997194",0.155460521578789
"rs57078550",0.311863958835602
"rs73080361",-0.429867625236511
"rs142873994",0.0936353877186775
"rs116780602",0.0884255692362785
"rs11713694",-0.46524041891098
"rs149178804",0.155418932437897
"rs7373778",0.938146233558655
"rs9859473",0.710070192813873
"rs13094900",-0.465268522500992
"rs7639370",0.707721471786499
"rs146016766",0.0734646916389465
"rs7641706",0.120687909424305
"rs7653459",0.938100636005402
"rs7611628",0.710211634635925
"rs145663361",0.0933468639850616
"rs142351779",0.11515548825264
"rs9876848",0.938272297382355
"rs11130176",0.938303291797638
"rs9311430",0.938303291797638
"rs139919296",0.107671193778515
"rs9879978",0.710140466690063
"rs9311431",0.707856118679047
"rs144070260",0.0987867712974548
"rs9311432",0.938303291797638
"rs75760739",-0.234654679894447
"rs9682444",0.938271999359131
"rs77082222",-0.234127461910248
"rs9835307",0.938276469707489
"rs114730095",0.120495356619358
"rs11709246",-0.465269446372986
"rs79672978",0.241681262850761
"rs9311433",0.93812507390976
"rs71324924",-0.465325713157654
"rs114182490",0.132026180624962
"rs144519232",0.226154074072838
"rs67332931",-0.465234488248825
"rs9755490",0.938098788261414
"rs9681717",0.938081204891205
"rs13078308",0.938121795654297
"rs75411336",0.176291361451149
"rs9284885",0.709850907325745
"rs9311434",0.94139301776886
"rs55761431",-0.42889478802681
"rs11709092",-0.428975641727448
"rs9830636",0.93813157081604
"rs74283329",0.0119983162730932
"rs7430501",0.93813157081604
"rs9879971",0.93813157081604
"rs10780033",0.93813157081604
"rs11708022",-0.465243607759476
"rs9840684",0.937973618507385
"rs114749351",-0.159095421433449
"rs6414612",0.119793467223644
"rs9754878",0.938345074653625
"rs4974088",0.707447588443756
"rs7431857",0.938033819198608
"rs112837572",-0.457704156637192
"rs533013706",-0.135245501995087
"rs62259531",0.207426339387894
"rs368271972",0.0726310983300209
"rs148259165",0.0940397083759308
"rs12493289",0.938344419002533
"rs4974079",0.938005387783051
"rs115475663",0.0915749222040176
"rs140299993",0.0571810863912106
"rs6446252",0.938001811504364
"rs13073997",-0.465152323246002
"rs141834977",0.132198661565781
"rs9755751",0.937995135784149
"rs7623023",0.941308319568634
"rs144943025",-0.164572268724442
"rs67060340",0.0317113362252712
"rs67060340",-0.465099930763245
"rs74673105",0.0885544791817665
"rs116626829",0.154055371880531
"rs75646965",0.10001116245985
"rs4974087",0.938007533550262
"rs7649458",0.938338935375214
"rs139727667",0.125596061348915
"rs193190126",0.115824058651924
"rs76037525",-0.251531392335892
"rs4974085",0.938013017177582
"rs75218974",-0.23136767745018
"rs140502640",0.171679139137268
"rs28642807",0.938005089759827
"rs7611358",0.710110664367676
"rs544031818",0.0737995132803917
"rs7621226",0.710036993026733
"rs7639332",0.93799889087677
"rs62259533",-0.251310467720032
"rs7431710",0.941306471824646
"rs11920534",0.941023588180542
"rs11924597",0.937746524810791
"rs186086318",0.175692915916443
"rs11712982",-0.291316300630569
"rs62259535",-0.251152485609055
"rs4974084",0.920428514480591
"rs114934413",0.0831771865487099
"rs138412093",0.175766170024872
"rs142633447",0.170187652111053
"rs55674449",-0.573749601840973
"rs7432782",0.155483424663544
"rs139709184",0.132868587970734
"rs34477108",-0.465015769004822
"rs145694276",0.128954723477364
"rs12715430",0.709743320941925
"rs62259536",0.709592759609222
"rs7615675",0.937866926193237
"rs188146975",0.225846856832504
"rs116432667",-0.465003162622452
"rs11705737",0.940707981586456
"rs182552329",0.0840848088264465
"rs115622727",0.0933902412652969
"rs80170003",-0.45750692486763
"rs13064883",0.937404334545135
"rs13064911",0.937384068965912
"rs189956992",0.12886443734169
"rs112736626",-0.457510113716125
"rs11707968",0.709587275981903
"rs56318350",-0.468334674835205
"rs13076394",0.937368750572205
"rs200347138",0.0282104723155499
"rs150858838",0.134138181805611
"rs9884022",0.937369823455811
"rs9850134",0.937369823455811
"rs140666757",0.107383601367474
"rs148569687",0.052424393594265
"rs7373072",0.709159374237061
"rs9867373",0.937335968017578
"rs62262463",0.241998195648193
"rs13087930",-0.465053528547287
"rs13072911",0.937624156475067
"rs182210511",-0.214293122291565
"rs34509487",-0.464946925640106
"rs114001974",0.10508619248867
"rs34221642",0.175884872674942
"rs11717978",-0.464731216430664
"rs35006813",0.118375368416309
"rs146151926",0.0800368413329124
"rs76000034",0.0885490030050278
"rs7653408",0.70945131778717
"rs1134591",0.936345517635345
"rs73082321",-0.20329849421978
"rs11719457",-0.464929789304733
"rs188046406",-0.132983863353729
"rs7647093",0.937202453613281
"rs144790640",-0.232178196310997
"rs13090839",-0.464926064014435
"rs150533228",0.132086783647537
"rs7372149",0.937160849571228
"rs114970491",0.155650421977043
"rs73082325",0.127729028463364
"rs55786114",-0.359186321496964
"rs9864243",0.709365725517273
"rs80245267",-0.158830478787422
"rs13315711",0.937105238437653
"rs143645633",0.10242161154747
"rs79875185",0.155200019478798
"rs143836109",0.0131851816549897
"rs7430198",0.937112748622894
"rs62262466",0.216311678290367
"rs137950269",0.0839145109057426
"rs7372883",0.709293007850647
"rs7636057",0.937088131904602
"rs7643368",0.937072277069092
"rs146966763",0.0774937197566032
"rs73082331",0.213933289051056
"rs7628719",0.940350294113159
"rs73082332",0.12769590318203
"rs112502530",0.219471022486687
"rs6791234",0.937015533447266
"rs192983796",0.0925620794296265
"rs6786665",0.937033951282501
"rs4974082",0.940313637256622
"rs4974083",0.706483721733093
"rs13086240",-0.464907824993134
"rs539305240",0.0883655101060867
"rs6446196",0.93701034784317
"rs115952221",0.0589863322675228
"rs6446198",0.937009036540985
"rs77973197",-0.159954279661179
"rs4974078",0.690664172172546
"rs73082337",0.21459174156189
"rs114183302",0.0874510407447815
"rs6782560",0.170158520340919
"rs6446200",0.706311285495758
"rs6768433",0.936537325382233
"rs138328584",0.0984394028782845
"rs7621015",0.937022030353546
"rs11716614",-0.427665084600449
"rs187227394",0.0710545778274536
"rs111820006",-0.166495651006699
"rs111674320",0.17535237967968
"rs73082341",0.0917497798800468
"rs4974091",0.936966300010681
"rs115931880",-0.229048818349838
"rs76082653",0.175584182143211
"rs4974080",0.937200784683228
"rs4072859",0.936817765235901
"rs34504524",-0.464808285236359
"rs7434187",0.70653760433197
"rs62262471",0.204894468188286
"rs6446204",0.706154882907867
"rs6446205",0.936511874198914
"rs6414613",0.936205267906189
"rs146535205",0.114379830658436
"rs142933535",0.0696912407875061
"rs6772452",0.708247184753418
"rs71324929",-0.463059216737747
"rs6781790",0.936105370521545
"rs13316620",0.935992240905762
"rs13316620",0.134411856532097
"rs144339338",0.121528148651123
"rs115620887",0.0884866490960121
"rs8926",0.930070877075195
"rs7100",0.701807498931885
"rs141235269",0.100796744227409
"rs3087866",0.701715588569641
"rs3923475",-0.464300870895386
"rs565220954",-0.160697922110558
"rs78807522",0.213363245129585
"rs147991994",0.0538545772433281
"rs144723005",0.0590526908636093
"rs6414614",0.704570114612579
"rs72624918",-0.15707765519619
"rs73082350",0.0924254357814789
"rs72624915",0.059860710054636
"rs72624912",0.0536526292562485
"rs11706052",-0.464119017124176
"rs72624911",0.0846854522824287
"rs61729488",-0.453821897506714
"rs553838384",0.0418717116117477
"rs4974081",0.707176685333252
"rs113519699",-0.428294658660889
"rs56004653",-0.427383810281754
"rs146205564",0.0524500086903572
"rs116185530",0.110220216214657
"rs145587781",0.0563223846256733
"rs12637037",0.935242056846619
"rs9810318",0.704492807388306
"rs13080725",-0.464254379272461
"rs115264906",0.0786544308066368
"rs6787808",0.707273483276367
"rs58836053",0.0158238094300032
"rs114209783",0.100327223539352
"rs6795025",0.934380769729614
"rs73082357",0.213759168982506
"rs60808057",0.930144488811493
"rs115443294",0.0805286169052124
"rs188981727",0.0560342557728291
"rs13072554",-0.464083433151245
"rs6762848",0.250318616628647
"rs9846123",0.935239255428314
"rs35108630",-0.46424475312233
"rs114719593",0.127247795462608
"rs114353727",0.154394343495369
"rs187023448",0.0741656124591827
"rs77860278",-0.157745659351349
"rs112014511",0.0764799043536186
"rs6798112",0.707223057746887
"rs12491743",0.93447083234787
"rs184609599",0.0807008072733879
"rs6789285",0.935235023498535
"rs375813858",0.140582159161568
"rs77522925",0.0128896040841937
"rs13099075",0.707125306129456
"rs139683429",0.087030440568924
"rs147707204",0.0926080793142319
"rs7432989",0.933529317378998
"rs74663572",0.0169447064399719
"rs4955416",0.70739471912384
"rs141767461",0.11958459764719
"rs35102816",-0.46379142999649
"rs7615235",0.934629738330841
"rs139860867",0.140016362071037
"rs11130181",0.707673966884613
"rs7621347",0.704807579517365
"rs142412647",0.14048458635807
"rs146437193",0.0597446486353874
"rs62262510",0.219509020447731
"rs35283189",-0.463136196136475
"rs34580506",-0.463492959737778
"rs73082362",-0.42795193195343
"rs7626445",0.936864972114563
"rs11712006",-0.463717311620712
"rs13066736",0.146401152014732
"rs111494817",0.225921586155891
"rs7632477",0.489569455385208
"rs191503312",0.0713013783097267
"rs34889065",-0.463706403970718
"rs148923907",0.155010893940926
"rs62262514",-0.25039741396904
"rs7619073",0.704649448394775
"rs138958327",0.154875084757805
"rs73082363",0.213777586817741
"rs77440492",0.0927168652415276
"rs559077415",-0.137446612119675
"rs11718982",-0.456711620092392
"rs9840050",0.932860493659973
"rs62262517",0.932442426681519
"rs13064784",0.932878196239471
"rs4521268",0.905901968479156
"rs11539148",0.195295885205269
"rs35673421",-0.463346898555756
"rs4513485",0.911624372005463
"rs79707780",0.131917223334312
"rs5030795",-0.463332325220108
"rs76331936",-0.16013777256012
"rs4955426",0.679770112037659
"rs4955411",0.682252466678619
"rs3212",0.909469366073608
"rs4292260",0.682512938976288
"rs138650227",0.0812459215521812
"rs4364202",0.907480835914612
"rs185050272",0.0942259281873703
"rs140057720",0.0942101180553436
"rs4279134",0.909634470939636
"rs6779394",0.911150276660919
"rs74951356",0.131691575050354
"rs116836607",0.119422823190689
"rs34290943",0.213645830750465
"rs34759087",0.213722765445709
"rs35713889",0.155121833086014
"rs144092322",0.0807052850723267
"rs62262519",-0.194442123174667
"rs9865051",0.682085812091827
"rs33942096",0.121390387415886
"rs61729152",0.113660991191864
"rs138285969",0.0744964703917503
"rs79448908",-0.0301446095108986
"rs142455340",0.109003625810146
"rs139799950",0.119766227900982
"rs142044921",0.170008078217506
"rs141688342",0.134151488542557
"rs62262521",-0.3358433842659
"rs150538862",0.0871110707521439
"rs6770112",0.910670459270477
"rs10154895",-0.464738339185715
"rs6784111",0.911013424396515
"rs79780808",0.0880091339349747
"rs9880088",-0.464616745710373
"rs111393388",0.487651288509369
"rs4955410",0.910938620567322
"rs112649351",0.077133871614933
"rs12493001",0.91148442029953
"rs12636030",0.911483764648438
"rs12487580",0.911520957946777
"rs36133651",0.911069273948669
"rs7632267",0.910938084125519
"rs7645551",0.911518096923828
"rs62262525",0.218413397669792
"rs61583136",0.910653471946716
"rs113950665",0.0770392939448357
"rs55921200",-0.428130745887756
"3:49189934_AAAAACAAAAC_A",0.0354269854724407
"rs184648291",-0.151303574442863
"rs77813979",0.121103875339031
"rs4536858",0.819895684719086
"rs4308307",0.82021564245224
"rs149534615",0.218048214912415
"rs11715581",0.819904148578644
"rs138653738",0.155116364359856
"rs142889263",0.0584259405732155
"rs9862483",-0.464587718248367
"rs116285936",0.0919792428612709
"rs12490393",0.819891095161438
"rs115297924",0.113856859505177
"rs9681947",0.115013904869556
"rs1134043",-0.317825168371201
"rs4955418",0.81989997625351
"rs4955419",0.820101022720337
"rs4499638",0.819786906242371
"rs115704895",0.117904916405678
"rs116809139",0.127521872520447
"rs6790914",0.727802038192749
"rs11130182",0.727129936218262
"rs9813813",-0.455152094364166
"rs9814987",-0.464324593544006
"rs4955420",0.727790892124176
"rs34571182",-0.462183624505997
"rs13096406",-0.464434832334518
"rs533929186",0.0417492464184761
"rs13098087",0.0655173361301422
"rs7617480",0.477066189050674
"rs11706189",-0.464367419481277
"rs148556290",-0.132948309183121
"rs10865954",0.727469980716705
"rs11713297",-0.464230865240097
"rs9586",0.464542537927628
"rs13084037",0.476500004529953
"rs9831648",0.47698438167572
"rs116119655",0.11384554207325
"rs114538522",0.103967994451523
"rs9837237",-0.463896602392197
"rs9837625",-0.464123100042343
"rs147118406",-0.159186258912086
"rs9834003",0.570241928100586
"rs111420947",0.075810395181179
"rs4955421",0.570177316665649
"rs4367098",0.8180291056633
"rs148169643",0.131208136677742
"rs7631586",0.56497049331665
"rs9835439",-0.464020669460297
"rs4955423",0.570156753063202
"rs137920315",0.171171277761459
"rs115088691",0.0884435176849365
"rs7432077",0.569376826286316
"rs7636979",0.169751569628716
"rs6446256",0.570099949836731
"rs6785832",0.486876428127289
"rs4541435",0.0886517465114594
"rs66991555",-0.464010238647461
"rs7429661",0.569838404655457
"rs11130183",0.570119082927704
"rs9855123",-0.463969707489014
"rs11130184",0.817805349826813
"rs11716334",0.817940473556519
"rs6795756",0.817225098609924
"rs74477111",-0.463780403137207
"rs6808036",0.569335579872131
"rs12637576",0.817119956016541
"rs12629759",0.817244470119476
"rs150760522",-0.128458052873611
"rs115654252",-0.0638571009039879
"rs6769821",0.565764129161835
"rs34566463",-0.463560312986374
"rs11719220",-0.463586032390594
"rs4955439",0.569102585315704
"rs116683617",0.0943741574883461
"rs138073187",0.0891287326812744
"rs71324939",-0.463499814271927
"rs9867285",0.569094896316528
"rs11710247",-0.463509619235992
"rs113748673",0.0761247351765633
"rs11130185",0.817059218883514
"rs113011189",0.226392596960068
"rs142487205",0.127953395247459
"rs146719828",0.088086225092411
"rs2334958",0.816859722137451
"rs112890859",-0.426756322383881
"rs6446257",0.569098234176636
"rs56275140",0.120361886918545
"rs139072603",-0.130535140633583
"rs147876732",-0.463640630245209
"rs6803264",0.673471570014954
"rs2082923",0.569302558898926
"rs35060561",-0.463633358478546
"rs149407215",0.0943821668624878
"rs4955427",0.563395619392395
"rs11717524",0.816511392593384
"rs7652746",0.817015707492828
"rs138621018",0.0743856877088547
"rs2117938",0.817014336585999
"rs35202395",0.0652994737029076
"rs9826525",-0.463465631008148
"rs67286839",-0.46346727013588
"rs4955432",0.816552340984344
"rs188346932",0.0883267149329185
"rs140195698",0.127967640757561
"rs116352796",0.131199017167091
"rs11720460",-0.463227242231369
"rs2099526",0.569586455821991
"rs73084135",-0.454661279916763
"rs140796186",-0.156887844204903
"rs185421699",0.0969950556755066
"rs7619016",0.569372832775116
"rs113186424",-0.46311229467392
"rs12631989",0.816073417663574
"rs34784192",-0.463096141815186
"rs13064780",0.816384494304657
"rs35218722",0.817226529121399
"rs11130186",0.569619655609131
"rs11920267",0.816939353942871
"rs10154992",0.569551289081573
"rs114507891",0.0944604203104973
"rs35185152",-0.463071197271347
"rs148877314",0.094490073621273
"rs4273407",0.174320861697197
"rs73084153",0.0896747410297394
"rs139946791",0.0965135917067528
"rs114953223",0.0837850868701935
"rs139586035",0.0520457252860069
"rs187652687",0.0556610636413097
"rs12637346",0.56961190700531
"rs150536933",0.0268532987684011
"rs116628938",0.0822353288531303
"rs4955443",0.569613397121429
"rs12629637",0.817190766334534
"rs9850917",-0.463055193424225
"rs35174559",0.816402196884155
"rs111256226",-0.463040202856064
"rs9847839",-0.463054955005646
"rs9828310",-0.46303254365921
"rs4384984",0.568266570568085
"rs9990153",-0.46303117275238
"rs77548156",-0.156093880534172
"rs147025639",0.088846892118454
"rs13068038",-0.463067650794983
"rs12715434",-0.463028371334076
"rs150252215",0.129547700285912
"rs138901672",0.126409694552422
"rs7626076",0.569347560405731
"rs4955417",0.569627046585083
"rs35867420",0.123874194920063
"rs7638154",0.816897571086884
"rs116346390",0.0802572444081306
"rs183293581",0.0883226543664932
"rs115644657",0.052832406014204
"rs9880309",-0.462708055973053
"rs193171374",0.0760828107595444
"rs11130187",0.569576501846313
"rs34343820",-0.463120132684708
"rs10049462",-0.463119983673096
"rs6809851",0.569312989711761
"rs9311439",-0.463052690029144
"rs7614738",0.655439436435699
"rs143756010",0.154168456792831
"rs67831908",-0.46300995349884
"rs13077498",-0.461924910545349
"rs61749309",0.0753836706280708
"rs181392167",0.1086415797472
"rs56306491",-0.454495012760162
"rs144715242",0.0595614314079285
"rs74361430",0.0882040560245514
"rs6778080",0.568623661994934
"rs4955414",0.568652629852295
"rs144923418",0.0595129877328873
"rs150429489",-0.460206121206284
"rs138186184",-0.460693508386612
"rs112197449",0.0542055144906044
"rs9833388",0.673631548881531
"rs140399704",0.0879262387752533
"rs192182499",0.087952733039856
"rs149087483",0.0539275370538235
"rs2304442",-0.25508239865303
"rs7374375",0.716965794563293
"rs12493284",0.716985583305359
"rs9874474",-0.254060477018356
"rs75565393",0.131775110960007
"rs149890375",0.0882247388362885
"rs9811047",0.588457107543945
"rs4410472",-0.254000127315521
"rs150412151",0.0821654573082924
"rs9883409",-0.254249274730682
"rs9870030",-0.446110904216766
"rs17080505",0.158087059855461
"rs75394422",0.042373925447464
"rs3774799",0.714779794216156
"rs35260967",0.158038154244423
"rs3774800",0.818861484527588
"rs35395347",0.158041164278984
"rs35220094",0.158098921179771
"rs11720964",0.67778092622757
"rs13077723",-0.254202663898468
"rs4554002",0.714787721633911
"rs7640903",0.705020666122437
"rs12715435",-0.253875643014908
"rs11713251",0.0911102145910263
"rs114852929",0.0531976260244846
"rs148742320",0.125824853777885
"rs112274965",-0.445397347211838
"rs2230929",-0.25337553024292
"rs9844757",-0.446025967597961
"rs11710434",0.588098704814911
"rs149972755",0.134589120745659
"rs11709788",0.714926660060883
"rs116608907",0.129571959376335
"rs35446411",-0.258821725845337
"rs114508808",0.0969636291265488
"rs9881860",0.588228583335876
"rs9864406",-0.258678793907166
"rs9860285",0.588032484054565
"rs75339099",0.185447931289673
"rs11920251",0.713707387447357
"rs11720542",0.586880445480347
"rs34915642",-0.258827596902847
"rs115061664",-0.227943077683449
"rs35869135",-0.258392781019211
"rs9873994",-0.258586525917053
"rs13078949",0.586536228656769
"rs56038006",-0.253449976444244
"rs1865741",0.714324116706848
"rs34142492",0.713675975799561
"rs75534462",0.389910370111465
"rs11707940",-0.197645753622055
"rs12497569",0.714166760444641
"rs6795772",0.714227497577667
"rs9863142",-0.258333057165146
"rs13088309",0.587713539600372
"rs4955431",0.714572906494141
"rs6809204",0.589409530162811
"rs114561213",0.129614695906639
"rs9883813",0.581595838069916
"rs41290702",0.0878557190299034
"rs34514189",-0.253314882516861
"rs141260127",0.081822544336319
"rs34567776",-0.253270924091339
"rs4955430",0.587893724441528
"rs9834535",0.588667511940002
"rs9872660",-0.243534103035927
"rs74926817",-0.243654623627663
"rs67882627",-0.253076136112213
"rs6784203",0.589390635490417
"rs6774721",0.215344399213791
"rs78075599",0.120661146938801
"rs9818758",-0.253101646900177
"rs4955424",0.588133454322815
"rs4955425",0.58940052986145
"rs4563439",0.561295688152313
"rs13086611",-0.0528889745473862
"rs62259939",0.570193529129028
"rs114918429",0.052471537142992
"rs11711300",0.0884316116571426
"rs4955440",0.589187741279602
"rs17080528",-0.0529165752232075
"rs17650792",0.56961578130722
"rs142326679",0.0785257518291473
"rs13090388",-0.0525653883814812
"rs115656977",0.1285340487957
"rs72554696",0.19060742855072
"rs11720657",0.58840548992157
"rs148059271",0.0882735475897789
"rs114634030",0.0882360339164734
"rs6790105",0.588580548763275
"rs111812549",0.092077948153019
"rs1050450",-0.0527915544807911
"rs1800668",-0.0529654622077942
"rs3811699",-0.0528190732002258
"rs3448",0.588298320770264
"rs8179164",-0.230276435613632
"rs114300800",0.135953798890114
"rs1987628",-0.0528519339859486
"rs974495",0.587730407714844
"rs6446262",0.58821839094162
"rs186554615",0.0708767473697662
"rs11130190",0.588120877742767
"rs9812360",0.588222861289978
"rs193100523",0.0930575355887413
"rs150168772",0.117844089865685
"rs67485053",-0.0528157688677311
"rs143833572",-0.130266323685646
"rs2878298",0.5679572224617
"rs11716445",-0.420713901519775
"rs7373849",0.56861275434494
"rs114738417",0.133480042219162
"rs34588335",-0.0528186745941639
"rs6796147",0.588323473930359
"rs13087851",-0.0527937710285187
"rs11719762",0.588323473930359
"rs17595772",0.568613231182098
"rs4955413",0.588137328624725
"rs7621003",0.568611919879913
"rs6769744",0.588323473930359
"rs6775069",0.588323473930359
"rs6809216",-0.0527945123612881
"rs116656374",0.138414263725281
"rs73088112",-0.19160583615303
"rs9847585",0.588323593139648
"rs7623659",-0.0526159889996052
"rs2117939",0.56901627779007
"rs62259941",0.21124130487442
"rs79049012",-0.154175013303757
"rs7648841",-0.0527942404150963
"rs6446264",-0.0527942404150963
"rs9854297",0.67535012960434
"rs4955412",0.568611681461334
"rs114870878",0.112373918294907
"rs62259942",0.569018363952637
"rs35169793",-0.0528145730495453
"rs6797765",0.569015979766846
"rs74433784",0.19575147330761
"rs77629332",0.0929925665259361
"rs17595885",0.0989896729588509
"rs6793308",-0.0528284311294556
"rs141325317",0.0937731713056564
"rs34071734",0.147905990481377
"rs62259943",-0.588159084320068
"rs7631908",0.568618059158325
"rs142685853",-0.129669606685638
"rs111903592",-0.0528121665120125
"rs9842132",-0.588133215904236
"rs4855843",0.5686115026474
"rs6792911",0.568998038768768
"rs62259944",-0.587576389312744
"rs138757207",0.211276203393936
"rs7643586",0.568619430065155
"rs11716974",-0.0528617650270462
"rs11716948",0.441114157438278
"rs147472678",-0.132155507802963
"rs10155014",0.588323414325714
"rs73088122",0.21666219830513
"rs4855842",0.568617165088654
"rs9878943",-0.0528511926531792
"rs62259945",0.197230949997902
"rs6785045",-0.588092505931854
"rs114562154",0.0797971561551094
"rs143867864",0.159714162349701
"rs9861027",-0.588093459606171
"rs116349013",-0.138149678707123
"rs34937635",0.568616688251495
"rs111533129",0.216076344251633
"rs56127630",-0.588092148303986
"rs55957735",0.568553149700165
"rs9871380",-0.0528717301785946
"rs7648995",-0.588092625141144
"rs76893046",0.0594314001500607
"rs2140270",-0.588089287281036
"rs2177268",-0.588092625141144
"rs62259947",-0.588096439838409
"rs111271782",0.216075599193573
"rs11706370",-0.0529823750257492
"rs11715060",0.588275969028473
"rs189692234",-0.131286472082138
"rs9817807",-0.588093042373657
"rs13096474",0.585462868213654
"rs6773518",0.568616926670074
"rs115534265",0.133464202284813
"rs73088137",-0.588084161281586
"rs4855877",0.568615615367889
"rs7623687",0.216321542859077
"rs940045",0.588094115257263
"rs114287800",0.106585167348385
"rs6779524",-0.0530686490237713
"rs9282597",0.0575052760541439
"rs6784820",0.569000840187073
"rs150525910",0.0578479841351509
"rs7620024",-0.587912321090698
"rs7638750",-0.585791110992432
"rs6997",-0.0530649237334728
"rs9814873",-0.0530773513019085
"rs10640",-0.053028792142868
"rs11715915",-0.0530570708215237
"rs138792863",0.127414748072624
"rs9859556",-0.0530531480908394
"rs116192290",0.0574016384780407
"rs1464568",0.568805575370789
"rs11922013",-0.0530142039060593
"rs4855873",0.568555295467377
"rs1464567",0.568900346755981
"rs1464566",0.568618476390839
"rs1464569",0.587717473506927
"rs4987107",0.0111153488978744
"rs8897",-0.587500333786011
"rs61729946",-0.139426603913307
"rs6446272",-0.0528003983199596
"rs114877151",0.134832158684731
"rs73088161",0.212884813547134
"rs6446274",0.568807065486908
"rs112837936",-0.440402776002884
"rs6446275",-0.588150203227997
"rs11130192",0.567609131336212
"rs111254473",0.105619519948959
"rs80033912",0.440535843372345
"rs4459909",0.568581342697144
"rs77648866",-0.585425436496735
"rs62259933",-0.588137924671173
"rs113115750",0.21019135415554
"rs7646366",-0.0528059862554073
"rs6805609",-0.58834582567215
"rs142599233",0.0880971848964691
"rs150566667",-0.139405399560928
"rs34306352",0.119522795081139
"rs114540883",0.088306725025177
"rs6446277",-0.0529131144285202
"rs11130193",0.568808495998383
"rs141021973",0.0759125128388405
"rs35115732",-0.0523489229381084
"rs116503914",0.0802084133028984
"rs11130194",0.568722069263458
"rs137865305",0.135719031095505
"rs111353936",-0.441126853227615
"rs7619789",0.588316977024078
"rs193151065",0.0921866372227669
"rs13096760",0.57047837972641
"rs13079643",-0.0525385551154613
"rs145401859",0.0969075039029121
"rs71324958",0.0675216466188431
"rs190735221",-0.142344698309898
"rs550556800",0.09974205493927
"rs9654010",-0.588151693344116
"rs112677866",0.105082087218761
"rs57273516",0.588201701641083
"rs138084484",-0.588371753692627
"rs11923032",0.588359892368317
"rs35756704",0.125667899847031
"rs140850340",0.0882233530282974
"rs71324962",-0.0525598041713238
"rs59152804",0.568350672721863
"rs11130196",0.568350315093994
"rs114302200",0.108009196817875
"rs113741748",-0.588150322437286
"rs73073005",0.199418261647224
"rs9841110",-0.0548346526920795
"rs67216675",-0.0548007301986217
"rs112978264",0.163962587714195
"rs73073007",0.201366320252419
"rs2329025",0.588351368904114
"rs184488305",0.0753957182168961
"rs885592",0.570407748222351
"rs143062053",-0.13051700592041
"rs10865955",0.568844735622406
"rs1106620",-0.588152825832367
"rs7645445",0.568412840366364
"rs111599092",0.201329559087753
"rs13086658",0.0679145231842995
"rs73073015",-0.420272529125214
"rs116761807",0.132503554224968
"rs4855866",0.568740785121918
"rs142696360",-0.131167978048325
"rs9860055",-0.588014960289001
"rs150568866",0.0972236320376396
"rs4855839",0.568368375301361
"rs7611164",0.190762788057327
"rs116254545",0.0813687890768051
"rs7613491",-0.588324248790741
"rs189191355",0.053781021386385
"rs7647973",-0.588237166404724
"rs138484388",0.109638787806034
"rs115437298",-0.141051933169365
"rs9853683",-0.0548274256289005
"rs113893318",0.12742792069912
"rs181322145",0.0526859536767006
"rs142316462",-0.261224389076233
"rs12330269",-0.0548274256289005
"rs148856927",-0.162781551480293
"rs9827021",-0.0547802485525608
"rs35701831",0.570165634155273
"rs139256602",0.0773121044039726
"rs9809237",0.58832710981369
"rs7355800",-0.588124096393585
"rs4241408",0.570165634155273
"rs7653505",-0.100275203585625
"rs7622786",0.588332295417786
"rs1568661",0.569551527500153
"rs1568662",0.57053416967392
"rs1009051",0.588332295417786
"rs4855864",0.569597840309143
"rs62261183",-0.58812415599823
"rs7630869",-0.0547883026301861
"rs139083518",0.0154694272205234
"rs3924463",0.569884240627289
"rs3924462",0.570534706115723
"rs6783003",-0.588329374790192
"rs9818590",-0.0547823198139668
"rs111327216",0.211072012782097
"rs11719996",-0.0544277019798756
"rs4855861",0.570391297340393
"rs140896147",0.0884112417697906
"rs4855859",0.570391297340393
"rs138596149",-0.131630018353462
"rs182944099",-0.139463186264038
"rs9850072",-0.0543577745556831
"rs4855858",0.588324546813965
"rs7643845",0.570415019989014
"rs7633243",0.124534018337727
"rs7374731",0.588303744792938
"rs7371895",0.570323944091797
"rs62261185",0.570366084575653
"rs7651372",-0.588317394256592
"rs113176147",-0.420104950666428
"rs143719425",0.098258338868618
"rs7637999",0.570486724376678
"rs3870339",0.586884558200836
"rs191502801",0.0540414489805698
"rs34363169",-0.0547020249068737
"rs35261698",-0.0547123700380325
"rs11130199",0.569745779037476
"rs6766131",-0.0547123700380325
"rs6797664",-0.0547020062804222
"rs6766581",-0.0547020062804222
"rs3877784",0.570504128932953
"rs187347965",-0.145553603768349
"rs149715204",0.121056511998177
"rs77354079",0.0882352888584137
"rs74471041",-0.587056636810303
"rs145921824",0.1153744161129
"rs9858418",-0.0547122471034527
"rs149273410",-0.58714359998703
"rs9821311",-0.0547122471034527
"rs56324858",-0.673678636550903
"rs115970881",0.0939281657338142
"rs7644148",-0.587056636810303
"rs78407378",-0.0280671548098326
"rs140543125",0.0981900542974472
"rs7622302",-0.0548208691179752
"rs116717961",0.0485192351043224
"rs12488065",0.569812119007111
"rs3905330",0.587160289287567
"rs12489092",0.568818271160126
"rs7637665",0.569011211395264
"rs73074811",-0.417752116918564
"rs9871024",-0.58789050579071
"rs139634878",0.0775441750884056
"rs79828036",0.195513233542442
"rs13322887",-0.587901473045349
"rs7633271",-0.0549829006195068
"rs3870338",0.568866968154907
"rs3870337",0.569802403450012
"rs3870336",0.0992252677679062
"rs2312461",0.570095479488373
"rs3926569",-0.0548036769032478
"rs144275801",-0.232542559504509
"rs13062429",0.055062647908926
"rs182228347",-0.2270328104496
"rs187563523",-0.227033987641335
"rs4855855",0.569991409778595
"rs148834251",0.124039672315121
"rs73074821",-0.286735653877258
"rs34196454",-0.0552859827876091
"rs55935606",-0.613114595413208
"rs7638643",0.211577087640762
"rs547937347",0.0815241187810898
"rs11130202",0.570406496524811
"rs75153130",0.190966919064522
"rs115435316",0.134046658873558
"rs1801143",-0.0548855140805244
"rs1050088",0.570461571216583
"rs12583",-0.587858140468597
"rs4625",-0.0520090572535992
"rs11538155",0.0940890088677406
"rs13079082",-0.0472741462290287
"rs11130203",-0.0476946979761124
"rs4052546",0.587765991687775
"rs34519883",0.147872820496559
"rs140850679",-0.156556099653244
"rs73074830",0.21643191576004
"rs114093899",0.195385619997978
"rs1982861",0.587558090686798
"rs34293138",-0.0477535575628281
"rs4855853",0.587540686130524
"rs4855838",0.587540745735168
"rs141674903",-0.028164479881525
"rs11720264",0.564709484577179
"rs10865956",0.587315022945404
"rs4855837",0.587521195411682
"rs3866330",0.587712347507477
"rs11130204",0.587507367134094
"rs3870341",0.585677146911621
"rs74473238",0.223259046673775
"rs56049603",-0.675010681152344
"rs113417274",0.105087772011757
"rs4855836",0.5643350481987
"rs3811697",-0.0476186610758305
"rs145225860",0.0982831791043282
"rs62261249",-0.587257862091064
"rs7625857",0.587583422660828
"rs11130206",0.564526915550232
"rs9837027",-0.0475293695926666
"rs55873331",-0.439857423305511
"rs35999162",-0.0472355708479881
"rs9858280",-0.0475136563181877
"rs9862534",0.587603449821472
"rs80031977",-0.22640472650528
"rs4241407",0.58729761838913
"rs4241406",0.564127624034882
"rs535805005",0.0884533897042274
"rs138648341",0.0611075609922409
"rs2312462",0.587359488010406
"rs11926781",-0.047471072524786
"rs11928090",0.587442278862
"rs56116382",-0.234674409031868
"rs73074855",0.202106729149818
"rs75014815",0.0880003049969673
"rs112656283",0.104208663105965
"rs1532204",0.362238734960556
"rs6797299",0.362237602472305
"rs34427167",-0.0474330969154835
"rs11720458",0.311822861433029
"rs11713474",-0.0474344193935394
"rs149682985",0.0913899689912796
"rs191832314",0.0979666039347649
"rs138138536",0.0741281062364578
"rs537065442",0.0925214067101479
"rs11130208",0.362233966588974
"rs113465792",0.0933318212628365
"rs6446284",0.362233221530914
"rs182766825",0.0083273621276021
"rs34890793",0.362430840730667
"rs71324979",-0.0474843047559261
"rs76598583",0.0911209434270859
"rs6782577",0.31046050786972
"rs143311886",0.217108458280563
"rs190736254",0.0779857784509659
"rs7629322",0.362429112195969
"rs139928512",0.0963873043656349
"rs114649319",0.0994902327656746
"rs9869120",0.362227231264114
"rs9869256",0.362170428037643
"rs9811982",-0.0474492870271206
"rs150350500",0.0815229937434196
"rs6787417",0.311742126941681
"rs6446285",0.362167060375214
"rs138320228",-0.43968740105629
"rs73074866",-0.439511954784393
"rs12636099",0.31176221370697
"rs75901509",0.0139701999723911
"rs11716159",-0.439462900161743
"rs13071087",0.147424131631851
"rs9875617",-0.0474699959158897
"rs149169487",0.0303563252091408
"rs11720597",-0.0444687940180302
"rs73074869",-0.190805569291115
"rs62261251",0.212075084447861
"rs75077023",-0.0320657975971699
"rs1491983",0.361108869314194
"rs116751262",0.0592078901827335
"rs13100791",0.145174875855446
"rs4241405",0.36108261346817
"rs145788158",-0.139096572995186
"rs13064576",-0.0608639121055603
"rs11917431",-0.0608969144523144
"rs11921590",-0.0608713179826736
"rs11130211",0.361100316047668
"rs12637313",0.361078292131424
"rs112843883",0.127986162900925
"rs62262670",0.211782082915306
"rs11721148",0.361094832420349
"rs2029591",0.361072868108749
"rs1463728",0.361046254634857
"rs4855835",0.322672694921494
"rs4855852",0.299484461545944
"rs62262671",-0.416796773672104
"rs9827708",-0.0603112801909447
"rs7614725",-0.0603218637406826
"rs9833611",-0.060304332524538
"rs11710905",-0.429167568683624
"rs146231194",-0.320749849081039
"rs12185979",-0.419514894485474
"rs1352889",0.318897783756256
"rs1352890",0.299005568027496
"rs73074893",-0.324423521757126
"rs4855849",0.318877071142197
"rs4855848",0.318877071142197
"rs62262672",-0.318546146154404
"rs116046827",0.0904502123594284
"rs11919311",0.299277186393738
"rs76194913",0.222143307328224
"rs4855833",0.318757921457291
"rs12490267",0.29908949136734
"rs13096480",0.31873419880867
"rs144906913",-0.163870960474014
"rs73074902",-0.158650740981102
"rs62262673",-0.315396070480347
"rs78096163",0.111266106367111
"rs9837341",-0.0602904446423054
"rs2131108",0.318723231554031
"rs6803222",-0.0602870993316174
"rs1873625",-0.0603120289742947
"rs9883000",0.31872284412384
"rs139068998",0.0922213718295097
"rs145549228",0.135489329695702
"rs71324982",0.39153927564621
"rs12497288",0.299262911081314
"rs73077107",0.195370569825172
"rs35007338",0.298669189214706
"rs1586827",0.318497478961945
"rs1826347",0.301385879516602
"rs62262675",-0.315230965614319
"rs62262676",0.195696577429771
"rs9824092",-0.0603382736444473
"rs9824435",0.318829894065857
"rs9862080",-0.060365155339241
"rs1873626",0.29894557595253
"rs11710037",-0.0603346675634384
"rs9830730",0.318724453449249
"rs148695514",0.08797437697649
"rs4855847",0.3084736764431
"rs11130212",0.308800756931305
"rs2172252",-0.0713284462690353
"rs4283605",-0.071318082511425
"rs2329021",0.318724423646927
"rs115552063",-0.151419177651405
"rs10452032",0.318696677684784
"rs6446286",0.318107962608337
"rs9812791",-0.0717241540551186
"rs4855846",0.318625837564468
"rs13316695",-0.0713526010513306
"rs2329020",0.309049904346466
"rs1078341",0.318625569343567
"rs149010539",0.0906043648719788
"rs145814395",-0.14130012691021
"rs6770670",-0.0736197233200073
"rs4855845",0.318495154380798
"rs55754265",-0.416372120380402
"rs6774202",0.318644791841507
"rs139787101",0.0818232893943787
"rs34762726",-0.0736199542880058
"rs150021639",0.0964187532663345
"rs4855885",0.319158852100372
"rs11709525",-0.0735463425517082
"rs35762866",-0.324207097291946
"rs75625777",0.0875749289989471
"rs192274913",0.0504861734807491
"rs115548824",0.0979624688625336
"rs2131104",0.308339983224869
"rs11718165",-0.0713459029793739
"rs9836291",-0.0717014372348785
"rs116113662",0.0879531726241112
"rs2005557",0.307528018951416
"rs9858542",-0.0716461762785912
"rs9882740",-0.0709146931767464
"rs13083752",0.124298594892025
"rs4855884",0.308276534080505
"rs6765869",0.308362722396851
"rs2131109",0.308907836675644
"rs9823546",-0.0713828951120377
"rs36116071",0.144783079624176
"rs56176327",-0.33697322010994
"rs35404120",0.308169484138489
"rs1060962",0.308852732181549
"rs201393564",-0.00463731773197651
"rs1060970",-0.175524681806564
"rs71324984",0.144794687628746
"rs6767878",0.308332800865173
"rs4855883",0.309035301208496
"rs11130213",-0.0713240429759026
"rs1131095",-0.0712913274765015
"rs4855882",0.318799555301666
"rs4855881",0.30847579240799
"rs41290716",0.19579653441906
"rs138273610",0.0748485773801804
"rs9822268",-0.0713729932904243
"rs2960548",0.308312356472015
"rs3197999",-0.0819896459579468
"rs13085791",-0.0710869133472443
"rs142690032",0.0905544757843018
"rs9837520",-0.0641967058181763
"rs62262682",0.192248031497002
"rs62262683",0.195689007639885
"rs3020779",0.318586111068726
"rs147997200",0.142808258533478
"rs138638527",-0.154900521039963
"rs188322715",0.0754422470927238
"rs184035563",0.0522569268941879
"rs2960545",0.308381795883179
"rs9852529",-0.0713501200079918
"rs9858213",-0.0713078305125237
"rs55662945",-0.398773699998856
"rs12496226",0.478057205677032
"rs140746667",0.158603474497795
"rs9873183",-0.207987278699875
"rs140939614",0.0504255890846252
"rs74470696",0.0350470766425133
"rs11130214",0.480647832155228
"rs11130216",0.481075763702393
"rs6785549",-0.207564651966095
"rs11130217",0.318422198295593
"rs35620248",0.144748955965042
"rs79581555",0.170748621225357
"rs6804655",0.481075018644333
"rs1491986",-0.207534238696098
"rs1491985",0.318578273057938
"rs76100153",-0.224591597914696
"rs35726701",0.102192893624306
"rs34539806",0.0939530804753304
"rs76989089",0.142160460352898
"rs116643069",0.0978671982884407
"rs3749241",-0.207272604107857
"rs11716575",-0.207572922110558
"rs11709680",-0.207581102848053
"rs11709734",0.318580448627472
"rs4855841",-0.207687020301819
"rs191413135",0.0140803940594196
"rs4855867",-0.206667125225067
"rs112017743",0.209963917732239
"rs4855865",0.0113724321126938
"rs13061156",0.144488736987114
"rs146637200",0.0895669236779213
"rs4855862",-0.207546949386597
