"SNP","rs147567364"
"rs12656000",-0.0318618789315224
"rs72782455",-0.00862058438360691
"rs463963",-0.0115640005096793
"rs139387164",-0.00616832217201591
"rs10060123",-0.0281884018331766
"rs10068152",-0.00600298680365086
"rs10068159",-0.00563371460884809
"rs12517413",-0.0115745179355145
"rs77773210",0.0249340813606977
"rs28712275",-0.0278957448899746
"rs10072241",-0.0281357038766146
"rs4836250",0.0091308718547225
"rs10072368",-0.0279800146818161
"rs10057227",-0.0278904475271702
"rs10072436",-0.0278875883668661
"rs12513492",-0.00867179129272699
"rs10478724",-0.0278344564139843
"rs145528988",-0.00619761226698756
"rs10478725",-0.0115039087831974
"rs7727523",-0.0114984037354589
"rs12516546",-0.0277954190969467
"rs55773106",-0.00674349954351783
"rs17154446",0.0246798526495695
"rs6595694",-0.0120125226676464
"rs12652823",-0.00564894825220108
"rs1560025",-0.00718725472688675
"rs6877526",-0.0277716144919395
"rs60894948",-0.0087216692045331
"rs72782458",-0.00862460490316153
"rs1549189",-0.0278917048126459
"rs77820934",0.02487962692976
"rs185227327",-0.00654391758143902
"rs6595695",-0.0278983656316996
"rs142012758",-0.00816983170807362
"rs35445696",-0.0136073650792241
"rs17589131",-0.0136063657701015
"rs2081",0.0153954103589058
"rs2080",-0.0278813093900681
"rs10519905",0.0247656106948853
"rs12517052",-0.0081421909853816
"rs79184498",0.024821674451232
"rs11745668",0.015303947031498
"rs2112482",-0.0113767506554723
"rs2112481",-0.00650295428931713
"rs145735719",-0.00486335065215826
"rs7701943",-0.0284339059144258
"rs4836251",-0.0118865678086877
"rs138316901",0.00329245626926422
"rs12516417",-0.0284796487540007
"rs10519906",-0.0094741340726614
"rs10519907",0.0254293959587812
"rs1422275",-0.0111273787915707
"rs34863958",-0.0119675491005182
"rs10519908",0.0401764959096909
"rs73330467",0.0280871950089931
"rs115531887",-0.0126704461872578
"rs6872895",-0.0359421707689762
"rs77944663",0.0320120267570019
"rs11241887",-0.00744481198489666
"rs184032034",0.06992057710886
"rs7733479",-0.0357402116060257
"rs56319151",-0.00509562157094479
"rs7700582",-0.0318067371845245
"rs12188618",0.0332512557506561
"rs7710466",-0.0356752388179302
"rs11742396",0.0326407290995121
"rs6891994",-0.0358466096222401
"rs6595696",-0.0359778851270676
"rs4835898",0.0326624549925327
"rs4836252",0.0326719544827938
"rs72782461",0.0146815003827214
"rs115006171",0.0156877189874649
"rs1030178",0.0327007584273815
"rs1030177",-0.00759383058175445
"rs11241888",-0.00364739540964365
"rs4836253",0.0120010329410434
"rs17154476",0.0318529643118382
"rs17595984",-0.0338165536522865
"rs10519910",0.0128014404326677
"rs10478726",-0.0366586893796921
"rs7702112",-0.0336002893745899
"rs6595697",-0.00705862743780017
"rs10053843",0.00230251299217343
"rs10069151",-0.00689168274402618
"rs10078989",-0.0079554095864296
"rs72782462",-0.00572026986628771
"rs181968638",-0.00562902260571718
"rs2408631",-0.0178176946938038
"rs2408632",-0.00508997123688459
"rs72782463",-0.00564871542155743
"rs1023613",-0.0177521035075188
"rs995798",-0.00759242521598935
"rs72782465",-0.00566171575337648
"rs13188904",-0.00760903768241405
"rs11241889",-0.0177373290061951
"rs151008262",-0.00565590197220445
"rs55873269",-0.00567393749952316
"rs2897983",-0.00322378519922495
"rs4615294",-0.00736326305195689
"rs6894007",-0.00568649172782898
"rs114389219",0.0143166473135352
"rs112963600",0.0214350521564484
"rs10478737",0.02027134783566
"rs72782468",-0.0160824470221996
"rs10078818",-0.0107045257464051
"rs72782469",-0.00569309992715716
"rs143397697",-0.00691162794828415
"rs2042198",-0.00737207476049662
"rs116823938",-0.000278528314083815
"rs1363354",-0.00735548511147499
"rs1363353",-0.00750111136585474
"rs6595700",-0.00797867681831121
"rs76597886",-0.00916118361055851
"rs1469044",-0.0184111595153809
"rs1469043",-0.00285575818270445
"rs144966602",-0.00519275711849332
"rs1422272",-0.0075554228387773
"rs72782475",-0.00717849051579833
"rs114633890",0.0145429568365216
"rs1808377",-0.00471503939479589
"rs11948792",-0.0216859597712755
"rs7732081",-0.0135384518653154
"rs72782476",-0.00634342152625322
"rs72782479",-0.00821282900869846
"rs10037420",0.0205717477947474
"rs78712920",0.000919812824577093
"rs7711454",0.0081506073474884
"rs28577084",-0.0144205335527658
"rs28411948",0.00719432812184095
"rs147805944",-0.0110379913821816
"rs4293915",0.00825960095971823
"rs1422271",0.00840703584253788
"rs10478738",-0.010631519369781
"rs2216606",0.0102344742044806
"rs2194050",0.0102165136486292
"rs72782481",-0.00631498172879219
"rs11740466",6.35874457657337e-05
"rs72782482",-0.00620435969904065
"rs139559369",-0.000731911044567823
"rs10077311",0.01017333753407
"rs190431083",-0.00928401947021484
"rs78750728",-0.0106397112831473
"rs1592871",0.010034391656518
"rs72782484",-0.00622632866725326
"rs4836254",0.0150033505633473
"rs4836255",-0.00558070279657841
"rs1422270",0.0101396925747395
"rs2112480",0.00803878903388977
"rs10478739",0.0147706856951118
"rs13186142",0.014792850241065
"rs76779731",0.0317082367837429
"rs193036845",-0.00425268290564418
"rs1422269",0.0148491878062487
"rs140183305",-0.00848850235342979
"rs77487002",-0.0110078286379576
"rs79338288",-0.00633925618603826
"rs17596543",-0.00663107912987471
"rs10079053",-0.0106706954538822
"rs72782487",-0.00653650891035795
"rs114936152",-0.00664585083723068
"rs141531922",-0.00661243638023734
"rs114094105",-0.00661247549578547
"rs138181954",-0.00152863143011928
"rs143664013",-0.00662020547315478
"rs111682137",0.0101529518142343
"rs192436073",-0.00632791500538588
"rs62391847",-0.0200619641691446
"rs7711813",-0.0110204266384244
"rs10054169",-0.00459625897929072
"rs12522472",-0.0118074910715222
"rs116392282",0.0581781268119812
"rs13181711",0.00028406223282218
"rs12054973",0.0132088884711266
"rs76041464",-0.007022759411484
"rs10056475",-0.010831561870873
"rs10078453",0.00809289887547493
"rs78760858",-0.0116011407226324
"rs10038888",0.00652523059397936
"rs72782490",-0.0065980670042336
"rs6595703",0.0102796591818333
"rs115009936",-0.00484672654420137
"rs72782493",-0.0066883503459394
"rs72782495",-0.00715358695015311
"rs1990911",0.00818430166691542
"rs72782496",-0.0066864350810647
"rs17596698",-0.00660681817680597
"rs72782497",-0.00680355913937092
"rs17154542",-0.0116931041702628
"rs6894108",-0.00670795561745763
"rs6893439",0.00994921568781137
"rs6893621",0.00978146865963936
"rs2897984",0.00988834816962481
"rs4324677",-0.0075861900113523
"rs4388209",-0.0122949304059148
"rs115546503",-0.00547966919839382
"rs112623524",-0.00658680917695165
"rs11746014",-0.000648719724267721
"rs11743193",-0.0037938030436635
"rs4836256",-0.00407531810924411
"rs4836257",0.0059567135758698
"rs75399985",0.00599319115281105
"rs4835899",-0.00259123276919127
"rs72782500",-0.0151773979887366
"rs12521843",-0.00406572408974171
"rs12519258",0.0165214911103249
"rs12514072",0.0248900037258863
"rs115307990",-0.00329757900908589
"rs7737127",0.024878729134798
"rs7736727",0.024836428463459
"rs34401600",-0.0235071405768394
"rs4288110",-0.0124224778264761
"rs34585744",-0.0197262167930603
"rs4323230",0.00196911953389645
"rs68101817",-0.0151495253667235
"rs115675347",0.000750142615288496
"rs116079509",-0.00215777056291699
"rs12517603",0.0162826366722584
"rs28564484",-0.0085453474894166
"rs4835900",-0.0111541971564293
"rs71586093",-0.0229207798838615
"rs4639225",-0.0310607384890318
"rs55641396",0.00695419777184725
"rs11241890",0.0160703882575035
"rs10900788",-0.00851109251379967
"rs11241891",0.0144810518249869
"rs73783699",-0.022803770378232
"rs34299555",-0.0228345356881618
"rs72784506",-0.0152722084894776
"rs34781836",-0.0228432025760412
"rs9327404",-0.00901245884597301
"rs6897488",-0.00837009772658348
"rs4836258",-0.0134597411379218
"rs78809705",0.00820604339241982
"rs111641988",-0.0158392339944839
"rs71586094",-0.0228781383484602
"rs185150431",-0.0167360678315163
"rs112065064",0.00810329616069794
"rs7704203",-0.0178380161523819
"rs9327405",-0.0183261856436729
"rs55691520",-0.0167327132076025
"rs115027941",0.00791294779628515
"rs114017869",0.0133391693234444
"rs10077251",0.0307723712176085
"rs79416372",0.00805203150957823
"rs58840038",-0.0251588430255651
"rs11241892",-0.0131341395899653
"rs75029938",0.00801532436162233
"rs77846282",0.00804636441171169
"rs4413529",-0.0180893000215292
"rs12186425",0.0193779300898314
"rs72784511",-0.0166708566248417
"rs7724725",-0.00866482965648174
"rs79421426",-0.0166724324226379
"rs144204607",0.00791782513260841
"rs111438155",-0.00957286916673183
"rs7721672",-0.00867006089538336
"rs79284838",0.0078910393640399
"rs35171120",-0.0216247271746397
"rs75643465",0.00788781698793173
"rs10052043",0.00744608882814646
"rs72784512",-0.0166670866310596
"rs10052233",0.00738661736249924
"rs6866739",-0.0216222889721394
"rs72784513",-0.0152122294530272
"rs10059352",0.00738355703651905
"rs80157173",0.00728588085621595
"rs4426911",-0.00856875348836184
"rs11744511",-0.025214571505785
"rs7723002",-0.0181317962706089
"rs10060531",-0.00858916714787483
"rs10060542",-0.0183095335960388
"rs10060546",-0.0185928270220757
"rs112285808",-0.0187539830803871
"rs56154004",-0.0189328361302614
"rs67689811",0.0235258508473635
"rs12655281",0.0238696783781052
"rs55763758",-0.0176429115235806
"rs11957222",-0.0187323819845915
"rs76687196",-0.00905030965805054
"rs4836259",-0.01388896163553
"rs35786606",-0.0212642066180706
"rs71586096",-0.0209979116916656
"rs62391854",0.0245694294571877
"rs111731499",-0.0129424445331097
"rs66913756",-0.0268722400069237
"rs67689564",-0.0267444308847189
"rs67593868",-0.0267758779227734
"rs57425227",-0.0197892989963293
"rs61385288",-0.0264931209385395
"rs57629832",-0.0264466311782598
"rs60731918",-0.0264625083655119
"rs11951824",-0.0267002116888762
"rs11958374",-0.0267191119492054
"rs34830028",-0.0300488118082285
"rs75108770",-0.00950734503567219
"rs13162633",-0.025690047070384
"rs35969759",-0.0251775570213795
"rs11952690",-0.0256566628813744
"rs71586097",-0.0163961257785559
"rs62391856",0.0199830047786236
"rs72784522",-0.0167784225195646
"rs10071667",0.00914124306291342
"rs114691238",-0.00681472709402442
"rs62391857",-0.0211487915366888
"rs114017504",-0.0117457462474704
"rs4836261",-0.00232403026893735
"rs77914690",-0.00885143037885427
"rs13174359",0.0434196256101131
"rs114316363",-0.000672341324388981
"rs76837261",-0.0126063628122211
"rs62391858",-0.0148446392267942
"rs11958238",0.0314712561666965
"rs36023917",-0.0326948277652264
"rs10075722",-0.0318118780851364
"rs62391859",-0.0149115659296513
"rs10075984",0.0258126705884933
"rs10076001",0.0316638275980949
"rs72784530",0.0370141975581646
"rs62394660",-0.0151145271956921
"rs7736235",-0.0324849486351013
"rs7716471",-0.0325448699295521
"rs11241893",-0.0324450768530369
"rs4276403",-0.0324863828718662
"rs148217955",0.00484029809013009
"rs13152906",-0.0323838405311108
"rs62394661",-0.0150625864043832
"rs13157433",-0.0325217321515083
"rs35928076",-0.0305407661944628
"rs62394662",-0.0152656184509397
"rs34591129",-0.0325438380241394
"rs35021541",-0.0299262143671513
"rs34580094",-0.0325685255229473
"rs34395281",-0.0325731784105301
"rs34442622",-0.0325779505074024
"rs13182612",-0.0324652567505836
"rs13162396",-0.0325461253523827
"rs12655068",-0.0327376015484333
"rs12652832",-0.0301111433655024
"rs12656978",-0.032781794667244
"rs12655120",-0.0329165942966938
"rs12655121",-0.0329336561262608
"rs58059136",-0.0154161807149649
"rs6894790",-0.0339163541793823
"rs10054648",0.0267592594027519
"rs6894798",-0.0338862761855125
"rs6879608",-0.0338449738919735
"rs142210987",-0.0031531504355371
"rs6879934",-0.0262717511504889
"rs79497299",-0.0156204011291265
"rs76848574",-0.0159261003136635
"rs4836262",-0.0276026483625174
"rs112432984",-0.0156527869403362
"rs4835903",0.000195448286831379
"rs4835904",0.000264704693108797
"rs6858963",-0.0281295236200094
"rs13169038",0.000389679800719023
"rs13189063",0.000398213043808937
"rs13169308",0.000422267243266106
"rs112047602",-0.0157003290951252
"rs13168955",0.000435602385550737
"rs13189244",0.000454082153737545
"rs34254217",-0.0330316945910454
"rs11241894",0.000539862085133791
"rs62394664",-0.0157147198915482
"rs11748024",0.000399225391447544
"rs62394665",-0.0157137531787157
"rs4240395",0.00064917141571641
"rs4240396",0.000398778356611729
"rs4240397",-0.0272608883678913
"rs4446453",-0.0273434668779373
"rs114989660",-0.00567689398303628
"rs4587074",0.00038722762838006
"rs10060783",-0.0272491723299026
"rs6595706",0.00019964762032032
"rs6595707",-0.027050880715251
"rs6595708",0.000368413049727678
"rs6886050",0.000242022797465324
"rs62394666",-0.0155108291655779
"rs12516622",0.0436724498867989
"rs6595710",0.000103472266346216
"rs4836263",7.33355991542339e-05
"rs4836264",-0.0255718138068914
"rs4240398",7.02030956745148e-05
"rs4355522",-0.0272883642464876
"rs4240399",7.86497257649899e-05
"rs139922992",0.161536648869514
"rs4835905",0.000110417604446411
"rs4836265",-0.027388209477067
"rs4632794",-0.0310559924691916
"rs5021021",-0.0326933339238167
"rs74983781",-0.0154887977987528
"rs9327407",0.000204836949706078
"rs112276265",-0.0153651470318437
"rs62394177",-0.015468412078917
"rs13359059",0.0291767809540033
"rs4461628",-0.030446482822299
"rs4476720",-0.0346707887947559
"rs7734622",0.0310235973447561
"rs9687567",-0.0164565555751324
"rs6595711",-0.0143588539212942
"rs6860957",-0.0318198762834072
"rs9327408",-0.0114304535090923
"rs62394179",-0.0168040655553341
"rs114677996",-0.0107424184679985
"rs79065095",0.00195887591689825
"rs13156050",-0.0318829156458378
"rs10074625",-0.0176483448594809
"rs28608659",-0.00855350401252508
"rs10068624",-0.0155771793797612
"rs4835906",0.0140380021184683
"rs144277962",-0.00909117050468922
"rs11241895",-0.0171476658433676
"rs11742753",-0.0073342053219676
"rs146477251",-0.00988756120204926
"rs4529191",-0.00969356577843428
"rs61486463",-0.00986300501972437
"rs11746520",-0.0180626418441534
"rs11746622",-0.0150204710662365
"rs10042457",-0.0154117308557034
"rs138792537",-0.00478549348190427
"rs9686542",0.0234415344893932
"rs10050399",-0.0238637793809175
"rs9687892",0.0216702725738287
"rs138143783",-0.00646909279748797
"rs7707291",0.000395644456148148
"rs11748513",-0.0249804966151714
"rs145052235",-0.00526230083778501
"rs149201852",0.00255070999264717
"rs58522192",0.000395823735743761
"rs148325333",-0.00552138173952699
"rs140583062",0.22614561021328
"rs62394182",-0.0212186723947525
"rs11740694",0.000977069139480591
"rs35259163",-0.0237690154463053
"rs78788073",-0.00652610510587692
"rs144190304",-0.00648646894842386
"rs4620021",0.0220018029212952
"rs6875882",-0.025349035859108
"rs140653723",-0.0076134935952723
"rs4526101",-0.00322528043761849
"rs4558984",-0.00325578497722745
"rs147177023",-0.00652964506298304
"rs3934958",-0.00640442408621311
"rs4621557",-0.00355691602453589
"rs114045637",-0.00639915931969881
"rs56343611",-0.00794081762433052
"rs55715209",-0.0141121922060847
"rs73338061",0.0231024064123631
"rs10037307",-0.0239972472190857
"rs115297987",-0.00620871549472213
"rs6865082",-0.0244150348007679
"rs7710324",-0.0230537336319685
"rs4836266",-0.0231493171304464
"rs4836267",-0.0231962576508522
"rs77976901",-0.0093033779412508
"rs4836268",-0.0439723134040833
"rs79399502",-0.00948768109083176
"rs4835907",-0.0229437220841646
"rs10214090",-0.0240574404597282
"rs10214091",-0.0240429528057575
"rs10213948",0.0100499512627721
"rs76359716",-0.00718506518751383
"rs9327409",-0.0743439868092537
"rs9327410",0.0303496289998293
"rs56387034",0.0573245510458946
"rs10213785",-0.026019124314189
"rs10213793",-0.0125014558434486
"rs6879316",0.00239586690440774
"rs6898530",0.00240249466150999
"rs115905296",-0.00690897973254323
"rs6862261",0.0177684929221869
"rs4358517",0.00274248281493783
"rs77567033",-0.00894882064312696
"rs75052570",-0.0101113868877292
"rs11743170",-0.0139951631426811
"rs1026928",0.00282231066375971
"rs4373277",0.00534552149474621
"rs4836269",0.0157126262784004
"rs6891963",0.0156088406220078
"rs137994475",-0.00868269056081772
"rs2408697",0.0157462116330862
"rs183308420",-0.00527297472581267
"rs35219107",0.0158730484545231
"rs34454917",0.017971895635128
"rs28809190",-0.0141811789944768
"rs72784573",-0.0121054006740451
"rs6888676",0.0155327366665006
"rs6889365",0.0155760888010263
"rs139245619",-0.0099777327850461
"rs4835908",0.0178080145269632
"rs10054734",0.0154349086806178
"rs6895921",0.00191425625234842
"rs9686202",0.0154113937169313
"rs34960467",-0.0191851202398539
"rs75492464",-0.00325629813596606
"rs17596957",-0.0145776700228453
"rs78460477",-0.017913494259119
"rs1552242",0.017772052437067
"rs6595714",0.0154383666813374
"rs10063563",0.0177673753350973
"rs6595716",-0.00579539593309164
"rs1552243",0.0178211312741041
"rs984832",0.0189838390797377
"rs984833",0.0177732910960913
"rs10037496",0.0178143754601479
"rs11241898",0.0176864136010408
"rs11241899",0.0177526790648699
"rs4835909",-0.00581348035484552
"rs11748956",-0.0217030569911003
"rs11241900",0.0178228262811899
"rs77885874",-0.00949057657271624
"rs115920015",0.0527509935200214
"rs140970314",-0.013714887201786
"rs75561589",-0.00951194763183594
"rs11741248",0.0137681355699897
"rs115902110",-0.00312936212867498
"rs7722156",0.01371212862432
"rs7721914",0.0137115214020014
"rs10155590",0.0138930398970842
"rs13157865",-0.00797025021165609
"rs76370222",0.0121610434725881
"rs28468587",-0.00975966360419989
"rs61683862",0.013673179782927
"rs13163782",-0.0216373596340418
"rs13167310",-0.0216634515672922
"rs79328259",-0.00798727944493294
"rs114776225",-0.00934256706386805
"rs6898546",-0.0237953551113605
"rs4529192",0.0157372169196606
"rs76892173",-0.00884016044437885
"rs4240401",-0.0421486645936966
"rs34340962",-0.0217609573155642
"rs56329136",-0.0217598248273134
"rs35127452",-0.0216666851192713
"rs55721917",-0.0216976478695869
"rs4078237",-0.0740598514676094
"rs900643",-0.0738109648227692
"rs900642",-0.0739453732967377
"rs4240402",-0.0739464685320854
"rs4240403",-0.0739462152123451
"rs114900029",-0.00340331299230456
"rs34578020",-0.0213914718478918
"rs10037190",-0.0423163399100304
"rs7736649",-0.0739618390798569
"rs6862192",-0.0739177241921425
"rs13171368",-0.0214820317924023
"rs6862379",-0.0738984644412994
"rs4240404",-0.0739161521196365
"rs6595718",-0.0739841386675835
"rs6889613",-0.0739946067333221
"rs77089093",-0.015037415549159
"rs7713637",-0.0738495364785194
"rs7713989",-0.0207925904542208
"rs7714395",-0.0703920647501945
"rs77464717",-0.0261659175157547
"rs10478742",-0.0703956335783005
"rs10039592",-0.0704048946499825
"rs17597145",-0.0209060683846474
"rs1552241",-0.0429681465029716
"rs1552240",-0.0706847310066223
"rs1552239",-0.0706852674484253
"rs1552238",-0.0706996247172356
"rs12188072",-0.0122847249731421
"rs7725290",-0.0707353353500366
"rs4257768",-0.0431273318827152
"rs4428403",-0.0427317805588245
"rs10053600",-0.0431164428591728
"rs11749371",-0.0208743363618851
"rs6896085",-0.0706345438957214
"rs72784591",0.00618550414219499
"rs10519913",-0.00783264823257923
"rs11953659",0.0394670218229294
"rs34651148",-0.017626479268074
"rs35003007",-0.0233680177479982
"rs10040899",-0.0418459549546242
"rs6889852",-0.0475732274353504
"rs2408698",-0.0191315039992332
"rs75271165",-0.0103016868233681
"rs11747627",-0.0206275079399347
"rs4836271",0.0160969123244286
"rs4835911",0.0152049493044615
"rs2128931",-0.0131483031436801
"rs11750167",-0.00518237100914121
"rs113610632",-0.0107746440917253
"rs62391507",-0.0104848286136985
"rs7722185",-0.00490230601280928
"rs17597355",-0.0264032334089279
"rs1384880",-0.0160207375884056
"rs2408699",-0.0161306522786617
"rs2408700",0.0195778235793114
"rs2408701",0.00912712793797255
"rs730870",-0.0160636212676764
"rs79476787",-0.0103888241574168
"rs2035471",-0.0163255222141743
"rs7715516",-0.0162951499223709
"rs744722",-0.00935857370495796
"rs1483780",-0.0136402742937207
"rs1138005",0.0138314245268703
"rs1807",-0.0138247283175588
"rs1060857",0.0137794706970453
"rs1060856",-0.0329369530081749
"rs55923017",0.00917357299476862
"rs2775",-0.0104442052543163
"rs118113384",-0.0112262088805437
"rs34069611",0.0207866244018078
"rs4240406",0.0495289117097855
"rs11241901",-0.0388382747769356
"rs4836272",0.0501695647835732
"rs4836273",0.07547577470541
"rs34825424",-0.0294753033667803
"rs62391508",-0.026389941573143
"rs13179664",0.0680334270000458
"rs2291295",0.10351873934269
"rs1038378",0.1035420820117
"rs1038379",0.103500328958035
"rs1038380",0.103625155985355
"rs1038381",-0.0303773712366819
"rs17531712",-0.0118590481579304
"rs4379190",0.0519771128892899
"rs2306617",0.0520139150321484
"rs12514417",-0.0265212971717119
"rs2306619",0.103600822389126
"rs11241902",-0.0266129299998283
"rs62391520",-0.0127238659188151
"rs57637772",0.106445275247097
"rs78160493",-0.0187688283622265
"rs12513847",0.0561789609491825
"rs75373283",-0.0136937312781811
"rs34731336",0.116541393101215
"rs76419805",-0.0303372219204903
"rs56118701",-0.0114398263394833
"rs62391521",-0.00750171160325408
"rs7713264",-0.026590084657073
"rs13166319",0.116577960550785
"rs72786506",-0.0152252735570073
"rs79881075",-0.0303453374654055
"rs6898559",0.0558073595166206
"rs35930104",0.0680846720933914
"rs7703752",-0.0185996722429991
"rs2013986",0.0559916868805885
"rs900645",-0.0303775183856487
"rs11742214",-0.0265585016459227
"rs7706009",0.0561496131122112
"rs4835912",0.0560722835361958
"rs4835913",0.0684073865413666
"rs72786509",-0.00953655131161213
"rs4835914",0.0685432404279709
"rs7724875",-0.0266214311122894
"rs111408205",-0.00807472784072161
"rs56189006",0.116990648210049
"rs62391522",0.00857252720743418
"rs4836276",0.0614180117845535
"rs185474123",-0.0069556999951601
"rs370126778",-0.0143107483163476
"rs11241903",-0.026889868080616
"rs4526102",0.0486700907349586
"rs4626334",0.0486829467117786
"rs4626335",-0.0442848317325115
"rs112498647",-0.0100081311538815
"rs28865092",0.0422419123351574
"rs62391523",-0.0349863171577454
"rs75829008",-0.0207320228219032
"rs9765047",-0.0547568760812283
"rs58612932",0.0172413624823093
"rs78968720",-0.0305000450462103
"rs112028587",-0.0302587170153856
"rs10043987",0.114698506891727
"rs28429591",0.0148665672168136
"rs62391524",-0.058097381144762
"rs10067785",0.0436686128377914
"rs114374429",-0.0579021573066711
"rs10038571",0.0434675440192223
"rs2408633",-0.0230782516300678
"rs80129827",-0.0140428217127919
"rs189213280",-0.0138088390231133
"rs4836277",-0.0133170979097486
"rs147994449",-0.0152091858908534
"rs10050642",-0.0173199288547039
"rs10050872",0.000818641390651464
"rs66822510",0.000606169458478689
"rs59916949",-0.0176916047930717
"rs3734174",-0.016692366451025
"rs35290920",-0.0202278699725866
"rs34323751",-0.0166909415274858
"rs35960414",-0.016655508428812
"rs34972014",-0.0202221032232046
"rs73343315",-0.0236755441874266
"rs114276199",-0.0155313676223159
"rs62391527",-0.0230379272252321
"rs11742381",-0.0236575566232204
"rs6870785",-0.0167466439306736
"rs7736031",-0.0167053397744894
"rs6897789",0.00240681925788522
"rs6898430",-0.0167049262672663
"rs78062674",-0.0119696343317628
"rs10478743",-0.0167083721607924
"rs7709115",0.00235170172527432
"rs10044223",-0.0176309905946255
"rs17154671",-0.0235176030546427
"rs72789711",-0.0138686997815967
"rs71586101",-0.0236940532922745
"rs67308532",-0.023693073540926
"rs61701536",-0.0235345140099525
"rs36077292",-0.0229778029024601
"rs144282930",-0.0323390923440456
"rs7737256",-0.0235123708844185
"rs7737783",-0.0236824993044138
"rs7719675",-0.0229766517877579
"rs7719712",-0.0229747127741575
"rs7700981",-0.0236423350870609
"rs17154676",-0.0236295592039824
"rs34496788",-0.0229551326483488
"rs79544459",-0.0114939091727138
"rs73343333",-0.023491907864809
"rs113394196",-0.0234918519854546
"rs187376146",-0.0113828638568521
"rs56227108",-0.0236184131354094
"rs34275373",-0.0236245337873697
"rs56397023",-0.023019265383482
"rs62391533",-0.0236009024083614
"rs13171814",-0.0230740178376436
"rs13177576",-0.0236546974629164
"rs62391534",-0.0150670344009995
"rs112877339",-0.0141041316092014
"rs112395943",-0.0142557257786393
"rs7709981",-0.0236915331333876
"rs7714044",-0.02370360866189
"rs13182402",-0.0231004022061825
"rs12653605",-0.0341014452278614
"rs56738803",-0.0236547775566578
"rs13188450",-0.023562403395772
"rs79449010",-0.0154090747237206
"rs60755977",-0.034474927932024
"rs7730933",-0.023126408457756
"rs60985970",-0.0232197437435389
"rs6595719",0.00336672784760594
"rs192747450",-0.0124007239937782
"rs114171730",-0.020794814452529
"rs7702811",-0.0405150689184666
"rs139495736",-0.0126096056774259
"rs34241005",-0.0163579154759645
"rs7704283",-0.0343635715544224
"rs35797169",-0.0202349983155727
"rs4836278",-0.0307060927152634
"rs7723008",-0.000430639367550611
"rs77050761",-0.0316140986979008
"rs7723494",0.00346860708668828
"rs141230724",0.0403837263584137
"rs13154789",-0.0403666980564594
"rs145639023",0.0450278930366039
"rs35115612",-0.023114861920476
"rs17165056",-0.0293524004518986
"rs60720055",0.0452317744493484
"rs6861395",-0.0300646834075451
"rs75035568",0.0450064428150654
"rs77894478",0.0451643243432045
"rs72789715",-0.00844770204275846
"rs10519915",-0.0273337997496128
"rs144272515",-0.0159808918833733
"rs900641",-0.0300835482776165
"rs900640",-0.0116553166881204
"rs17165061",0.0451765656471252
"rs35569843",0.125741586089134
"rs78215820",0.0451628789305687
"rs3736174",-0.0382825061678886
"rs3736171",-0.0284732170403004
"rs111325409",-0.0124150048941374
"rs7718710",-0.0385165326297283
"rs140323053",0.0451184175908566
"rs6865317",-0.0115728434175253
"rs34450389",-0.0281059388071299
"rs139694797",-0.0164263769984245
"rs6895867",-0.0115715442225337
"rs74826362",0.0425355844199657
"rs76939631",0.0451356768608093
"rs114777268",0.0452335961163044
"rs72789717",-0.0230761878192425
"rs79610621",0.0452470667660236
"rs28365789",-0.0244440045207739
"rs2306622",-0.0317942276597023
"rs2306621",-0.0317806415259838
"rs2306620",-0.0318389162421227
"rs75136984",-0.0111472401767969
"rs71586102",-0.0107963094487786
"rs6882015",-0.0415144003927708
"rs112660519",-0.0114799216389656
"rs113603524",-0.0285327211022377
"rs62391554",-0.0410172156989574
"rs7726892",-0.0410298928618431
"rs28577201",-0.0340085290372372
"rs181401802",-0.0102468756958842
"rs78996758",0.0453754737973213
"rs4597966",-0.0411607176065445
"rs3734173",-0.0210685729980469
"rs113101121",-0.011436983011663
"rs34373067",-0.0270732808858156
"rs71587903",-0.0277609042823315
"rs10037454",-0.0411811172962189
"rs35109241",-0.0277606248855591
"rs10058423",-0.0285994689911604
"rs10478745",-0.0285908412188292
"rs7705738",-0.0410068891942501
"rs80147849",0.0453660748898983
"rs10055686",-0.0232153069227934
"rs34956316",0.00824044086039066
"rs10077962",-0.0411940738558769
"rs35626152",-0.0277554299682379
"rs10063061",-0.0411911308765411
"rs28412458",-0.0413580760359764
"rs9716527",-0.0413586609065533
"rs62392460",-0.0411438010632992
"rs114905300",0.0453635826706886
"rs11960347",-0.0286042969673872
"rs900646",-0.0411925539374352
"rs11957824",-0.0411925539374352
"rs111660480",-0.0114249531179667
"rs77900059",-0.0285419337451458
"rs13159782",-0.0277312342077494
"rs115351762",-0.0161970239132643
"rs140707240",-0.00894932821393013
"rs144580855",0.426629662513733
"rs150962000",-0.0162335988134146
"rs10051326",-0.0411789007484913
"rs57329515",-0.0411795526742935
"rs146679913",-0.0154810268431902
"rs140212011",-0.0189557000994682
"rs6886516",-0.0411793328821659
"rs115295345",0.0453647784888744
"rs13166681",-0.0411426350474358
"rs113199322",-0.0114240180701017
"rs6883308",-0.0411914922297001
"rs6861893",-0.0411940664052963
"rs144069016",0.0453243143856525
"rs181249091",-0.0062959841452539
"rs10075128",-0.0412122383713722
"rs10050599",-0.0411936528980732
"rs140628910",0.000613306183367968
"rs62392462",-0.0386791601777077
"rs9327412",-0.0411934331059456
"rs6865227",-0.0411772839725018
"rs62392463",-0.0239564664661884
"rs6889541",-0.0411775223910809
"rs6889800",-0.0411938726902008
"rs6595720",-0.0411775410175323
"rs34356446",-0.00962589867413044
"rs7734012",-0.0411775596439838
"rs35530877",-0.027772793546319
"rs34180949",-0.0277602635324001
"rs34896011",-0.0277901999652386
"rs149898505",-0.0208518132567406
"rs117042057",-0.0229767560958862
"rs4571467",-0.0411776043474674
"rs4510582",-0.0411867201328278
"rs7711952",-0.0412287414073944
"rs138175033",-0.0157950669527054
"rs6595721",-0.0257816184312105
"rs115394203",-0.00660324422642589
"rs146251147",-0.0156392306089401
"rs1142104",-0.0233392231166363
"rs150524691",0.0454639233648777
"rs57200165",-0.0414504557847977
"rs11958842",-0.019996577873826
"rs56291028",-0.023509094491601
"rs6889151",-0.0424370728433132
"rs11948912",-0.0200851038098335
"rs141058291",-0.0177218783646822
"rs12519406",0.0141002750024199
"rs115638082",0.0453715100884438
"rs114686620",0.0453310906887054
"rs13164487",-0.0281661339104176
"rs115167200",-0.011241938918829
"rs17154690",0.0452651828527451
"rs79826724",0.0453371070325375
"rs76391924",-0.0279745683073997
"rs76538368",0.0449033789336681
"rs6862980",-0.0239411387592554
"rs12655861",-0.0245263651013374
"rs79637996",0.0465169064700603
"rs145331253",-0.0126162534579635
"rs6887803",-0.0242146607488394
"rs55952378",-0.0239067897200584
"rs56292932",-0.023896524682641
"rs34599807",-0.0243826080113649
"rs35796090",-0.0245917569845915
"rs35726580",-0.027762359008193
"rs6893933",-0.0245950669050217
"rs34218866",-0.0245104152709246
"rs189420108",-0.0126077216118574
"rs72789724",-0.0121907461434603
"rs35124149",-0.00454573798924685
"rs7705714",-0.024517972022295
"rs12658710",-0.041277140378952
"rs12654569",-0.0243936087936163
"rs114353771",-0.0127148125320673
"rs12652642",-0.0244729463011026
"rs6892167",-0.00475415820255876
"rs74915837",0.045014675706625
"rs112665045",-0.0245418008416891
"rs35966652",-0.0281230267137289
"rs7736438",0.0448821745812893
"rs62392472",-0.0280526150017977
"rs7720420",-0.0390253178775311
"rs7735542",-0.0356330499053001
"rs55855839",-0.00613401085138321
"rs7736388",-0.0356778874993324
"rs142112051",-0.0277247540652752
"rs34480533",-0.0286402367055416
"rs76635141",0.0454566739499569
"rs35390332",-0.0289706159383059
"rs144272519",0.0240694507956505
"rs34772805",-0.0247008483856916
"rs34850318",-0.0288776233792305
"rs13159780",-0.0289436858147383
"rs13177983",-0.0289793405681849
"rs12658702",-0.0246435143053532
"rs79902997",-0.00770653132349253
"rs58099646",-0.0297229308634996
"rs76634732",-0.0142054241150618
"rs114746765",-0.0175288021564484
"rs184353870",-0.00327903172001243
"rs55828002",-0.0250076167285442
"rs56120991",-0.0249245464801788
"rs146373573",0.00940969213843346
"rs115716105",-0.0187028683722019
"rs7735232",0.0221589636057615
"rs149599879",0.0515133403241634
"rs144265505",0.0253960844129324
"rs4280862",0.027541222050786
"rs4560545",-0.0304882619529963
"rs139795459",0.0305478684604168
"rs62392506",-0.0304137580096722
"rs113283897",-0.0171885322779417
"rs145496280",0.0305758956819773
"rs137872921",0.0305751170963049
"rs140748506",0.0305675715208054
"rs77945259",0.0305765569210052
"rs6595722",-0.0226292163133621
"rs4836280",-0.0768885836005211
"rs72789734",-0.0261518806219101
"rs10037917",0.0501632913947105
"rs147469308",-0.0123676843941212
"rs7707878",0.0501686036586761
"rs7708591",0.0907802507281303
"rs7708734",0.0906537398695946
"rs7728452",0.0644589737057686
"rs12108927",-0.0306283179670572
"rs12109746",-0.0307417418807745
"rs7735969",0.0430707447230816
"rs12653198",-0.0642362609505653
"rs7701818",0.0430904552340508
"rs79737156",-0.00655449647456408
"rs7727105",-0.0308136884123087
"rs11741837",0.0909336507320404
"rs13176922",-0.0429122224450111
"rs12659017",-0.05048006772995
"rs6872589",0.0429400131106377
"rs12654911",-0.0505356453359127
"rs10063822",-0.0315062664449215
"rs10078768",-0.0446332953870296
"rs7718405",0.0794131308794022
"rs7718574",0.0734198242425919
"rs6879081",0.0322799757122993
"rs61146558",-0.0292305592447519
"rs4836281",0.0734548941254616
"rs62392508",-0.0504083372652531
"rs78158033",-0.0133796371519566
"rs76902682",-0.000283866189420223
"rs13160405",0.0734802260994911
"rs10055351",-0.033130768686533
"rs13170194",0.075027272105217
"rs13170448",-0.033042948693037
"rs13170207",0.0751177594065666
"rs6860918",0.073473758995533
"rs76647637",-0.0126862451434135
"rs75388238",-0.0126529857516289
"rs143890639",-0.0295124258846045
"rs34664945",0.0757720395922661
"rs62392510",-0.0291935689747334
"rs10052409",-0.0471369884908199
"rs13178953",-0.0470343939960003
"rs141647245",-0.0183124542236328
"rs6595723",0.0694689452648163
"rs13183966",0.0758434236049652
"rs7725668",-0.0467513240873814
"rs7705925",-0.0465504340827465
"rs55823242",0.0540589205920696
"rs7726327",0.0696450993418694
"rs112083791",0.054035622626543
"rs10059149",-0.0465182326734066
"rs75603293",-0.0149168921634555
"rs62392513",-0.0466141700744629
"rs79018710",-0.0110947648063302
"rs66814408",-0.0464644245803356
"rs73347250",0.0539801977574825
"rs7446612",0.0761653631925583
"rs10478748",-0.0464781373739243
"rs180718172",-0.00909180473536253
"rs113024413",-0.0117717403918505
"rs7727764",-0.0493205823004246
"rs4836283",0.0697390362620354
"rs34253069",0.103446155786514
"rs4835916",0.0607840493321419
"rs7727701",0.00405156472697854
"rs7731923",0.0604673884809017
"rs36006468",0.0771388560533524
"rs6595725",0.00427697878330946
"rs6860840",-0.049482025206089
"rs192966726",-0.0116648077964783
"rs10041059",-0.0491952113807201
"rs10428635",0.0613195933401585
"rs10041125",-0.0375746861100197
"rs11744993",-0.0207588393241167
"rs35617272",-0.0489830188453197
"rs137904695",-0.0218851584941149
"rs4836296",-0.0374330878257751
"rs115969489",-0.00384738249704242
"rs13161244",-0.0490523315966129
"rs13347331",0.0593879744410515
"rs62392531",-0.0453844144940376
"rs34494980",-0.0510004013776779
"rs13187524",-0.0784653127193451
"rs184774003",-0.0137910796329379
"rs9637915",-0.0498235858976841
"rs13172305",-0.0366573072969913
"rs9327415",-0.0388862788677216
"rs111872235",-0.020886117592454
"rs111298714",-0.00401463033631444
"rs114870524",-0.00973954424262047
"rs143035736",-0.0224693119525909
"rs72796470",-0.0224718786776066
"rs189569905",-0.0135512566193938
"rs58640797",0.0756426826119423
"rs4835917",-0.079086109995842
"rs7720178",0.0271037556231022
"rs13165034",-0.0697711706161499
"rs7701889",0.0756607130169868
"rs188547208",-0.0114563480019569
"rs6595726",-0.0393240638077259
"rs56213828",-0.0228611938655376
"rs149582921",-0.00707702804356813
"rs6595727",-0.0794054418802261
"rs6888913",-0.0211995020508766
"rs142904884",-0.022667994722724
"rs147419317",-0.0160348080098629
"rs72796473",-0.0212113074958324
"rs142633857",-0.0167480632662773
"rs62392532",-0.0500958301126957
"rs60375810",-0.0701669007539749
"rs113345078",-0.0200948044657707
"rs68124671",-0.0211782604455948
"rs72796476",-0.0209213607013226
"rs113149940",-0.0211119633167982
"rs13154330",-0.0702861174941063
"rs139793405",-0.0131618268787861
"rs6870372",-0.0211520865559578
"rs139111309",-0.0229243375360966
"rs4836295",-0.0501194037497044
"rs4836294",-0.0793764591217041
"rs60984441",-0.0500828102231026
"rs72796479",-0.0229824166744947
"rs1510956",-0.070280097424984
"rs13165407",-0.0700746178627014
"rs74203738",0.0757235288619995
"rs13169997",-0.0702860802412033
"rs72663349",0.0608347654342651
"rs13170680",-0.0356898941099644
"rs13170950",-0.0356398187577724
"rs13171225",-0.0384911075234413
"rs114063187",-0.0132147893309593
"rs13175125",-0.0394638441503048
"rs115159128",-0.013221618719399
"rs7708051",-0.0394189059734344
"rs13172486",-0.015000494197011
"rs527304435",-0.00665561109781265
"rs62392537",-0.015381682664156
"rs13172684",-0.0430514141917229
"rs6883217",0.0758353918790817
"rs13158155",-0.0502574183046818
"rs12656950",-0.0742175057530403
"rs12652820",-0.0742122381925583
"rs13168628",-0.0742372423410416
"rs34375941",-0.0150383925065398
"rs34543990",-0.0464588478207588
"rs35441109",-0.043093740940094
"rs56384180",-0.0214984957128763
"rs35058784",-0.0374989844858646
"rs2408774",0.0688034296035767
"rs34897423",-0.0430960804224014
"rs4836297",0.00926254503428936
"rs1510954",-0.0742683708667755
"rs35447413",-0.0403917320072651
"rs112374688",-0.00389066012576222
"rs72796483",-0.023299690335989
"rs13184526",-0.0382929071784019
"rs13184850",-0.0384907387197018
"rs35531575",-0.0504344254732132
"rs13185329",-0.0742885768413544
"rs116160055",-0.0131767671555281
"rs12523591",-0.0744412764906883
"rs12518495",-0.0418759919703007
"rs77061947",0.111628122627735
"rs77423366",0.00941173825412989
"rs72796485",-0.0214383434504271
"rs75498214",0.00925967935472727
"rs1546499",-0.0419332645833492
"rs35595344",-0.0404521450400352
"rs151250755",-0.0113725960254669
"rs140465226",-0.0111439004540443
"rs77388739",-0.00364055437967181
"rs4836293",-0.0641679018735886
"rs141101388",-0.00988886225968599
"rs35219295",-0.0385200120508671
"rs75429615",0.0092640146613121
"rs150152378",-0.00723478803411126
"rs1972091",-0.064383327960968
"rs73331313",-0.00340662198141217
"rs144092459",-0.0211886838078499
"rs113313856",-0.0386250205338001
"rs139840590",-0.0386271439492702
"rs142196158",-0.0136043457314372
"rs73331315",-0.00343510555103421
"rs10463822",-0.0645361617207527
"rs34096539",-0.0496132075786591
"rs13187648",-0.0640039518475533
"rs115718814",-0.0130647160112858
"rs907194",-0.0644935369491577
"rs73331318",-0.00339803425595164
"rs112599548",-0.00339934322983027
"rs75200746",-0.00339954951778054
"rs115793166",-0.0130494274199009
"rs187297726",-0.0135938310995698
"rs13175243",-0.0644541904330254
"rs13155478",-0.0644594356417656
"rs74815722",-0.00338751077651978
"rs10463823",-0.0495527125895023
"rs10463824",-0.0644637644290924
"rs72796491",-0.0121471229940653
"rs56256633",-0.049774993211031
"rs115334490",-0.0185215137898922
"rs56370356",-0.049772210419178
"rs72796492",-0.0225959848612547
"rs185067682",-0.0225199237465858
"rs115951063",0.112307883799076
"rs59198762",0.038450613617897
"rs13161700",-0.063954621553421
"rs116838029",-0.0131061179563403
"rs34701879",-0.0639622807502747
"rs113569916",-0.0175211224704981
"rs35520944",-0.0386104807257652
"rs75471958",0.00659072492271662
"rs13166344",-0.0497537739574909
"rs13166781",-0.0122402850538492
"rs7736410",0.00655902549624443
"rs115736816",-0.0180984530597925
"rs111362333",0.00659303646534681
"rs34079087",-0.0497472360730171
"rs13187192",-0.0639615952968597
"rs13167300",-0.0639674812555313
"rs7703036",-0.0645114630460739
"rs74540174",0.00659643020480871
"rs7703357",-0.00345910433679819
"rs12521148",-0.0638898760080338
"rs11241905",-0.0638886466622353
"rs181641224",-0.00794162321835756
"rs11241906",-0.0638963654637337
"rs6884533",-0.0638460218906403
"rs60280117",-0.00339615065604448
"rs11241907",-0.0638845264911652
"rs13176490",-0.0638877898454666
"rs12658540",-0.0639024823904037
"rs12658555",-0.0639026388525963
"rs12654411",-0.0639031976461411
"rs13176960",-0.069700613617897
"rs2898013",-0.0639253854751587
"rs112952468",-0.0172532554715872
"rs6869544",0.0385118871927261
"rs7445054",-0.0645346194505692
"rs34525685",-0.0386266112327576
"rs13182672",-0.0496473871171474
"rs13182914",-0.0624920725822449
"rs57077043",-0.0386696793138981
"rs143462160",-0.0114013999700546
"rs7719336",-0.0640190243721008
"rs36071395",-0.0386846326291561
"rs4836291",-0.0648177787661552
"rs77356916",0.00375038757920265
"rs4836290",-0.0649534240365028
"rs4836289",-0.0649878680706024
"rs144700857",-0.0136950155720115
"rs13189864",-0.0651431232690811
"rs57810035",0.00432639103382826
"rs57933944",0.00421784399077296
"rs79979295",0.00659292098134756
"rs35328114",-0.0148062687367201
"rs12521042",-0.0655244737863541
"rs13175275",-0.0389922298491001
"rs59650259",0.00426925718784332
"rs13175187",-0.0656538382172585
"rs13175761",-0.0657301992177963
"rs13176444",-0.065923660993576
"rs111373855",0.00656376872211695
"rs61254328",0.00431767944246531
"rs56866302",0.00432932795956731
"rs13163076",-0.015774242579937
"rs7732863",-0.0383480861783028
"rs55996535",0.00425165612250566
"rs56138447",0.00425201235339046
"rs10039317",-0.0393215417861938
"rs6877975",-0.0726394355297089
"rs12659651",0.00657691899687052
"rs12659644",0.0066566402092576
"rs77314465",0.00663937022909522
"rs143195054",-0.0362768732011318
"rs13154662",-0.073321595788002
"rs62392559",-0.0531356669962406
"rs12109325",-0.0392228960990906
"rs6595729",-0.0443663112819195
"rs7701558",-0.0535954795777798
"rs35019304",-0.0391400158405304
"rs150789801",0.00436093378812075
"rs182882771",-0.0104866763576865
"rs2408771",-0.0439526252448559
"rs34315243",-0.0261103343218565
"rs144013734",-0.0144262919202447
"rs56121096",0.0126313464716077
"rs60570268",-0.0146735310554504
"rs4836288",0.0626443699002266
"rs4836287",0.0835442021489143
"rs907195",0.146614566445351
"rs191378405",-0.0162633340805769
"rs74470003",0.037426233291626
"rs2408772",0.0375995598733425
"rs11948796",0.0340463370084763
"rs2019071",0.0582619123160839
"rs141785045",-0.0158352721482515
"rs62394360",0.0378065072000027
"rs34502631",0.154086589813232
"rs72798206",-0.0832702293992043
"rs59570340",-0.0117020225152373
"rs73331350",-0.0115081882104278
"rs56080441",0.154500812292099
"rs7701103",0.0662619397044182
"rs7720918",0.158149734139442
"rs7704726",0.118834793567657
"rs6595730",0.118778206408024
"rs9918154",0.204846605658531
"rs10038097",-0.0115565229207277
"rs74341256",-0.0125044723972678
"rs6865535",-0.0193196535110474
"rs112307670",-0.0143045345321298
"rs2408707",0.171758279204369
"rs149114078",-0.0179354101419449
"rs2408708",0.191733747720718
"rs2408709",0.111292816698551
"rs73331354",-0.0543856769800186
"rs2102536",0.171843081712723
"rs7448196",0.111214756965637
"rs72798214",0.171112716197968
"rs76547855",-0.0192770101130009
"rs12517098",0.171078696846962
"rs12519794",0.171075642108917
"rs12520367",0.182232111692429
"rs12522759",0.182156890630722
"rs12522784",0.182073414325714
"rs13166787",0.182385683059692
"rs72798216",0.182687476277351
"rs34019662",-0.0538705289363861
"rs13189893",0.181432202458382
"rs4836286",0.0731739476323128
"rs13190230",0.181427389383316
"rs4836285",0.0730076506733894
"rs4836284",0.18151780962944
"rs116864085",-0.00823844596743584
"rs116834556",0.181751877069473
"rs139442583",-0.0191058069467545
"rs115428771",0.186949983239174
"rs116780836",-0.0125825898721814
"rs143829633",0.196983322501183
"rs147928803",-0.0125935161486268
"rs62394368",0.111769072711468
"rs34379463",0.111398600041866
"rs34670228",-0.0584382824599743
"rs2055868",0.0789885297417641
"rs2055869",0.0775860100984573
"rs2055870",-0.0385940670967102
"rs62391679",-0.0733196586370468
"rs2055871",-0.0387777164578438
"rs10041543",0.0711129829287529
"rs6868715",0.141491338610649
"rs6890146",0.141491368412971
"rs13177610",-0.0736473724246025
"rs6868749",0.141496494412422
"rs7444331",0.141507729887962
"rs7444385",0.140754342079163
"rs77747022",0.14152617752552
"rs35416110",0.141516447067261
"rs375006839",-0.0109704677015543
"rs6595732",0.14151719212532
"rs6595733",0.141528323292732
"rs2175357",0.141527146100998
"rs2175358",0.141528502106667
"rs6879635",0.141558364033699
"rs2408767",0.141563773155212
"rs2408768",0.141587033867836
"rs2408769",0.141587659716606
"rs2408770",0.141621008515358
"rs2898015",0.141632616519928
"rs7720543",0.141718059778214
"rs7702991",0.141750633716583
"rs7724656",0.141701206564903
"rs7707016",0.141660541296005
"rs10041081",0.141791820526123
"rs6885843",0.141725823283195
"rs6866996",0.0791270956397057
"rs6867130",0.141827628016472
"rs36063691",0.210224822163582
"rs72798222",-0.0179444327950478
"rs71587914",0.210353404283524
"rs78864709",-0.0366224348545074
"rs112498353",-0.0366955474019051
"rs7446941",0.142096817493439
"rs3935124",0.210552826523781
"rs62391682",-0.0755175799131393
"rs74477714",0.210517004132271
"rs74692965",-0.0738445967435837
"rs62391683",-0.0755574256181717
"rs111681288",-0.0174756739288568
"rs150260050",-0.0138606065884233
"rs58133023",0.078032523393631
"rs7721455",0.210756674408913
"rs62391686",-0.0739243850111961
"rs147612380",-0.0131229870021343
"rs62391687",0.102087676525116
"rs62391688",0.102092809975147
"rs76594536",-0.0462370924651623
"rs12654280",0.210975289344788
"rs34445810",-0.0740214660763741
"rs13180251",-0.0756967142224312
"rs77831468",0.210920318961143
"rs13162488",0.102074213325977
"rs62391690",-0.0740080624818802
"rs62391691",-0.0335577502846718
"rs114209888",-0.0115666855126619
"rs35718467",-0.0740465745329857
"rs36087551",-0.0740945562720299
"rs7722835",0.211215630173683
"rs147209401",-0.0110692828893661
"rs2408773",-0.036404587328434
"rs955147",0.078315868973732
"rs6896180",-0.0368160232901573
"rs7702335",0.0787593349814415
"rs35261114",-0.0744731649756432
"rs551042655",-0.0240382663905621
"rs13175555",-0.0742895305156708
"rs10054407",-0.0188941620290279
"rs2036845",0.0790815576910973
"rs2036846",0.102480933070183
"rs115268404",-0.0204015411436558
"rs2175359",0.0984278172254562
"rs34570530",0.208912283182144
"rs111723592",-0.0576288402080536
"rs113305845",-0.0576578304171562
"rs12521448",-0.0261658616364002
"rs10073842",-0.0805851370096207
"rs71587916",0.209329232573509
"rs10478752",-0.0409155040979385
"rs57073955",-0.0262595657259226
"rs1533106",0.0812599286437035
"rs76061732",-0.0178907159715891
"rs114039069",-0.0118887759745121
"rs9327420",0.110705472528934
"rs13180249",-0.0749450773000717
"rs142593103",-0.0297350957989693
"rs191515688",-0.0235106348991394
"rs184734904",-0.0235181078314781
"rs72798231",-0.0311471112072468
"rs6595734",0.117994613945484
"rs7716198",-0.0735618770122528
"rs13362024",-0.0614266321063042
"rs55801906",-0.078948937356472
"rs7737457",0.151206150650978
"rs60016545",-0.0791903734207153
"rs2271352",0.235690012574196
"rs2271353",0.131340220570564
"rs34672831",0.114869773387909
"rs35649057",0.131395295262337
"rs55960310",-0.0631680190563202
"rs116834635",-0.0117820762097836
"rs114953134",-0.0187910944223404
"rs62391698",-0.0630291178822517
"rs12515582",-0.0631262883543968
"rs62391699",-0.0440443158149719
"rs62391700",-0.063128687441349
"rs12515565",-0.0631255209445953
"rs184990321",-0.0143595850095153
"rs7700393",0.131865710020065
"rs12518331",-0.0332948565483093
"rs6886443",-0.0631884709000587
"rs6865639",0.130327790975571
"rs12523362",-0.0631690844893456
"rs73783464",-0.0210540778934956
"rs12518228",-0.0332964099943638
"rs115818447",-0.0180103611201048
"rs141117126",-0.0334043316543102
"rs72798238",-0.0335119068622589
"rs6867793",-0.0631888210773468
"rs62391701",-0.0440018810331821
"rs12514001",0.155775159597397
"rs11745988",0.162481069564819
"rs149576439",-0.017924165353179
"rs146063265",-0.0179253630340099
"rs140006198",-0.0333954691886902
"rs76171696",-0.0897390618920326
"rs146764433",-0.0179270040243864
"rs56366269",-0.0333977453410625
"rs7704384",0.155958876013756
"rs150982628",-0.0179199315607548
"rs62391702",-0.0897292271256447
"rs13172904",0.547797918319702
"rs2136878",-0.0897149220108986
"rs55656009",-0.0438998453319073
"rs7729436",0.0779876708984375
"rs183139018",-0.0131462747231126
"rs190338076",-0.0227905660867691
"rs141899431",-0.0438756532967091
"rs140065143",-0.0179169401526451
"rs6874636",-0.0482896231114864
"rs6895856",0.0780038237571716
"rs10478753",-0.0896769762039185
"rs145004567",-0.0137694114819169
"rs114488376",-0.0436843782663345
"rs115128099",-0.0436720252037048
"rs6595735",0.188115045428276
"rs72798243",-0.038545124232769
"rs150919059",-0.0369199700653553
"rs2973888",0.0780734941363335
"rs35991959",0.187019720673561
"rs62391704",-0.0438471846282482
"rs142983749",-0.0160190090537071
"rs142035111",-0.0120347179472446
"rs35036110",0.18699386715889
"rs35137067",0.186992004513741
"rs144678977",-0.0109960930421948
"rs141800197",-0.0178850479424
"rs115939251",-0.00463357754051685
"rs62391707",0.187056243419647
"rs13176550",0.247004464268684
"rs150596819",-0.0278027448803186
"rs13181450",0.247058555483818
"rs144901820",-0.017677765339613
"rs149740854",-0.0334420166909695
"rs56121757",-0.0384619943797588
"rs11241908",0.247177481651306
"rs376632423",-0.0172169357538223
"rs72798244",0.228997573256493
"rs180859926",-0.0196004342287779
"rs146101575",-0.0334361456334591
"rs62391730",-0.0439008809626102
"rs72798245",-0.0334510654211044
"rs62391731",-0.0438958629965782
"rs77621267",-0.0176667086780071
"rs60147760",-0.0384256914258003
"rs2036844",0.0785231217741966
"rs116519295",-0.0177863053977489
"rs3812062",-0.0334357060492039
"rs62391732",-0.0136714354157448
"rs35091677",0.24827279150486
"rs111865788",-0.0334361232817173
"rs55750112",-0.017652278766036
"rs4075655",-0.0899216011166573
"rs553276426",-0.0155077306553721
"rs74745539",-0.0169767010957003
"rs62391733",-0.0136462636291981
"rs7714589",-0.0439565852284431
"rs75222840",-0.0234048664569855
"rs7732759",-0.0439552366733551
"rs143857465",-0.015482728369534
"rs192102490",-0.0191344730556011
"rs140680370",-0.0223238542675972
"rs62391735",-0.0438882634043694
"rs147002921",-0.018671091645956
"rs72798246",-0.0334259197115898
"rs72798247",-0.0334251783788204
"rs6595736",0.248799249529839
"rs72798249",-0.0334259532392025
"rs78767528",-0.0385146029293537
"rs150048703",-0.0439061336219311
"rs34433938",0.187769189476967
"rs143114145",-0.0173935480415821
"rs116549373",-0.0334072597324848
"rs112747372",-0.0443384125828743
"rs113070974",-0.044340942054987
"rs2973589",-0.0901222825050354
"rs182011598",-0.0222594570368528
"rs2973890",-0.0901316404342651
"rs79627602",-0.0333446674048901
"rs62391738",-0.0443885549902916
"rs2973891",0.0782557651400566
"rs6864284",-0.0234298389405012
"rs35500127",0.248800501227379
"rs11741648",0.248778000473976
"rs17165359",-0.0308384615927935
"rs17598428",-0.044388122856617
"rs2973588",-0.0901613682508469
"rs6595737",0.0782644972205162
"rs2973587",-0.0901430174708366
"rs2941661",-0.0901387631893158
"rs34740558",0.346223145723343
"rs17532713",-0.0161797981709242
"rs186364428",-0.0109018245711923
"rs6595738",0.248839393258095
"rs113232588",-0.0192556846886873
"rs145406373",-0.0308371800929308
"rs6873780",0.248836770653725
"rs12515255",-0.0333433113992214
"rs35156477",0.253406137228012
"rs11241910",0.248841986060143
"rs2036847",0.248853325843811
"rs113432923",-0.0218284670263529
"rs72798253",-0.033345814794302
"rs75795980",-0.00484434189274907
"rs12521266",-0.0308345016092062
"rs13176752",-0.024331321939826
"rs2973586",0.100387178361416
"rs115623227",-0.0179471727460623
"rs17532839",-0.0443613566458225
"rs2941662",0.0782824158668518
"rs2973585",0.0782822743058205
"rs2973584",0.0782877281308174
"rs55699774",-0.0384664796292782
"rs140417356",-0.0215351302176714
"rs76091763",-0.0179578438401222
"rs17165351",-0.0333393178880215
"rs150136716",-0.0179586634039879
"rs11748369",0.253263890743256
"rs1912570",-0.0901883319020271
"rs115527652",-0.0187716167420149
"rs61074663",-0.0118243508040905
"rs149366965",-0.0441862940788269
"rs2973892",0.0784122943878174
"rs17598783",0.187972724437714
"rs116554129",-0.0177319198846817
"rs115979974",-0.0231105368584394
"rs12523041",0.188065111637115
"rs72798255",-0.0333817414939404
"rs147567364",1
"rs2941667",0.0783991739153862
"rs72780203",-0.0308791343122721
"rs2973583",-0.0914055109024048
"rs2408776",0.252929657697678
"rs4267910",-0.0902136415243149
"rs7447810",-0.0385471545159817
"rs17598867",-0.0442257225513458
"rs968355",-0.108977377414703
"rs74640805",-0.015226973220706
"rs3749830",-0.0333823226392269
"rs34224885",-0.018101442605257
"rs72780205",-0.0242672581225634
"rs114465917",-0.0333409942686558
"rs147597513",-0.012880745343864
"rs190884050",-0.0149764576926827
"rs185708540",-0.0110916951671243
"rs76127958",-0.0179865285754204
"rs11748382",0.190373659133911
"rs11748362",0.252273291349411
"rs2973605",0.0309063699096441
"rs146062021",-0.0174065418541431
"rs138793043",-0.0137569941580296
"rs2941666",-0.0900566354393959
"rs12514715",0.251512765884399
"rs2271354",0.0784339159727097
"rs3805744",0.250634014606476
"rs2941665",0.0784213319420815
"rs114024653",-0.0173051115125418
"rs17165328",-0.0240021795034409
"rs2973604",-0.0899097248911858
"rs2973887",-0.0899439677596092
"rs72780207",-0.033379927277565
"rs145801205",-0.0377345494925976
"rs72780208",-0.0371778309345245
"rs2941664",-0.116594865918159
"rs60107783",-0.0333907827734947
"rs59395878",-0.0333905480802059
"rs72780210",-0.030887683853507
"rs2973603",0.0784538611769676
"rs187272129",-0.0173095539212227
"rs111265200",-0.0250124484300613
"rs2973602",0.0784302726387978
"rs67386870",0.24409607052803
"rs62391741",-0.0985545143485069
"rs74480742",-0.0379642955958843
"rs114771070",-0.0305389929562807
"rs57812062",0.24533998966217
"rs12514703",-0.0334036909043789
"rs1510955",0.0783925205469131
"rs2973600",-0.0914430841803551
"rs2941673",-0.0900336652994156
"rs7708419",0.245957314968109
"rs7709312",0.251002758741379
"rs2973599",0.0784792676568031
"rs142845097",-0.0119897658005357
"rs3828699",0.245124101638794
"rs6874037",0.245226591825485
"rs3763156",-0.0432634390890598
"rs36105360",-0.0226271525025368
"rs6896584",-0.0171939600259066
"rs12518092",-0.0026587275788188
"rs2973598",0.0910668894648552
"rs2973597",0.118031300604343
"rs1964723",0.24498650431633
"rs77004322",-0.0172456502914429
"rs72780211",-0.0335293225944042
"rs146181664",-0.0165093913674355
"rs7729845",-0.0572376996278763
"rs2973596",-0.0899108573794365
"rs62391742",-0.043257798999548
"rs2973886",-0.0900539681315422
"rs114101889",-0.0173350013792515
"rs77792150",-0.0172218792140484
"rs72780212",-0.0346785821020603
"rs62391744",-0.0580563731491566
"rs2973595",0.109105229377747
"rs72780213",-0.0391348116099834
"rs3805739",-0.0423184931278229
"rs12517303",-0.0344789586961269
"rs12522425",-0.0321094058454037
"rs3805738",0.249926835298538
"rs72780215",-0.0344969406723976
"rs10064033",0.11324929445982
"rs2973594",0.0930333510041237
"rs540236320",-0.0103970048949122
"rs3805737",-0.0344469659030437
"rs182570503",-0.0144089478999376
"rs72780216",-0.0345334187150002
"rs72780217",-0.034295417368412
"rs140828888",-0.0174350179731846
"rs72780218",-0.0344871282577515
"rs116772656",-0.0344866514205933
"rs12514978",-0.0345056504011154
"rs62392861",-0.0423643477261066
"rs191930284",-0.0344942323863506
"rs34364708",-0.0344724282622337
"rs12520218",-0.0345067121088505
"rs114725221",-0.0171439349651337
"rs966087",0.0929906070232391
"rs62392862",-0.0423422940075397
"rs72780220",-0.0344626568257809
"rs10057279",-0.0220719426870346
"rs71587923",-0.0212203469127417
"rs2230151",-0.0345315411686897
"rs1051643",0.091398298740387
"rs1051644",0.139077961444855
"rs181936031",-0.0171035304665565
"rs72780222",-0.03448586165905
"rs75223277",-0.0171639379113913
"rs58103919",-0.0345436222851276
"rs57778143",-0.039208821952343
"rs2973593",0.0928290113806725
"rs58418743",-0.0345559753477573
"rs61383192",-0.0345613546669483
"rs72780278",-0.0391171537339687
"rs116284655",-0.0168599020689726
"rs10069558",0.139143913984299
"rs141911962",-0.0346921570599079
"rs149417450",-0.0347074382007122
"rs142211508",-0.0346877388656139
"rs149931726",-0.0309744626283646
"rs139420467",-0.0286227185279131
"rs183040236",-0.0286445245146751
"rs35320047",-0.0772693604230881
"rs959573",0.0812963470816612
"rs17165305",-0.0461507476866245
"rs10478755",-0.0285840574651957
"rs141999565",-0.0122951567173004
"rs17839711",-0.0316912978887558
"rs17533885",-0.0399452447891235
"rs1110322",0.06401177495718
"rs17533927",-0.0401373840868473
"rs17165293",-0.028078556060791
"rs77842415",-0.0119926147162914
"rs150248001",-0.0103773334994912
"rs79949441",-0.0628823265433311
"rs115446435",-0.0120844822376966
"rs71587924",-0.00206695077940822
"rs884241",-0.0945438668131828
"rs1973592",-0.0673005282878876
"rs10053191",-0.0285998675972223
"rs17599877",-0.011802788823843
"rs17839709",-0.0313055254518986
"rs62392872",-0.102877743542194
"rs10079533",-0.0286531299352646
"rs10079683",-0.0285128299146891
"rs150724811",-0.0314313061535358
"rs7380283",0.0768143236637115
"rs62392877",-0.0421352423727512
"rs4835919",0.224311411380768
"rs72780283",-0.0460982732474804
"rs72780284",-0.0340911187231541
"rs139757812",-0.0256556626409292
"rs72663350",-0.0657287314534187
"rs9327422",-0.0220232121646404
"rs55784400",-0.0341873727738857
"rs10478756",-0.0458510667085648
"rs187405389",-0.0102162631228566
"rs55637078",-0.0339842401444912
"rs79408596",-0.0129966288805008
"rs73335410",-0.0178644992411137
"rs60597752",-0.0179173219949007
"rs115263271",0.0147931929677725
"rs62392878",0.135504230856895
"rs10478757",-0.0185698810964823
"rs77470188",-0.0129552818834782
"rs74565258",-0.0128082083538175
"rs59711036",-0.0262072719633579
"rs79496974",-0.0127185937017202
"rs58995547",-0.00975902751088142
"rs76226389",-0.0273027345538139
"rs56074301",-0.031108258292079
"rs75707494",-0.0126957157626748
"rs7723656",-0.0282169263809919
"rs58718798",-0.0280620586127043
"rs60475280",-0.0310298874974251
"rs60046051",-0.0311570353806019
"rs57147740",-0.0310276094824076
"rs58838495",-0.0128227006644011
"rs149257461",-0.0147824957966805
"rs78985208",-0.0237964168190956
"rs74290635",-0.0127885797992349
"rs78629891",-0.0271771550178528
"rs76590901",-0.0127880303189158
"rs7734830",-0.00961497705429792
"rs7734847",-0.00971421040594578
"rs60491136",-0.0238324459642172
"rs58690406",-0.0272491984069347
"rs60135355",-0.0271308813244104
"rs74780513",-0.0119311213493347
"rs58045453",-0.0163488369435072
"rs111861641",-0.00976348575204611
"rs2055873",-0.0701399445533752
"rs73783470",-0.0238908231258392
"rs75313346",-0.0177977830171585
"rs11749282",-0.0714460462331772
"rs60045571",-0.0128101976588368
"rs7738021",-0.0852182880043983
"rs57029577",-0.0277191326022148
"rs3533",-0.0438106022775173
"rs77938749",-0.0129593564197421
"rs112519102",-0.0201346687972546
"rs55702696",-0.021790599450469
"rs60248425",-0.0808464363217354
"rs61424530",-0.0142843369394541
"rs56163512",-0.00551588553935289
"rs79665108",-0.0121052963659167
"rs79690422",-0.0203968528658152
"rs147283736",-0.0117742819711566
"rs61647801",-0.0117203844711185
"rs34150806",0.041861105710268
"rs73335426",-0.0122045129537582
"rs113885461",-0.0228099804371595
"rs111813396",-0.0126419626176357
"rs112602625",-0.0127774570137262
"rs183914226",-0.0124566201120615
"rs61496590",-0.012220973148942
"rs12658174",-0.0123906647786498
"rs12655991",-0.0123906461521983
"rs114027969",-0.0162542220205069
"rs7715377",-0.0120854154229164
"rs9637916",0.0390289612114429
"rs74540320",-0.0123874014243484
"rs75685887",-0.0226485375314951
"rs72780289",-0.0171403270214796
"rs12658822",-0.0120941391214728
"rs3812061",-0.0123791238293052
"rs73335444",-0.012253331951797
"rs73783476",-0.0122420266270638
"rs79894675",-0.0201017502695322
"rs55829479",-0.0333765409886837
"rs138828309",-0.0140958968549967
"rs112341573",-0.0210057720541954
"rs74922997",-0.0123834582045674
"rs73335447",-0.0120696416124701
"rs7701976",-0.0122560523450375
"rs72780292",-0.02517394348979
"rs57485054",-0.0120683824643493
"rs73783478",-0.0125073725357652
"rs10040840",-0.012141689658165
"rs55715977",-0.0260658469051123
"rs73335461",-0.0119510730728507
"rs146816403",-0.0124341268092394
"rs111791483",-0.0119537329301238
"rs138125859",-0.0125429332256317
"rs138921319",-0.0123861515894532
"rs142841408",-0.012386130169034
"rs76261269",-0.0123576913028955
"rs80247087",-0.0123865054920316
"rs57031083",-0.0123866489157081
"rs57113926",-0.0123914107680321
"rs61463824",-0.0123581383377314
"rs34167489",0.158337026834488
"rs75570555",-0.0123872710391879
"rs76689849",-0.0126000978052616
"rs75153046",-0.0123870801180601
"rs76210504",-0.0123874954879284
"rs72505648",-0.0119477286934853
"rs75321303",-0.0123875057324767
"rs6864607",-0.0119249625131488
"rs73335474",-0.0119492709636688
"rs77477222",-0.0123877599835396
"rs78347427",-0.0123875802382827
"rs79116503",-0.0123879015445709
"rs76774784",-0.0134228114038706
"rs12654808",-0.0123881604522467
"rs12655223",-0.0124193662777543
"rs80149319",-0.0123883280903101
"rs75147316",-0.0124022094532847
"rs149153019",-0.0122524304315448
"rs142278414",-0.0123396180570126
"rs113042745",-0.0123308170586824
"rs112485073",-0.0202344972640276
"rs116148238",-0.0123907383531332
"rs111501221",-0.0119513524696231
"rs142331741",-0.0116874054074287
"rs74659618",-0.0116850547492504
"rs57906418",-0.012875041924417
"rs6862462",-0.0119404876604676
"rs143139320",-0.0127905486151576
"rs183010213",-0.0124846380203962
"rs74919468",-0.0123915243893862
"rs10055344",-0.0046736067160964
"rs138333958",-0.011696795001626
"rs34821177",-0.0197688732296228
"rs73335490",-0.0119393840432167
"rs73335494",-0.0119885001331568
"rs60636815",-0.0123897213488817
"rs57700815",-0.0123898014426231
"rs62637567",-0.0141412513330579
"rs73335498",-0.0119255408644676
"rs73335501",-0.0119858328253031
"rs60615137",-0.0119951162487268
"rs61699231",-0.0125943003222346
"rs58894799",-0.0126115810126066
"rs59459356",-0.0123351933434606
"rs73783496",-0.012335148639977
"rs11744439",-0.0177033990621567
"rs56688052",-0.0123325474560261
"rs80093158",-0.012393357232213
"rs4608976",-0.0201437529176474
"rs72780297",-0.017093313857913
"rs74786161",-0.0123942578211427
"rs75288655",-0.0123944720253348
"rs193264028",-0.0139115415513515
"rs56786115",-0.0119421174749732
"rs143316196",-0.0144166518002748
"rs113551172",-0.0201828740537167
"rs59676931",-0.0121545540168881
"rs55792418",-0.012154814787209
"rs73783501",-0.0121522210538387
"rs79725930",-0.0186155997216702
"rs12658816",-0.0124427992850542
"rs62392903",-0.0172069128602743
"rs192646514",-0.0114057697355747
"rs12655258",-0.0119445100426674
"rs147584010",-0.00688958307728171
"rs77016412",-0.0160884335637093
"rs12658138",-0.0119938673451543
"rs148803888",-0.0123968990519643
"rs78870501",-0.0123967304825783
"rs73337225",-0.0120270615443587
"rs73786204",-0.0201451871544123
"rs78045561",-0.0124019831418991
"rs60781824",-0.0121547086164355
"rs115006900",-0.0138924783095717
"rs116652582",-0.0172800999134779
"rs59489123",-0.0123977279290557
"rs12656837",-0.0121496431529522
"rs73337229",-0.0119997933506966
"rs74446887",-0.0124430852010846
"rs112791227",-0.0121603012084961
"rs57052202",-0.0123779410496354
"rs112350019",-0.0201860554516315
"rs79427535",0.00565299391746521
"rs72780298",-0.016244538128376
"rs76504705",-0.0123772639781237
"rs11738569",-0.0626424103975296
"rs151029634",-0.0113872019574046
"rs73337233",-0.0120001435279846
"rs187611664",-0.0122967809438705
"rs73786207",-0.0121762668713927
"rs73786209",-0.0121476091444492
"rs55952745",-0.0119730457663536
"rs74883474",-0.0116523783653975
"rs77706779",-0.0273235384374857
"rs72780299",-0.0119170686230063
"rs60244211",-0.0116999307647347
"rs141395631",-0.0116019519045949
"rs143559708",-0.010703831911087
"rs73786212",-0.0121485749259591
"rs111516678",-0.0638438314199448
"rs61429960",-0.0124068716540933
"rs58249730",-0.0121456487104297
"rs12658599",-0.0124011002480984
"rs78593640",-0.0116966543719172
"rs137896938",-0.0124063109979033
"rs192369418",-0.0111348321661353
"rs17592613",0.145488783717155
"rs12655319",-0.0124056646600366
"rs80169609",-0.0124008441343904
"rs75400263",-0.0116958860307932
"rs77000414",-0.0124991722404957
"rs73786239",-0.0119864232838154
"rs113953331",-0.0200972184538841
"rs57531014",-0.00740894814953208
"rs56122855",-0.0122307641431689
"rs1541442",-0.0256621632725
"rs13183439",-0.0355230197310448
"rs112180263",-0.0201190281659365
"rs140328716",-0.0200588330626488
"rs57032367",-0.0121435169130564
"rs73786240",-0.0121452901512384
"rs79070292",-0.0117009235545993
"rs73786241",-0.0121450135484338
"rs59814275",-0.0121433297172189
"rs78044860",-0.0196056999266148
"rs75856702",-0.0122052999213338
"rs59643871",-0.0121161295101047
"rs58262537",-0.0121429366990924
"rs73786242",-0.0121428398415446
"rs79270727",-0.0116809876635671
"rs58646561",-0.0121710710227489
"rs139495629",-0.0123860193416476
"rs73786244",-0.0121639901772141
"rs60889784",-0.0121295498684049
"rs375474257",-0.0121301151812077
"rs112092355",-0.0122227380052209
"rs113010215",-0.012130381539464
"rs115542926",-0.0123811857774854
"rs78631324",-0.0121318250894547
"rs73786246",-0.0121316369622946
"rs142574321",-0.0121336206793785
"rs567804548",-0.0171706769615412
"rs73786247",-0.0121316947042942
"rs73786249",-0.0121348239481449
"rs73786250",-0.0121315643191338
"rs73786251",-0.0121351219713688
"rs73786252",-0.0121338628232479
"rs74713793",-0.0224762950092554
"rs73786253",-0.0121576162055135
"rs73786255",-0.0121342064812779
"rs57627287",-0.0124132689088583
"rs57081850",-0.0123820239678025
"rs113992041",-0.017253216356039
"rs78173784",-0.0116646150127053
"rs80127843",-0.012408996000886
"rs60138815",-0.0121277961879969
"rs80112689",-0.0124291526153684
"rs57833976",-0.0122277578338981
"rs150762403",-0.00790712796151638
"rs72782306",-0.0171711426228285
"rs147161682",-0.00793089065700769
"rs73786259",-0.0121373878791928
"rs113077423",-0.012136172503233
"rs111883369",-0.0121345482766628
"rs73786260",-0.0121340462937951
"rs61685918",-0.0121357040479779
"rs12652390",-0.0124121755361557
"rs144334928",-0.00256035476922989
"rs56094173",-0.0121359657496214
"rs73786261",-0.0121373748406768
"rs73786262",-0.0121354125440121
"rs73786263",-0.0121357105672359
"rs73786264",-0.0121372388675809
"rs73786265",-0.0121357310563326
"rs73786266",-0.0121357310563326
"rs77704980",-0.0124104684218764
"rs73786267",-0.0121371811255813
"rs73786268",-0.0121350036934018
"rs34416835",-0.0121366204693913
"rs73786269",-0.0121338544413447
"rs36091921",-0.0119323488324881
"rs34738240",-0.0121335573494434
"rs35566904",-0.0121333608403802
"rs73786270",-0.0121425492689013
"rs78210476",-0.0121461451053619
"rs73786271",-0.0120841693133116
"rs73786272",-0.0121115548536181
"rs189995490",-0.0161006450653076
"rs9327427",-0.00758162885904312
"rs12517718",-0.0064880819991231
"rs12659476",-0.0122089795768261
"rs111348565",-0.0121656563133001
"rs146579775",-0.0121630728244781
"rs112828920",-0.0117488615214825
"rs113280994",-0.0121415741741657
"rs151254750",-0.0121453870087862
"rs140437941",-0.0124228233471513
"rs111937835",-0.0121539970859885
"rs112742356",-0.0121480962261558
"rs540592916",-0.0137336812913418
"rs113309544",-0.0121525805443525
"rs114110932",-0.0121416663751006
"rs114514693",-0.0121434200555086
"rs75285765",-0.0124192619696259
"rs73786275",-0.01215108204633
"rs73786276",-0.0121528301388025
"rs74290639",-0.0121539970859885
"rs142344016",-0.0120951533317566
"rs73786277",-0.0121285859495401
"rs116218290",-0.01215108204633
"rs78051241",-0.01215108204633
"rs111343957",-0.01215108204633
"rs113358859",-0.01215108204633
"rs73786278",-0.01215108204633
"rs142239366",-0.00292095541954041
"rs73786279",-0.0121528301388025
"rs78249490",-0.0124178845435381
"rs73786280",-0.0121528301388025
"rs73786281",-0.0121528301388025
"rs12654717",-0.01215108204633
"rs12654725",-0.0121539756655693
"rs189395985",-0.0104019856080413
"rs73786282",-0.0121528301388025
"rs73786283",-0.01215108204633
"rs73786284",-0.0121525675058365
"rs73786285",-0.01215108204633
"rs73786287",-0.0121528301388025
"rs73786288",-0.0121528301388025
"rs55802546",-0.0121529744938016
"rs61653213",-0.0124195655807853
"rs61279308",-0.0121514471247792
"rs61031864",-0.0124196857213974
"rs56689722",-0.0124334516003728
"rs145362388",-0.0214107744395733
"rs79861775",-0.0117119336500764
"rs58527455",-0.0121508808806539
"rs78489188",-0.0124196149408817
"rs17514484",-0.0201679039746523
"rs140228252",-0.0121730146929622
"rs111358529",-0.0121555840596557
"rs183619048",-0.000295577105134726
"rs144767184",-0.0124196149408817
"rs76862521",-0.0124231763184071
"rs73786290",-0.0121552338823676
"rs150799427",-0.0170626845210791
"rs77115782",-0.0121308863162994
"rs183664194",-0.0121534774079919
"rs146693917",-0.0121548594906926
"rs76105461",-0.0124216126278043
"rs72782307",-0.0207280572503805
"rs10491285",-0.0743737295269966
"rs182591349",-0.0137758441269398
"rs74495744",-0.0124231763184071
"rs565676765",-0.0137562667950988
"rs112840878",-0.0121534774079919
"rs113310227",-0.0121534774079919
"rs75888127",-0.0121534774079919
"rs56272610",-0.012202275916934
"rs12652417",-0.0121550252661109
"rs57915728",-0.0122275985777378
"rs73786294",-0.012126836925745
"rs116653568",-0.0151081271469593
"rs73786295",-0.0121556390076876
"rs17514505",-0.0185737647116184
"rs73337299",-0.0119604393839836
"rs73786298",-0.0121541330590844
"rs62392936",-0.0258760470896959
"rs80248080",-0.0117139406502247
"rs74858008",-0.0197031125426292
"rs75523590",-0.0123918056488037
"rs12653444",-0.012137770652771
"rs12655435",-0.012117781676352
"rs75156783",-0.0123902447521687
"rs73787403",-0.0121409632265568
"rs73787404",-0.0121138161048293
"rs144847977",-0.0123891057446599
"rs117280791",-0.0116859143599868
"rs73787406",-0.0121143329888582
"rs73787407",-0.019813833758235
"rs72782310",0.192248180508614
"rs77483909",-0.0121139129623771
"rs75964519",-0.0123903220519423
"rs73787408",-0.0198300778865814
"rs76019059",-0.0174101796001196
"rs73783503",-0.0121100144460797
"rs73783504",-0.0121134826913476
"rs79361453",-0.0116714248433709
"rs75151880",-0.012375402264297
"rs73783506",-0.0122813731431961
"rs12656537",-0.0123681547120214
"rs72782311",-0.017075264826417
"rs73783507",-0.012279037386179
"rs183777415",-0.0123681081458926
"rs111834274",-0.0122775426134467
"rs140502551",-0.0123514737933874
"rs72782312",-0.0188257545232773
"rs72782313",-0.0187890250235796
"rs17592844",-0.0209384970366955
"rs76359726",-0.0123559460043907
"rs76614340",-0.0123504661023617
"rs74919678",-0.0123519562184811
"rs78994474",0.531438052654266
"rs75804643",-0.0123476888984442
"rs148048212",-0.0107050379738212
"rs76957092",-0.0123485857620835
"rs140963402",-0.00978102255612612
"rs75745047",-0.0123000200837851
"rs73783512",-0.0201006829738617
"rs77797904",-0.0162329412996769
"rs7709865",-0.0234823152422905
"rs74919554",-0.0202576965093613
"rs3812060",-0.0126225342974067
"rs3828668",0.0429780036211014
"rs58159475",-0.0200631264597178
"rs77347357",-0.012191635556519
"rs113708755",-0.0200981423258781
"rs78254848",-0.012190317735076
"rs116923165",-0.0121904201805592
"rs3209142",-0.0134503757581115
"rs78843698",-0.0121892634779215
"rs77753572",-0.0122910179197788
"rs12655605",-0.0122263804078102
"rs76154873",-0.0122263040393591
"rs80096641",-0.0122265266254544
"rs12656236",-0.0122255962342024
"rs12656223",-0.0234679281711578
"rs6886131",-0.023452453315258
"rs6892120",-0.0199598129838705
"rs143753934",-0.0122236730530858
"rs6892168",-0.0234528891742229
"rs12659614",-0.0122237112373114
"rs55822583",-0.0258073527365923
"rs150178655",-0.0122225154191256
"rs35627668",-0.0122525710612535
"rs76505436",-0.0121877482160926
"rs12658608",-0.012995389290154
"rs13361672",-0.0294765532016754
"rs79482105",-0.012201932258904
"rs78051110",-0.0121861966326833
"rs78824434",-0.0121867880225182
"rs116039894",-0.0178821608424187
"rs56124224",-0.0120866820216179
"rs79325636",-0.0121845183894038
"rs6877692",-0.0120853865519166
"rs6882025",-0.0120856203138828
"rs6860581",-0.0234477613121271
"rs112609127",-0.0233616903424263
"rs74290640",-0.0121812159195542
"rs13176861",0.159526869654655
"rs6872893",-0.0120814628899097
"rs12659607",-0.012197982519865
"rs112763129",-0.0224882401525974
"rs12659633",-0.0120723862200975
"rs12651864",-0.0121727883815765
"rs6595747",-0.023439884185791
"rs79749937",-0.0121329100802541
"rs58164143",-0.0120685566216707
"rs77309782",-0.020124826580286
"rs9918233",-0.0120624359697104
"rs116376779",-0.0154909174889326
"rs9327429",0.0176656562834978
"rs12658821",-0.0121619896963239
"rs73339248",-0.0234365500509739
"rs113426057",-0.0201300326734781
"rs78025853",-0.0121599342674017
"rs61730158",-0.0165505055338144
"rs78618698",-0.0121588362380862
"rs2240800",0.0422610677778721
"rs73339251",-0.0234415996819735
"rs57285842",-0.0234382841736078
"rs75538351",-0.0121141169220209
"rs150796057",-0.0121662048622966
"rs144073688",-0.0228983536362648
"rs12518420",-0.0121392784640193
"rs56279346",-0.0232832115143538
"rs6882795",0.0174985602498055
"rs182895836",-0.0119958175346255
"rs58754116",-0.0232375338673592
"rs61544197",-0.0232690647244453
"rs12655199",-0.0121954819187522
"rs112890293",-0.0196919925510883
"rs12653000",-0.0121602863073349
"rs17165251",-0.0232362691313028
"rs6860157",-0.0196894202381372
"rs112168180",-0.0199190936982632
"rs113463799",-0.0199812334030867
"rs17165249",-0.012156842276454
"rs61697996",-0.0232649724930525
"rs59770843",-0.0232557095587254
"rs17165248",-0.0232322067022324
"rs12655699",-0.0232388339936733
"rs74394071",-0.0151946656405926
"rs12653823",-0.0232520736753941
"rs17165244",-0.0232081450521946
"rs72782317",-0.0184224396944046
"rs73339263",-0.0197539292275906
"rs17165239",-0.0118295792490244
"rs10519919",-0.0121514406055212
"rs10075097",-0.0232553277164698
"rs9918170",-0.0198959819972515
"rs10519920",-0.0233230274170637
"rs76193819",-0.012151125818491
"rs55771558",-0.0190383847802877
"rs17165236",-0.0233514774590731
"rs17165234",-0.011824450455606
"rs12655726",-0.0118962666019797
"rs62374040",-0.020775992423296
"rs80075527",0.0651993006467819
"rs4141169",-0.0118345525115728
"rs4141170",-0.0233256705105305
"rs80306738",-0.0133719835430384
"rs12655928",-0.0121545093134046
"rs17165228",-0.012116638943553
"rs74485947",-0.013212907128036
"rs79190930",-0.0121540678665042
"rs12655006",-0.0118267918005586
"rs73339278",-0.0198466461151838
"rs113336590",-0.0199612453579903
"rs73339281",-0.0198439210653305
"rs115258921",-0.0219802651554346
"rs73783529",-0.0232687965035439
"rs145648292",-0.0102791907265782
"rs114373608",-0.0234703160822392
"rs116383332",-0.0232640132308006
"rs73339283",-0.0232948008924723
"rs73339286",-0.0197915341705084
"rs61679093",-0.0232844185084105
"rs58030771",-0.0232497826218605
"rs80113974",-0.0124671813100576
"rs113127949",-0.0199592448771
"rs74290641",-0.0118552297353745
"rs76615242",-0.0117791509255767
"rs74596893",-0.0121121415868402
"rs112802956",-0.0200235769152641
"rs60892581",-0.0233307741582394
"rs56073877",-0.0232039578258991
"rs73339293",-0.0233467873185873
"rs61258380",-0.0121087040752172
"rs111906515",-0.0198529567569494
"rs113534977",-0.0199654027819633
"rs61146816",-0.019802313297987
"rs12109713",-0.019852239638567
"rs138319705",-0.0110468668863177
"rs6870711",-0.0231871269643307
"rs12653290",-0.0119952354580164
"rs112292854",-0.019991273060441
"rs149042270",-0.0132533935829997
"rs17165213",-0.0116713540628552
"rs17165211",-0.0116579690948129
"rs78256043",-0.0116743305698037
"rs6883181",-0.0116744404658675
"rs77595235",-0.0119938338175416
"rs6888532",-0.0116727808490396
"rs6893763",-0.0116697531193495
"rs78227557",-0.0115789696574211
"rs13163601",0.049960020929575
"rs6899030",-0.011660666204989
"rs17165199",-0.0123534891754389
"rs75572746",-0.0119920708239079
"rs17839705",-0.0178726427257061
"rs17165194",-0.0114435013383627
"rs112324292",-0.0200069788843393
"rs75289090",-0.0113738914951682
"rs77041490",-0.020067585632205
"rs76894798",-0.0201066564768553
"rs77252236",-0.0117677310481668
"rs111441354",-0.0200334563851357
"rs74487265",-0.0186805929988623
"rs17165192",-0.0117308869957924
"rs10519922",-0.0117204636335373
"rs10519923",-0.0121217621490359
"rs3915633",0.0858991518616676
"rs11747992",-0.0139022832736373
"rs113239353",-0.0227519944310188
"rs138275348",-0.0132284015417099
"rs76021467",-0.0200890339910984
"rs116023341",-0.0122047644108534
"rs62374041",-0.0170480832457542
"rs76581668",-0.0200859420001507
"rs144025659",-0.0112562943249941
"rs73783538",-0.0200996175408363
"rs73783539",-0.020248256623745
"rs73783540",-0.0202995780855417
"rs112330527",-0.0201308187097311
"rs114345749",0.00557192927226424
"rs74464905",-0.0348969735205173
"rs73783541",-0.0201240573078394
"rs139266907",-0.0121436305344105
"rs73783556",-0.0201834589242935
"rs73783557",-0.0201824624091387
"rs75684473",-0.0174707174301147
"rs182784366",-0.0106304343789816
"rs11951813",-0.0202305130660534
"rs11958485",-0.0202110707759857
"rs11949784",-0.0201837364584208
"rs11959383",-0.0206505823880434
"rs11952890",-0.0201830454170704
"rs11952927",-0.0201829876750708
"rs737544",-0.0201874151825905
"rs737544",-0.035172913223505
"rs11955313",-0.0201829764991999
"rs11958763",-0.0201859064400196
"rs73783558",-0.0202165096998215
"rs59792566",-0.0201854165643454
"rs11958902",-0.0201854389160872
"rs11956193",-0.0201852191239595
"rs11956298",-0.0202068667858839
"rs72782325",0.194103389978409
"rs34275630",0.113838203251362
"rs192643697",-0.013306112959981
"rs79901523",-0.0201811082661152
"rs11949337",-0.0201053749769926
"rs112225167",-0.0200952533632517
"rs6870759",-0.0201326161623001
"rs34639628",-0.0356961004436016
"rs73783560",-0.0201536044478416
"rs111860064",-0.0202031414955854
"rs116703260",-0.0147081101313233
"rs58386583",-0.0201948676258326
"rs56128947",-0.0201805382966995
"rs57944303",-0.0201804153621197
"rs73783561",-0.020181966945529
"rs76632590",-0.0120520461350679
"rs73783564",-0.0202334728091955
"rs11957013",-0.020223306491971
"rs77132576",-0.0151826618239284
"rs28798410",-0.029257245361805
"rs116333356",-0.0119382794946432
"rs145851035",0.0670268833637238
"rs146102221",-0.0092924116179347
"rs13155490",-0.03043551184237
"rs78077719",-0.0203435160219669
"rs59844802",-0.0203444752842188
"rs74218475",-0.0110706500709057
"rs55928798",-0.0203438904136419
"rs76181993",-0.0203014779835939
"rs887375",0.0171851925551891
"rs73783568",-0.0203437227755785
"rs73783569",-0.0203434098511934
"rs57580083",-0.0203533917665482
"rs148342027",-0.0203004833310843
"rs11952259",-0.0203868560492992
"rs143824120",-0.0190881639719009
"rs74709440",-0.0212853699922562
"rs73783570",-0.0203717276453972
"rs73783573",-0.0203389059752226
"rs57840384",-0.0203809998929501
"rs75055605",-0.0203366242349148
"rs73783575",-0.0203357450664043
"rs79245403",-0.0119952941313386
"rs77829065",-0.0120593057945371
"rs115801112",-0.028990751132369
"rs73783579",-0.0202903803437948
"rs73783580",-0.0203954242169857
"rs75104875",-0.0120326597243547
"rs77484845",-0.0119196912273765
"rs147721013",-0.0115239657461643
"rs78381879",-0.0120293693616986
"rs147743664",-0.0167560782283545
"rs77100112",-0.0119913006201386
"rs35210132",-0.0201859641820192
"rs80171458",-0.0119969602674246
"rs113420173",-0.0201613567769527
"rs34390742",-0.0389311052858829
"rs115689771",-0.015416125766933
"rs74597718",-0.0120124584063888
"rs78369290",-0.0139355650171638
"rs35560105",-0.0381730049848557
"rs112646530",-0.020237548276782
"rs248046",0.00737239606678486
"rs73783593",-0.0201941952109337
"rs140087595",-0.0135667845606804
"rs77294832",-0.0112840412184596
"rs34810711",-0.0389440879225731
"rs11956167",-0.0204515531659126
"rs78529758",-0.0112879602238536
"rs149093138",-0.0121106365695596
"rs112328260",-0.020114928483963
"rs116799307",-0.0170847959816456
"rs248049",-0.0171514861285686
"rs11959695",-0.0202581062912941
"rs11959753",-0.020207779482007
"rs76157515",-0.0121142361313105
"rs72786414",-0.017092652618885
"rs80095259",-0.0202515888959169
"rs112639974",-0.0201606564223766
"rs113376641",-0.0205191764980555
"rs61270876",-0.0202144961804152
"rs112254290",-0.0202621836215258
"rs184029433",-0.0128032062202692
"rs116191874",0.0665051937103271
"rs76405510",-0.0120916552841663
"rs73783601",-0.0202423613518476
"rs59398280",-0.0201973952353001
"rs74693813",-0.0120901660993695
"rs11951816",-0.0202457644045353
"rs115864875",-0.0205193590372801
"rs75572835",-0.0120880985632539
"rs76696629",-0.012082178145647
"rs73783602",-0.020248269662261
"rs115579804",0.163511708378792
"rs76508714",-0.0120832761749625
"rs11950032",-0.0202000737190247
"rs80267373",-0.0120842019096017
"rs55923620",-0.0253864116966724
"rs75633589",-0.0120824305340648
"rs73785504",-0.0202499367296696
"rs112222441",-0.0163841769099236
"rs73785505",-0.0202500373125076
"rs79921135",-0.0120848184451461
"rs72786416",-0.0181160438805819
"rs78058462",-0.0120781566947699
"rs117534033",-0.0120767019689083
"rs10076402",-0.0439269505441189
"rs182791467",-0.0155236776918173
"rs56104400",-0.0237726885825396
"rs72786418",-0.00435235630720854
"rs248073",-0.110739082098007
"rs77610064",-0.012073639780283
"rs76512875",-0.0120701184496284
"rs114244374",-0.0121351666748524
"rs112867966",-0.0202475413680077
"rs144533427",-0.0121367061510682
"rs148433318",-0.00471129966899753
"rs147590875",-0.0160411391407251
"rs12188873",-0.0439002588391304
"rs248075",-0.110727854073048
"rs248079",-0.110720552504063
"rs148278945",-0.0115946009755135
"rs55813517",-0.0172232240438461
"rs79421590",-0.0338047035038471
"rs142435414",-0.0108495494350791
"rs116753697",-0.0120847066864371
"rs171579",-0.110727488994598
"rs248084",-0.110728226602077
"rs248087",-0.110727220773697
"rs248092",-0.110731266438961
"rs248095",-0.110730841755867
"rs248096",-0.110760293900967
"rs116705137",0.0658280774950981
"rs248097",-0.108365163207054
"rs61077444",-0.020192252472043
"rs34250885",-0.0323185175657272
"rs17603973",-0.013016072101891
"rs6893392",-0.0120199453085661
"rs248100",-0.108362816274166
"rs248101",-0.108356438577175
"rs248102",-0.108362026512623
"rs248103",-0.108361721038818
"rs111749398",-0.0201655328273773
"rs77360462",-0.0113204149529338
"rs57529546",-0.0201926734298468
"rs248107",-0.108363442122936
"rs248108",-0.108365178108215
"rs116224517",-0.011191182769835
"rs115365076",-0.0131401782855392
"rs248110",-0.108364090323448
"rs17839703",-0.0118993381038308
"rs75287600",-0.0119149908423424
"rs56171951",-0.0118960039690137
"rs59671995",-0.0201956573873758
"rs76701381",-0.0116177704185247
"rs77213124",-0.011927641928196
"rs80214197",-0.0119654964655638
"rs114925337",-0.0251376368105412
"rs2532880",-0.0393194891512394
"rs77932761",-0.0120446532964706
"rs75105925",-0.0119204483926296
"rs2532881",-0.0388994291424751
"rs73785524",-0.0202397052198648
"rs73785526",-0.0202349089086056
"rs73785527",-0.0202398281544447
"rs11739124",0.0355367138981819
"rs114501498",-0.0119127305224538
"rs80116135",-0.011912889778614
"rs79641363",-0.0119180865585804
"rs75810030",-0.0119214057922363
"rs113690984",-0.0202039089053869
"rs114820590",-0.0237247347831726
"rs76917998",-0.0119205713272095
"rs78589552",-0.0203097444027662
"rs182363853",-0.0134309818968177
"rs12332750",0.0390336737036705
"rs13187775",0.0389826595783234
"rs139084577",-0.017344543710351
"rs11954572",0.0238829273730516
"rs6859327",0.0389757081866264
"rs114009625",-0.0248598754405975
"rs532781732",-0.0120491394773126
"rs142952399",-0.0202735587954521
"rs75124318",-0.0203083883970976
"rs6887471",0.0390256009995937
"rs149112563",-0.0119964573532343
"rs183748341",-0.0106834787875414
"rs6894083",0.0236627906560898
"rs11949738",-0.0203227680176497
"rs6894575",0.0238855257630348
"rs147920603",-0.0172615088522434
"rs75905703",-0.0119781335815787
"rs138659964",-0.0139806950464845
"rs17672800",-0.0298946723341942
"rs6595751",-0.256262183189392
"rs80061745",-0.0113499388098717
"rs10455046",-0.0326853953301907
"rs6892256",-0.114003792405128
"rs113596009",0.0959137305617332
"rs6892923",-0.0176316909492016
"rs6897890",-0.0151540460065007
"rs72663353",-0.015460685826838
"rs74788888",-0.012265196070075
"rs78042128",-0.0123593769967556
"rs77254811",-0.0123500851914287
"rs78766067",-0.0123498709872365
"rs142289510",-0.0346810184419155
"rs145561664",-0.01230682246387
"rs114693310",-0.0175029095262289
"rs111838767",-0.00618909997865558
"rs10053547",-0.0838837698101997
"rs182818593",-0.0112681891769171
"rs35297676",-0.0800459906458855
"rs149261932",-0.0123302852734923
"rs10045046",-0.0836199522018433
"rs117535830",-0.0122968330979347
"rs10039543",-0.0838649198412895
"rs72505650",-0.0122887715697289
"rs141958310",-0.0122839137911797
"rs80016328",-0.0122778061777353
"rs77386378",-0.0122839035466313
"rs17762544",-0.0122812837362289
"rs113930621",-0.0191032122820616
"rs12652019",-0.0122629748657346
"rs12654313",-0.0122592449188232
"rs79232536",-0.0122623695060611
"rs78926014",-0.0137425409629941
"rs144166378",-0.0106509178876877
"rs74428153",-0.0141847534105182
"rs77099592",-0.0122648449614644
"rs77881193",-0.0171828586608171
"rs55787488",-0.00964868161827326
"rs2408862",-0.198645934462547
"rs77653728",-0.0212670918554068
"rs55638476",-0.0122714452445507
"rs77911687",-0.00981188099831343
"rs73785532",-0.0122690154239535
"rs74929871",-0.0065706567838788
"rs114043035",-0.012260789051652
"rs75326460",-0.0122566316276789
"rs146536269",-0.0122535629197955
"rs116202221",-0.0189224239438772
"rs2898038",0.0207903925329447
"rs74290646",-0.0122224455699325
"rs142578446",-0.0192580129951239
"rs73785535",-0.0130285648629069
"rs73785536",-0.0130296088755131
"rs73785537",-0.0132259177044034
"rs28404251",-0.0282827969640493
"rs12655952",-0.0130578400567174
"rs142824688",-0.0107525819912553
"rs7712445",-0.0130689572542906
"rs17444763",-0.014164675027132
"rs78901230",-0.0130352173000574
"rs62376480",-0.0165785029530525
"rs6871356",-0.0694336444139481
"rs6871230",-0.0669044703245163
"rs78621931",-0.0118340896442533
"rs10078274",-0.0665915086865425
"rs10065046",-0.0668365284800529
"rs2898039",-0.204367011785507
"rs4835926",-0.0669880509376526
"rs2408867",-0.0694549530744553
"rs56229915",-0.0298747736960649
"rs55832538",-0.0324591882526875
"rs142855648",-0.0147184859961271
"rs73785541",0.0879578590393066
"rs80123064",-0.0107428170740604
"rs10054262",-0.029900835826993
"rs10077246",-0.029770789667964
"rs76637519",-0.0114478562027216
"rs115354925",-0.0141606507822871
"rs62376484",-0.0325548350811005
"rs76925289",0.0875389724969864
"rs12513837",-0.0299738440662622
"rs576574282",-0.000970321241766214
"rs3734147",-0.0299539566040039
"rs58104664",-0.0661724880337715
"rs59942923",-0.0299645513296127
"rs77514760",-0.010750618763268
"rs11949382",0.0879579856991768
"rs78110904",-0.0197747144848108
"rs4293963",0.0879585295915604
"rs75760523",-0.0118249040096998
"rs34336089",-0.0299707278609276
"rs112459738",0.0885087102651596
"rs78629486",-0.0203693360090256
"rs73785546",-0.0119121428579092
"rs73785547",-0.0117973173037171
"rs76091523",0.0884296745061874
"rs6595753",-0.0325079597532749
"rs6595754",-0.0299788527190685
"rs6595755",-0.0323691256344318
"rs10075058",-0.0299812760204077
"rs57436857",0.0879612192511559
"rs56413032",-0.0324883908033371
"rs79234362",0.0884880423545837
"rs6874893",-0.0118358274921775
"rs147698617",-0.0117100002244115
"rs6875384",-0.0117978611961007
"rs9765581",-0.0300059262663126
"rs148043473",-0.0118087930604815
"rs12655583",-0.0122764939442277
"rs9800134",-0.0669170394539833
"rs10477672",-0.0669177621603012
"rs141585600",-0.011804417707026
"rs9763028",-0.0116900317370892
"rs10035518",-0.0669177696108818
"rs144827178",-0.0117347510531545
"rs78329515",-0.0116961896419525
"rs114374716",0.0201360285282135
"rs60623752",0.0879478678107262
"rs73785548",-0.0116826165467501
"rs10053830",-0.0669121965765953
"rs73785549",0.087953969836235
"rs115224479",-0.0149168744683266
"rs79249381",-0.0118042845278978
"rs144141556",-0.0132119050249457
"rs12654076",-0.0117143578827381
"rs12651815",-0.0118038542568684
"rs56041783",-0.0325476564466953
"rs150008772",-0.0115565601736307
"rs75100247",-0.0116850938647985
"rs73785551",-0.0116819879040122
"rs73785552",-0.0116819879040122
"rs73785553",-0.0116850342601538
"rs12186854",-0.0325538441538811
"rs13360133",-0.0614392720162868
"rs10065010",-0.0326510369777679
"rs76570287",0.0884284526109695
"rs7706436",-0.0116570750251412
"rs4425558",0.088499091565609
"rs112984982",0.0889777317643166
"rs75874042",-0.011661758646369
"rs192734627",-0.0159401670098305
"rs59871357",-0.01168826315552
"rs58727001",-0.0116809410974383
"rs58011598",-0.0116824675351381
"rs113822965",0.0879476293921471
"rs60138783",-0.0116824740543962
"rs7732964",-0.0670376047492027
"rs6595756",-0.0401206612586975
"rs10063572",-0.0326890088617802
"rs6899068",-0.0411786176264286
"rs73785555",-0.0116495061665773
"rs73785556",-0.0116542596369982
"rs10478764",-0.0670595020055771
"rs73785558",-0.0118023520335555
"rs7705964",-0.0326595790684223
"rs7723558",-0.0116505473852158
"rs7728190",-0.0119977230206132
"rs13178512",-0.00140336900949478
"rs12652963",-0.0116520673036575
"rs12652982",-0.0116530414670706
"rs12659381",-0.0116788046434522
"rs77595721",-0.0266884304583073
"rs12659424",-0.0116786975413561
"rs10900790",-0.0326530300080776
"rs57143343",-0.0116706788539886
"rs11749892",-0.0326424911618233
"rs12109330",0.0879606455564499
"rs73785559",-0.011674115434289
"rs73785560",-0.0116429710760713
"rs73785561",-0.0116428826004267
"rs9687757",-0.0670423731207848
"rs6882430",0.0890037417411804
"rs73785562",-0.0116748223081231
"rs78446879",0.08900436013937
"rs75140727",-0.0116523336619139
"rs73785563",-0.011682596988976
"rs79316453",0.0585267283022404
"rs34952187",-0.0113075813278556
"rs12656879",-0.0116851003840566
"rs78225191",-0.0113072199746966
"rs78850175",-0.0116523737087846
"rs72786446",-0.0174227971583605
"rs77599625",-0.0116524836048484
"rs112713181",-0.0221196990460157
"rs139647198",-0.011652416549623
"rs145160569",-0.0116856647655368
"rs112919286",0.0890120565891266
"rs149668535",-0.0161753315478563
"rs10038812",-0.0670380219817162
"rs146858797",-0.0116567211225629
"rs145768618",-0.0143730407580733
"rs112742304",-0.0116858314722776
"rs149335025",-0.011652072891593
"rs78506561",-0.0116836847737432
"rs188926400",-0.011685692705214
"rs139736012",-0.0117069119587541
"rs181660199",-0.00973553955554962
"rs12660026",-0.0116849672049284
"rs4310014",-0.0411325916647911
"rs12657304",-0.011684943921864
"rs6897348",-0.0116822486743331
"rs12653762",-0.0113068986684084
"rs10455047",-0.0669958963990211
"rs6863674",-0.0326430313289165
"rs6867401",-0.0326381102204323
"rs12521841",-0.0670967921614647
"rs180954752",-0.00489407731220126
"rs12652425",-0.0112077007070184
"rs12652946",-0.0116631416603923
"rs55855896",-0.0116632599383593
"rs151100983",-0.0116556771099567
"rs56394432",-0.0116637758910656
"rs57164852",-0.0116634713485837
"rs74790298",-0.0116561055183411
"rs6880089",-0.067041389644146
"rs74290648",-0.0116519751027226
"rs73785564",-0.0116552198305726
"rs12656109",-0.0116516165435314
"rs60477974",-0.0670482590794563
"rs59762062",-0.0670315846800804
"rs141271544",-0.0191881265491247
"rs960927",-0.0116481781005859
"rs115706680",-0.00244201393797994
"rs12653273",-0.0116481781005859
"rs55638823",-0.0116483420133591
"rs62373863",-0.0171119701117277
"rs58047377",-0.0116485534235835
"rs6595758",-0.0326342023909092
"rs2898041",-0.0326367728412151
"rs76914181",-0.0116426954045892
"rs77816150",-0.0116378674283624
"rs76000630",-0.0116335805505514
"rs10053182",-0.0326264500617981
"rs6894813",-0.0326045230031013
"rs17839701",-0.0121045857667923
"rs17165119",0.0883516743779182
"rs17604239",-0.0669400840997696
"rs11957269",-0.012099958024919
"rs1862282",-0.0293374545872211
"rs79771392",-0.0232581906020641
"rs34544868",-0.0119925681501627
"rs56096651",-0.0171026568859816
"rs116393549",-0.0169910471886396
"rs79754856",-0.0115788290277123
"rs61368741",-0.0329947508871555
"rs114001263",-0.0150149809196591
"rs80136931",0.0975647121667862
"rs77119655",-0.0116523429751396
"rs78386201",-0.0116448551416397
"rs80085521",-0.0107845421880484
"rs12658126",-0.0112872151657939
"rs147978373",-0.0138810938224196
"rs6869632",-0.0713750720024109
"rs1592890",-0.0354101695120335
"rs80269460",-0.000279526691883802
"rs10478767",-0.0713977366685867
"rs7733373",-0.0355511158704758
"rs78627309",-0.0115963239222765
"rs3812059",-0.0115763926878572
"rs2408868",-0.0354460440576077
"rs183280201",0.0975829288363457
"rs187467669",0.0975118800997734
"rs10519929",0.0975062027573586
"rs3812058",-0.0115803182125092
"rs10519930",0.0975401997566223
"rs1363387",-0.0713786706328392
"rs2032834",-0.0711998119950294
"rs113558663",0.097532756626606
"rs74830027",-0.0115683618932962
"rs78942244",-0.0115592824295163
"rs4836316",-0.0713751614093781
"rs62373865",-0.0167939942330122
"rs2194079",-0.035334836691618
"rs4836317",-0.0711943358182907
"rs74472247",-0.0111904367804527
"rs4836318",-0.0711958780884743
"rs12519784",-0.0327515639364719
"rs17165105",0.0996905565261841
"rs1422313",-0.0712050423026085
"rs111412119",0.0996430367231369
"rs2059083",-0.0718163028359413
"rs17165103",0.0947548076510429
"rs17165102",0.0946995913982391
"rs2585200",-0.102738238871098
"rs10053421",-0.0116129694506526
"rs75295322",-0.0108374832198024
"rs2585199",-0.0620772466063499
"rs2585198",-0.0620798356831074
"rs76405433",-0.0108440229669213
"rs73785574",-0.00791235826909542
"rs970546",-0.0687750279903412
"rs75811918",-0.0110104326158762
"rs62373867",-0.0163970962166786
"rs2585197",-0.0619838684797287
"rs2585196",-0.068744920194149
"rs2194080",-0.0125445351004601
"rs1808378",-0.0620315559208393
"rs2018571",-0.0620315559208393
"rs79449805",-0.0105019444599748
"rs1345662",-0.0620246976613998
"rs7702573",-0.0078969681635499
"rs146073831",-0.0152722215279937
"rs2546809",-0.0620370581746101
"rs73785576",-0.00789461005479097
"rs79264671",-0.0105034336447716
"rs17165082",-0.00797754246741533
"rs57623356",-0.00791080296039581
"rs2546806",-0.0687888637185097
"rs79477100",-0.0108222058042884
"rs2898042",-0.0079507902264595
"rs77761124",-0.0104371169582009
"rs2546807",-0.0620910152792931
"rs2546808",-0.0687913000583649
"rs56169866",-0.00790265947580338
"rs56084567",-0.00790240336209536
"rs2585195",-0.062090203166008
"rs2431496",-0.0621287301182747
"rs80213922",-0.0108311418443918
"rs2431724",-0.0687919855117798
"rs79972283",-0.0108125656843185
"rs1816058",-0.0689045041799545
"rs1816059",-0.0660142600536346
"rs115355004",-0.0151856113225222
"rs2546080",-0.06595478951931
"rs2546081",-0.0790454372763634
"rs2585194",-0.0788028314709663
"rs74384711",-0.0104011688381433
"rs2546082",-0.0755157917737961
"rs79135446",-0.0106970444321632
"rs2585193",-0.0787960961461067
"rs114403661",-0.0147518394514918
"rs2585192",-0.0787976458668709
"rs116194529",-0.00993620324879885
"rs151097298",-0.0188472680747509
"rs2546083",-0.0787993595004082
"rs2546084",-0.0787960290908813
"rs2546085",-0.0787774324417114
"rs115021097",-0.0106829581782222
"rs115877481",-0.0103867473080754
"rs2585191",-0.0788015276193619
"rs74290649",-0.0106822056695819
"rs2546804",-0.078716404736042
"rs72786459",0.0143495025113225
"rs2254762",-0.0755599364638329
"rs1422315",-0.0787172988057137
"rs112363291",-0.0218003205955029
"rs12655913",-0.010668870061636
"rs2585190",-0.0788116827607155
"rs2546086",-0.0790200009942055
"rs116503775",-0.0199892986565828
"rs2585189",-0.0790268555283546
"rs2161283",-0.0398592911660671
"rs1422316",-0.0713687986135483
"rs1422317",-0.0760767608880997
"rs1345663",-0.0758700221776962
"rs1345664",-0.0758054330945015
"rs1422817",-0.165264397859573
"rs76066633",-0.0106146112084389
"rs2546087",-0.0758042931556702
"rs76886238",-0.010614400729537
"rs246943",-0.0758039206266403
"rs114372912",-0.00781355239450932
"rs75475731",-0.0106105320155621
"rs79876447",-0.0103612616658211
"rs189512476",-0.00781100708991289
"rs246944",-0.0758038237690926
"rs246945",-0.0758713036775589
"rs246946",-0.0788631364703178
"rs114085353",-0.00780828902497888
"rs115111741",-0.00781640224158764
"rs146195344",-0.0142226088792086
"rs146399887",-0.0125578492879868
"rs151077897",-0.0106389280408621
"rs246947",-0.0758242756128311
"rs246948",-0.0791553929448128
"rs185032",-0.0758245959877968
"rs17165060",-0.00781387370079756
"rs116330280",-0.0218125954270363
"rs2439927",-0.0758101940155029
"rs246885",-0.0714268535375595
"rs143156276",-0.0151354996487498
"rs73785580",-0.00790225248783827
"rs78834003",-0.010856281965971
"rs246886",-0.0564642697572708
"rs246887",-0.0561304874718189
"rs77570362",-0.010625864379108
"rs152120",-0.0539757311344147
"rs246888",-0.0567035786807537
"rs152121",-0.0542950555682182
"rs246889",-0.0601555705070496
"rs152122",-0.0566495768725872
"rs75801243",-0.00758993439376354
"rs80036597",-0.0104369092732668
"rs75074415",-0.0106655079871416
"rs31472",-0.0606372691690922
"rs2546801",-0.0265040565282106
"rs31471",-0.0580728277564049
"rs114484030",-0.0105703715234995
"rs31470",-0.0631983652710915
"rs75552633",-0.0104087200015783
"rs26945",-0.0580222457647324
"rs79489501",-0.0140747390687466
"rs76302267",-0.0105782002210617
"rs17762857",-0.0105890687555075
"rs2032833",-0.0153568647801876
"rs111886764",-0.0154138021171093
"rs17762863",-0.0105927567929029
"rs77262632",-0.0107109546661377
"rs36307",-0.0631902813911438
"rs2585205",-0.0243167988955975
"rs74933404",-0.0178549084812403
"rs74976943",-0.0159075409173965
"rs27749",-0.0580042712390423
"rs78707134",-0.0106390072032809
"rs6862045",-0.0105499774217606
"rs80220399",-0.0106262788176537
"rs113249233",-0.00902711786329746
"rs10519949",-0.0106814419850707
"rs17684438",-0.010684035718441
"rs116608781",-0.015587423928082
"rs27562",-0.0670812278985977
"rs111923517",-0.0238846112042665
"rs115738622",-0.0167810302227736
"rs2546078",-0.0637091621756554
"rs142732871",-0.0115754725411534
"rs26944",-0.0670559033751488
"rs79078832",-0.0107218008488417
"rs150257972",-0.0141853960230947
"rs74867990",-0.0106633892282844
"rs76456634",-0.0158679336309433
"rs79533077",-0.0192090477794409
"rs77589749",0.0130942752584815
"rs17165043",-0.0154484054073691
"rs79218398",-0.0107331098988652
"rs17673147",0.0130824483931065
"rs27782",-0.0637796595692635
"rs12654455",-0.0107310190796852
"rs17673170",0.013070484623313
"rs114767881",-0.0122318025678396
"rs138707806",-0.0113523500040174
"rs78120546",0.0133717535063624
"rs17839697",-0.0155472233891487
"rs17165041",0.0124745136126876
"rs17684525",-0.010605301707983
"rs17839696",0.012949550524354
"rs72786484",-0.0148775381967425
"rs75371065",-0.0108552677556872
"rs246897",-0.0636415258049965
"rs246896",-0.0603370070457458
"rs76290412",-0.0106862653046846
"rs74610988",-0.0108258612453938
"rs112942140",-0.019604753702879
"rs114244425",-0.0173958819359541
