"SNP","rs11150601"
"rs4788202",-0.0689390227198601
"rs141605662",0.0669984072446823
"rs12918340",0.102071218192577
"rs4788203",-0.0444771088659763
"rs144151719",-0.0405389033257961
"rs111632120",-0.143947094678879
"rs9932702",-0.0692523121833801
"rs34049928",-0.0490904971957207
"rs9932196",-0.0692886486649513
"rs9925102",-0.0691996812820435
"rs78073955",0.0554288551211357
"rs11901",-0.0692431181669235
"rs55743682",0.0997169315814972
"rs62057679",0.0448609441518784
"rs4318227",-0.0690373331308365
"rs145501593",0.0251085516065359
"rs10871451",-0.0692635998129845
"rs11150577",-0.0688974037766457
"rs62057680",-0.124351255595684
"rs4283241",-0.0691992565989494
"rs4583255",-0.0686867237091064
"rs56357942",0.0442790500819683
"rs11860782",0.0283917561173439
"rs11642046",-0.0691526159644127
"rs9925915",-0.0689902976155281
"rs55903157",0.022591520100832
"rs3814884",-0.0689629167318344
"rs3814883",-0.0612733885645866
"rs4788204",-0.0692795068025589
"rs143705877",0.0541464760899544
"rs4787488",-0.0547294318675995
"rs4787489",-0.0688188150525093
"rs62057682",0.0450083501636982
"rs4077410",-0.0548345223069191
"rs11864149",0.0277558844536543
"rs10445105",-0.175042524933815
"rs60683614",0.0280678980052471
"rs11150579",-0.0686499774456024
"rs3814881",-0.068657748401165
"rs9924686",-0.0688420236110687
"rs112533759",0.0458668768405914
"rs148268876",-0.0489734895527363
"rs56183743",0.0279478225857019
"rs11649149",-0.0546418242156506
"rs191164157",0.0158617924898863
"rs8056216",0.0279445666819811
"rs60978850",0.0278650913387537
"rs12444124",-0.0564886443316936
"rs12921996",-0.0689748823642731
"rs57312298",0.0283473078161478
"rs11866084",0.0280149206519127
"rs12931955",-0.0547701343894005
"rs4788209",-0.06907619535923
"rs8058765",0.0280350409448147
"rs143685775",0.0450035035610199
"rs4788210",-0.0689932778477669
"rs57615206",0.0280462540686131
"rs11150580",-0.0688070431351662
"rs78807581",-0.0447566173970699
"rs78008308",-0.044333890080452
"rs55762054",0.0221805516630411
"rs4787491",-0.0432296842336655
"rs80154727",-0.082556463778019
"rs4788211",-0.054527010768652
"rs12928610",-0.0505364313721657
"rs76349821",-0.0571232475340366
"rs143249661",-0.0437704212963581
"rs12851",0.0282849445939064
"rs1129003",0.0279010348021984
"rs3814880",-0.0689480230212212
"rs3935873",-0.0690783113241196
"rs12921753",-0.0570491813123226
"rs9972866",-0.0521482899785042
"rs11863174",-0.0549199134111404
"rs77070948",0.0285552758723497
"rs562756715",-0.0394825078547001
"rs12933575",-0.0416845642030239
"rs7202271",0.0284074805676937
"rs7191849",-0.041625838726759
"rs12325400",-0.0565684363245964
"rs11649274",-0.0558645576238632
"rs12935701",-0.0555724315345287
"rs141515365",0.0576591268181801
"rs12444108",-0.0558728091418743
"rs192630870",0.0567496903240681
"rs12596543",-0.0415521524846554
"rs12598856",-0.0558085739612579
"rs56329348",0.0475095398724079
"rs11642612",-0.0556248761713505
"rs78363733",0.0265515521168709
"rs11150581",-0.055610254406929
"rs62057685",0.0450671426951885
"rs35605010",-0.0421783030033112
"rs7193065",-0.109977006912231
"rs12325539",-0.0556493550539017
"rs11150582",-0.0404092110693455
"rs11150583",-0.0422919020056725
"rs4788212",-0.0423080436885357
"rs4788213",-0.0423086173832417
"rs79063905",0.0556436479091644
"rs72791208",0.00126929022371769
"rs1129062",-0.126079589128494
"rs74400203",0.0259511023759842
"rs11544328",-0.0419079661369324
"rs137949194",-0.0939171761274338
"rs7204852",-0.0419815257191658
"rs3814878",-0.0419255085289478
"rs3814877",-0.0559966452419758
"rs12446378",-0.0419813394546509
"rs8043883",-0.0419705137610435
"rs11642430",-0.0558127574622631
"rs8054507",-0.0417949259281158
"rs77730873",-0.0677591860294342
"rs8051721",0.0259167738258839
"rs4788215",-0.0420593358576298
"rs4788216",-0.0420695617794991
"rs139356318",0.0223892107605934
"rs35467921",-0.0559760108590126
"rs55680039",-0.0579090639948845
"rs7190269",-0.10316276550293
"rs66467443",-0.0421504117548466
"rs67218159",-0.0421557873487473
"rs147553474",0.0841078087687492
"rs4788217",-0.0421397350728512
"rs112294239",0.00919725000858307
"rs114588746",0.0259893611073494
"rs35478648",-0.0527844540774822
"rs4787492",-0.0421112775802612
"rs115518563",0.0262107085436583
"rs4788218",-0.0563245043158531
"rs35105141",-0.0562518686056137
"rs79619339",0.0766611248254776
"rs11642399",-0.0425098352134228
"rs72791222",0.0764992609620094
"rs80282267",0.0552498698234558
"rs11642740",-0.0563967116177082
"rs7203224",0.0253948289901018
"rs139286715",0.0736645013093948
"rs78210758",0.0256965234875679
"rs116878064",0.0258541405200958
"rs4788219",-0.0427745431661606
"rs138476963",-0.0871315747499466
"rs4788220",-0.0427777580916882
"rs41280854",0.0548491626977921
"rs541327665",-0.0584085583686829
"rs9939774",-0.0566593483090401
"rs9932193",-0.0433803126215935
"rs73530148",0.000996801070868969
"rs9928448",-0.0433228798210621
"rs3134622",0.0580616220831871
"rs9783783",-0.0422845669090748
"rs11867026",0.0258995741605759
"rs75721735",0.0247972160577774
"rs11860935",0.0261783804744482
"rs2071390",-0.0980413183569908
"rs7201518",-0.0486528985202312
"rs28709291",0.0261204428970814
"rs11864642",0.0259764771908522
"rs141871993",-0.0941481068730354
"rs8049837",0.0263630077242851
"rs12447915",-0.0434153154492378
"rs12445768",-0.0433590449392796
"rs72791226",0.00313199451193213
"rs9932605",-0.0485978350043297
"rs2278557",-0.0568579584360123
"rs11861842",0.0263991095125675
"rs11644459",-0.0434170253574848
"rs11863129",0.0263696722686291
"rs74767856",0.0132634555920959
"rs2289292",-0.00502841034904122
"rs146714548",0.0500319972634315
"rs11863083",0.0138721913099289
"rs147510745",0.0685699060559273
"rs8060511",-0.0493215322494507
"rs112565029",0.00220459839329123
"rs3809624",0.00163640128448606
"rs182011868",0.02205615863204
"rs3809627",0.00955970864742994
"rs149155722",-0.047870110720396
"rs143242484",0.0337153188884258
"rs151235673",-0.0362831354141235
"rs184524218",-0.0537435822188854
"rs117527829",0.0266165528446436
"rs12444973",-0.0500262081623077
"rs73530179",-0.0478359051048756
"rs187949896",0.0219259914010763
"rs9922041",-0.0481754913926125
"rs6565174",-0.0612520836293697
"rs72791231",0.0767513513565063
"rs532749997",-0.00971459411084652
"rs117678683",0.0223026406019926
"rs7205802",-0.0483800135552883
"rs61757860",0.0254669059067965
"rs62057756",-0.0580934286117554
"rs145245464",0.0179004464298487
"rs142703434",-0.0930625051259995
"rs55678597",0.0132235623896122
"rs12444415",-0.049258079379797
"rs8061772",-0.0392998866736889
"rs190156282",0.0200428403913975
"rs56060058",0.0893445014953613
"rs56369689",0.00643675867468119
"rs187223588",0.0376290567219257
"rs56079926",0.0241059139370918
"rs549993187",0.0256752111017704
"rs141305120",0.00817753560841084
"rs150773264",0.0134234679862857
"rs112194055",-0.170729577541351
"rs118176517",-0.0533868707716465
"rs1985680",0.0126115949824452
"rs61764618",0.103033751249313
"rs139148055",-0.0481566861271858
"rs7698",0.0123913232237101
"rs7542",0.0221202280372381
"rs148639118",0.0566252917051315
"rs61764220",0.00235925382003188
"rs12922100",0.0164379570633173
"rs58483534",0.0110586751252413
"rs78564187",0.0115050263702869
"rs9921806",0.0132040912285447
"rs80260207",0.0568587109446526
"rs36084237",-0.0218522548675537
"rs28529403",0.0149158509448171
"rs61764202",0.00838798750191927
"rs34564246",0.0178989674896002
"rs144506209",-0.0952127948403358
"rs79323299",0.0569061562418938
"rs77042391",0.02823237888515
"rs4787493",0.0128125324845314
"rs9921544",0.00824206322431564
"rs2005219",0.0123805562034249
"rs9932466",0.00829972419887781
"rs9931927",0.00799821689724922
"rs55732507",0.0149200763553381
"rs57149692",0.0152629911899567
"rs150708390",-0.0913699269294739
"rs188539391",0.05796167999506
"rs151035219",0.0283201709389687
"rs6565175",0.0154709098860621
"rs74451468",0.0138470027595758
"rs7201780",0.015816630795598
"rs138765798",0.0402553305029869
"rs78197175",0.05868985876441
"rs149774427",-0.102192357182503
"rs4787494",0.0497802048921585
"rs149186244",0.016398336738348
"rs9924308",0.0480549037456512
"rs7197001",0.0480476655066013
"rs58175255",0.0501335151493549
"rs76834203",0.0405267290771008
"rs12931792",0.0395452417433262
"rs7204270",0.0502117574214935
"rs12443762",0.0501927100121975
"rs7199462",0.0499801114201546
"rs74646985",-0.0719312056899071
"rs9319584",0.0251076463609934
"rs139668723",0.0374624207615852
"rs56376319",0.0500622875988483
"rs7206457",0.0501147583127022
"rs8050401",0.050292644649744
"rs8049778",0.0503782406449318
"rs2887799",0.0499365404248238
"rs11865716",0.0479666627943516
"rs4787495",0.0437630005180836
"rs56399904",0.0362878553569317
"rs8048139",0.0439525805413723
"rs34679599",0.0557681396603584
"rs28877870",-0.00444253114983439
"rs148317124",0.0605346411466599
"rs12927190",0.0419055074453354
"rs12926100",-0.0044557130895555
"rs7195182",0.0421201698482037
"rs75832891",0.0371509455144405
"rs12920185",-0.00475655356422067
"rs13331817",0.0416082888841629
"rs34191640",-0.0168500635772943
"rs557657123",-0.00865569338202477
"rs35983149",-0.00448636477813125
"rs8063720",-0.00460695941001177
"rs6565176",0.0419107563793659
"rs12935500",-0.00475385505706072
"rs2083237",0.0439307391643524
"rs62055382",-0.158371210098267
"rs7202714",0.029524277895689
"rs13334660",-0.00471588922664523
"rs12102320",0.0453570894896984
"rs67817011",-0.00425861030817032
"rs8057425",0.045243427157402
"rs34166377",-0.00467257713899016
"rs36069862",-0.0047251763753593
"rs113072320",0.0404369346797466
"rs12373113",0.0473219491541386
"rs62055388",0.00232479767873883
"rs62055389",-0.10735422372818
"rs12373078",0.0467455498874187
"rs11862691",-0.00472956476733088
"rs73532550",-0.0199753772467375
"rs79623117",0.0542655885219574
"rs148924270",0.00836879573762417
"rs35089016",-0.00412495853379369
"rs77685267",0.0292253401130438
"rs149250584",0.023086279630661
"rs79512505",0.0396756008267403
"rs930392",0.0461005121469498
"rs118107356",-0.0438694506883621
"rs72791248",0.0787841230630875
"rs1132812",0.0423165895044804
"rs117041067",-0.0486344248056412
"rs35900366",-0.0043419636785984
"rs9938125",0.00397573970258236
"rs183949031",-0.0620048083364964
"rs4471699",-0.0269274841994047
"rs148788997",0.0423417910933495
"rs144208959",-0.0269079562276602
"rs202164101",0.0603093430399895
"rs7196464",-0.0272403657436371
"rs138824476",0.0743074640631676
"rs8050176",-0.0272030010819435
"rs71389461",-0.0214280672371387
"rs71389462",0.00150674534961581
"rs11644392",-0.0269063133746386
"rs28404428",0.031472347676754
"rs8048666",-0.0248624067753553
"rs34876189",0.127251297235489
"rs188823962",-0.0570129081606865
"rs7195216",-0.0272656492888927
"rs78144809",0.0119273522868752
"rs8051096",-0.0208582542836666
"rs147736861",0.0986405909061432
"rs72791250",0.0914026871323586
"rs189059876",-0.0765356793999672
"rs145576791",-0.0499194525182247
"rs138101508",0.0252193473279476
"rs141465770",0.0735285580158234
"rs144865761",0.0920029208064079
"rs11645581",-0.0101937483996153
"rs191370240",-0.113413244485855
"rs112414374",0.0199768058955669
"rs77016006",-0.0146474409848452
"rs144009214",-0.0541312284767628
"rs148266117",0.0640441700816154
"rs4787642",-0.0111783565953374
"rs68051857",-0.00833425298333168
"rs56143700",0.0798769667744637
"rs111894927",-0.0772134065628052
"rs6565180",-0.00838977098464966
"rs56353063",-0.0122423265129328
"rs80000693",0.0612124875187874
"rs187178513",0.0391986109316349
"rs17839551",-0.0162263251841068
"rs11862806",-0.00787123385816813
"rs34391305",-0.0245904345065355
"rs13330462",0.0125220566987991
"rs35480350",-0.0107093323022127
"rs79312082",0.0519180856645107
"rs55924396",0.0734919309616089
"rs13335932",0.0314384028315544
"rs3766",-0.0163041669875383
"rs11642676",-0.010233161970973
"rs111265045",-0.0160705130547285
"rs6565182",-0.0101959407329559
"rs9926426",0.0125831486657262
"rs8049108",-0.00772677455097437
"rs4500754",-0.0125695010647178
"rs11646130",-0.0100233620032668
"rs9926923",0.0112430211156607
"rs74826977",0.0367603823542595
"rs117785599",-0.0882614105939865
"rs4238961",0.0206687189638615
"rs71389465",0.00688557932153344
"rs12930787",-0.010454579256475
"rs73532587",0.0125359361991286
"rs150487811",-0.0705510899424553
"rs6565183",-0.00815290305763483
"rs143319475",-0.116759672760963
"rs9928218",0.0124084996059537
"rs11863150",0.0098035205155611
"rs8050812",0.00616846280172467
"rs8046445",0.013304091989994
"rs12446288",0.0133503805845976
"rs76106647",-0.0225642714649439
"rs12447833",0.0152806555852294
"rs41292378",-0.047265287488699
"rs75460591",-0.0921437963843346
"rs4247355",0.0155484369024634
"rs34518080",0.0102210594341159
"rs4787643",0.0154423043131828
"rs4788409",0.0154424142092466
"rs4341758",0.00977758131921291
"rs117885053",0.01626355946064
"rs9921711",0.0154388090595603
"rs117267704",-0.0879331007599831
"rs4072354",0.00972741283476353
"rs4788410",0.015153955668211
"rs4788411",0.0155664626508951
"rs147075881",0.034949466586113
"rs117564698",0.0836427807807922
"rs190581958",-0.0586060173809528
"rs73532600",0.0143167776986957
"rs138729861",-0.00724959094077349
"rs9989385",0.00719912815839052
"rs7203359",0.014449262060225
"rs189883927",0.0408715307712555
"rs144297058",-0.0709689557552338
"rs140223454",0.0381124019622803
"rs8060853",0.0148884886875749
"rs4340343",-0.0101534621790051
"rs5013201",-0.00639335624873638
"rs114572953",-0.118203289806843
"rs118002252",-0.088472455739975
"rs4788412",-0.0133083593100309
"rs150129456",-0.0773725584149361
"rs77871165",0.0183090195059776
"rs28588108",0.0341474860906601
"rs80225586",0.0966430306434631
"rs143806405",0.0164467338472605
"rs13333093",-0.0102465385571122
"rs9888967",-0.0104884002357721
"rs139529748",0.0555279739201069
"rs12921440",-0.0102708516642451
"rs61978578",-0.00648696953430772
"rs34843513",0.0896069332957268
"rs9936065",0.07276501506567
"rs4788413",0.0145295970141888
"rs3574",-0.010425565764308
"rs142565244",-0.0463466159999371
"rs185944354",-0.0884853005409241
"rs12929884",-0.014902850612998
"rs4787644",-0.0692188069224358
"rs139762007",-0.0641514733433723
"rs11150586",-0.00898020341992378
"rs8045570",-0.0488743297755718
"rs4232893",-0.0686599761247635
"rs7404540",-0.0165726132690907
"rs77689392",0.0621431842446327
"rs11640950",-0.0481192208826542
"rs576828842",-0.0885057672858238
"rs34261613",0.0426660217344761
"rs4076091",-0.012951361015439
"rs4465620",0.0144790587946773
"rs12447165",-0.0411253087222576
"rs371941058",0.0512803383171558
"rs4433823",-0.0304097849875689
"rs62056262",0.034629937261343
"rs137959928",0.0922088697552681
"rs4788414",0.025210028514266
"rs12919022",0.0447359420359135
"rs146094440",-0.0758473947644234
"rs62056264",0.0662374496459961
"rs12165013",0.0253177173435688
"rs35598865",-0.0537512265145779
"rs4788415",-0.0076206480152905
"rs61598883",-0.246203988790512
"rs112486793",0.0438661091029644
"rs7185357",-0.0885468795895576
"rs113575590",-0.0213995203375816
"rs6565185",-0.0448420681059361
"rs117599464",-0.115707240998745
"rs150025398",0.0654899626970291
"rs181060016",0.0655069351196289
"rs111688805",-0.0362522937357426
"rs12149321",-0.247310370206833
"rs12148933",-0.0252357982099056
"rs11150587",0.0863057821989059
"rs4788416",0.178616553544998
"rs190360819",-0.114312238991261
"rs4788417",0.178798079490662
"rs6565186",0.00411699479445815
"rs117249860",0.0644379034638405
"rs8063942",-0.0900613516569138
"rs1133238",-0.00802862178534269
"rs4787645",0.18187989294529
"rs148776955",0.106169827282429
"rs142097700",0.0578216686844826
"rs62056316",-0.248176395893097
"rs143212392",0.000714445952326059
"rs72791266",0.0587129257619381
"rs146658300",-0.0854459181427956
"rs149961053",-0.0663109645247459
"rs12443981",0.181852325797081
"rs117106225",0.106445610523224
"rs77679610",0.104006834328175
"rs11646954",-0.0226215180009604
"rs8058719",-0.265868037939072
"rs8044535",-0.0426087267696857
"rs8044131",0.182149261236191
"rs188550947",0.0590047389268875
"rs12599614",0.0451957136392593
"rs11150588",0.184004858136177
"rs113199118",-0.146891295909882
"rs8046842",0.17022530734539
"rs67575585",-0.0671882852911949
"rs144533866",0.0425745025277138
"rs12926510",0.210835918784142
"rs7195241",-0.067108117043972
"rs7190552",0.0628417804837227
"rs7196129",0.224591940641403
"rs12447919",0.184610232710838
"rs9926319",-0.0337319523096085
"rs112929095",-0.265061885118484
"rs34686249",-0.265859633684158
"rs7186331",-0.265157103538513
"rs7187832",-0.0333272404968739
"rs147434241",-0.0871370062232018
"rs9934579",-0.0438139140605927
"rs111555633",-0.0428854487836361
"rs192712549",0.0665896087884903
"rs4387618",-0.017316535115242
"rs113252371",-0.271083384752274
"rs9935887",-0.0284795649349689
"rs142718941",0.0966254025697708
"rs111230245",-0.0422917269170284
"rs118154869",-0.0569554343819618
"rs146335935",-0.105134986341
"rs113303075",-0.236413389444351
"rs11150589",0.21701654791832
"rs12598978",0.217275440692902
"rs12716977",0.217430010437965
"rs11574938",0.217700779438019
"rs6565187",-0.0320894867181778
"rs35493324",0.0650928765535355
"rs11648955",-0.251666188240051
"rs138674179",-0.108078747987747
"rs11862597",-0.0422429144382477
"rs113602737",-0.0271398220211267
"rs17839544",-0.0411030612885952
"rs10871452",-0.0269223321229219
"rs1064524",0.114836044609547
"rs11574941",0.0111891645938158
"rs12448354",0.205615043640137
"rs8060136",0.00602563051506877
"rs11150590",0.110535234212875
"rs2285459",0.24595108628273
"rs9796793",-0.0125529048964381
"rs7197010",0.246013522148132
"rs33989100",0.0513287149369717
"rs11643652",-0.255128622055054
"rs7187409",0.086013600230217
"rs113711475",-0.235268771648407
"rs12933644",-0.0356721803545952
"rs35822450",0.216674134135246
"rs34876239",0.216742500662804
"rs36005832",0.0529167428612709
"rs35660137",0.0675619021058083
"rs3087437",-0.122988604009151
"rs3087438",0.21544124186039
"rs4630562",0.249564573168755
"rs4572412",0.0238776300102472
"rs34499019",-0.271378606557846
"rs4889495",0.215435013175011
"rs35069260",-0.0197746101766825
"rs9930280",0.215588718652725
"rs12598015",0.021964306011796
"rs11644433",-0.271817296743393
"rs4500746",0.252426117658615
"rs139053518",0.101211562752724
"rs117391625",0.113412760198116
"rs1978079",0.0259854029864073
"rs4350585",0.252740651369095
"rs3087439",-0.172401368618011
"rs145960178",0.0491164103150368
"rs35262362",-0.0540000945329666
"rs6565189",0.253232389688492
"rs28708641",0.216246157884598
"rs139199468",0.111057996749878
"rs8044405",0.0180733781307936
"rs7193693",0.0511155426502228
"rs11574944",0.0510848052799702
"rs11574945",0.0896991789340973
"rs1557672",0.186979860067368
"rs71383762",0.0520924516022205
"rs4889496",0.216818541288376
"rs4889497",0.0381383486092091
"rs12929754",0.217485189437866
"rs138447338",-0.178818896412849
"rs11863188",-0.0298905093222857
"rs113907898",-0.232873395085335
"rs4341759",0.259168833494186
"rs12923573",0.234292596578598
"rs12922984",0.23469951748848
"rs4243232",0.234676584601402
"rs35427005",-0.085951492190361
"rs73534263",-0.0295986849814653
"rs2073918",-0.0849972441792488
"rs2073917",-0.103209041059017
"rs35968985",0.0922790989279747
"rs4889498",0.069663442671299
"rs4889499",-0.102805219590664
"rs189729076",0.0692514106631279
"rs2230433",-0.157544076442719
"rs2230434",0.0521643757820129
"rs3087442",-0.0209636390209198
"rs12929243",-0.243416711688042
"rs9746755",-0.279811084270477
"rs144539454",-0.174032747745514
"rs17790434",-0.156892374157906
"rs3087443",-0.154882937669754
"rs11574947",0.268023818731308
"rs34105328",-0.021749135106802
"rs142059597",0.050929818302393
"rs35453059",0.0540255419909954
"rs11647246",-0.11160683631897
"rs7196298",-0.110453076660633
"rs3764322",-0.124689809978008
"rs145122866",-0.14895723760128
"rs4243233",0.0303230918943882
"rs141695488",0.104603551328182
"rs71383763",0.100170508027077
"rs11645241",0.203806027770042
"rs34453065",-0.0524163246154785
"rs191583104",-0.130523905158043
"rs184754089",0.0688224136829376
"rs139514878",0.0845825374126434
"rs111235386",0.150844842195511
"rs72793342",-0.340134143829346
"rs9673428",-0.140907421708107
"rs146199126",-0.1071897149086
"rs112421755",-0.211432486772537
"rs145456050",-0.239417210221291
"rs149689856",0.0842850729823112
"rs140596527",-0.131291821599007
"rs138415138",0.084353506565094
"rs137933404",0.0326560810208321
"rs76359228",0.204904720187187
"rs148603263",-0.149914920330048
"rs8050463",-0.345808357000351
"rs11150592",-0.267433613538742
"rs9806804",0.0728283897042274
"rs72793343",0.0711360797286034
"rs13332167",0.149899318814278
"rs56311083",0.129927411675453
"rs138384839",0.0803509429097176
"rs112146516",0.220476970076561
"rs117671724",0.0874515473842621
"rs117910240",0.0877131149172783
"rs8044603",0.237000286579132
"rs146925402",0.0778387784957886
"rs9888820",0.116115495562553
"rs76746995",0.00509049743413925
"rs35631893",-0.0930742248892784
"rs17839548",0.0886170119047165
"rs17850402",0.202573910355568
"rs142874683",-0.0866115316748619
"rs114054790",0.0128951892256737
"rs12919681",-0.0711631551384926
"rs61744716",0.0708636343479156
"rs17790906",0.0885578244924545
"rs8056929",0.11902330070734
"rs36063822",-0.471054226160049
"rs114700082",0.00443055480718613
"rs113711981",0.20161734521389
"rs72793348",0.115864835679531
"rs34114657",-0.507600009441376
"rs6565192",-0.185841634869576
"rs189968028",0.0423355251550674
"rs116967916",0.0772783607244492
"rs17839549",-0.0619495324790478
"rs181168203",-0.0619793049991131
"rs536587761",-0.117246925830841
"rs74249949",-0.449724197387695
"rs9934806",0.131356835365295
"rs35215913",0.0513360500335693
"rs35974081",0.0516856350004673
"rs71389473",-0.0384453050792217
"rs111813229",0.0909371227025986
"rs80157007",0.127269133925438
"rs6565193",0.0859960913658142
"rs118024251",0.101575069129467
"rs59385041",0.0741992071270943
"rs72793351",0.136306658387184
"rs146607416",0.151353597640991
"rs59151595",0.13123944401741
"rs34699226",-0.526614367961884
"rs56153335",0.131224647164345
"rs9924077",0.084739089012146
"rs35661204",-0.5298171043396
"rs147772466",0.0802922770380974
"rs55875685",-0.369342267513275
"rs8063005",0.13272413611412
"rs112750937",-0.357866555452347
"rs67693285",-0.204662203788757
"rs12920734",0.116462931036949
"rs12918327",-0.530663073062897
"rs12447859",0.0749074891209602
"rs28841118",-0.367035537958145
"rs113983792",-0.146471455693245
"rs117512752",-0.149235293269157
"rs117829446",0.230688691139221
"rs9927137",-0.207376182079315
"rs74776661",0.120089203119278
"rs7186852",-0.367470413446426
"rs4485386",-0.370191961526871
"rs7191389",-0.370271563529968
"rs7499339",-0.370574533939362
"rs113024433",-0.370277315378189
"rs111639166",-0.348350882530212
"rs113085280",-0.206921607255936
"rs77398152",0.0384587198495865
"rs7187802",-0.368201225996017
"rs7188789",-0.367953032255173
"rs7184055",-0.367678105831146
"rs183525075",0.0375691093504429
"rs140929816",-0.171641066670418
"rs7197475",-0.364826530218124
"rs7204632",-0.365226358175278
"rs7187071",-0.365155905485153
"rs9925025",-0.365201383829117
"rs28728333",-0.365244269371033
"rs7191761",-0.365208595991135
"rs7194347",-0.365294486284256
"rs57526361",-0.365095347166061
"rs36064568",-0.365337759256363
"rs117130570",0.0778655111789703
"rs7185620",-0.365484654903412
"rs6565195",-0.365604937076569
"rs142670794",0.102464072406292
"rs148702283",0.137166932225227
"rs144383272",0.0849814191460609
"rs6565196",-0.36628445982933
"rs141930566",-0.167154058814049
"rs117019660",0.059557918459177
"rs2919426",-0.36551821231842
"rs141989501",-0.0388698540627956
"rs3747481",-0.507833540439606
"rs62057174",0.0939450934529305
"rs142002529",0.0406283885240555
"rs11642632",-0.237260520458221
"rs35629860",-0.499273508787155
"rs72793363",-0.21041439473629
"rs67128646",-0.499614179134369
"rs885107",-0.508544027805328
"rs61997235",0.10218820720911
"rs144319982",0.0759352147579193
"rs61738791",-0.122720666229725
"rs61738568",0.102112859487534
"rs11538957",0.182102963328362
"rs1036696",0.118540242314339
"rs150211649",0.0761871635913849
"rs72793368",0.144774168729782
"rs141527770",0.182047486305237
"rs8051050",-0.508129775524139
"rs8055315",-0.51268458366394
"rs8055661",-0.512579381465912
"rs8048448",-0.512338697910309
"rs150458589",-0.359448045492172
"rs137900344",-0.155260920524597
"rs150089452",-0.117470301687717
"rs13338946",-0.508805871009827
"rs75843584",0.0709016397595406
"rs150070251",-0.135400801897049
"rs7187359",-0.511152803897858
"rs72793369",0.143522903323174
"rs149059425",-0.117206864058971
"rs8058928",-0.50618314743042
"rs140072108",0.077811136841774
"rs78382251",-0.382085174322128
"rs35990726",0.115541003644466
"rs6565197",-0.51147872209549
"rs149701009",0.0878069624304771
"rs146060040",-0.118040487170219
"rs35969813",-0.502574861049652
"rs67456513",-0.511551320552826
"rs7197770",-0.511869251728058
"rs186862975",0.0800161734223366
"rs149949703",-0.199411079287529
"rs72793372",0.290669411420822
"rs72793373",0.0545244365930557
"rs35716843",-0.0499927401542664
"rs116849262",0.157766491174698
"rs8058578",-0.513275623321533
"rs143455502",-0.165167883038521
"rs117002749",0.116360127925873
"rs141659187",0.143804520368576
"rs62057182",0.132523730397224
"rs7204278",-0.513612926006317
"rs4616297",-0.513255953788757
"rs79597785",0.135523125529289
"rs117804715",0.0601383559405804
"rs72793375",0.290766537189484
"rs2289442",-0.513203322887421
"rs113809606",0.10500393807888
"rs74315902",0.121356911957264
"rs9928572",0.511761367321014
"rs145592019",0.101601012051105
"rs184172962",0.0375859290361404
"rs62057183",0.280612707138062
"rs62057184",0.27092170715332
"rs7198250",-0.513548195362091
"rs6565201",-0.513321161270142
"rs184402546",0.0604899376630783
"rs11862859",-0.513550341129303
"rs72793380",0.138971224427223
"rs74973579",0.0202765353024006
"rs79331668",0.112979359924793
"rs11645367",-0.425444394350052
"rs117306997",-0.149197742342949
"rs62622830",0.291364312171936
"rs149984900",-0.125207617878914
"rs143017067",-0.1736109405756
"rs201918052",-0.16716043651104
"rs62057185",-0.0767334550619125
"rs3812999",-0.513516962528229
"rs141744543",0.07000532746315
"rs139940915",0.0916543826460838
"rs113881947",0.0865052044391632
"rs112234000",-0.420736759901047
"rs150456653",0.0865070000290871
"rs113205969",0.0854216739535332
"rs182339188",0.135552644729614
"rs11642466",-0.420641452074051
"rs75500538",-0.422116965055466
"rs117984039",-0.283019304275513
"rs149660553",0.102059461176395
"rs72793383",0.0864269807934761
"rs11642862",-0.420424669981003
"rs3747486",-0.513828635215759
"rs79128613",0.117859251797199
"rs75231191",-0.420705556869507
"rs56656810",-0.509719491004944
"rs111954099",-0.420854240655899
"rs35695082",-0.449656158685684
"rs61729947",0.0209931395947933
"rs34480360",-0.529215753078461
"rs28853644",-0.539355337619781
"rs191825667",-0.420835703611374
"rs62057223",0.767172276973724
"rs11645175",-0.419733971357346
"rs12447534",0.76727557182312
"rs144205980",0.0876930356025696
"rs147764164",-0.141822993755341
"rs8058961",-0.539704203605652
"rs113454775",-0.420251041650772
"rs9921835",-0.540021657943726
"rs78985803",0.117122828960419
"rs4889489",0.767662644386292
"rs77503088",-0.283951759338379
"rs9933875",-0.767378091812134
"rs117709361",-0.14000603556633
"rs75031956",0.0381361916661263
"rs62057232",0.512790322303772
"rs13337900",-0.767809152603149
"rs4889490",0.512811541557312
"rs73524556",-0.767824172973633
"rs8050330",-0.767582058906555
"rs112282032",-0.54031777381897
"rs72799316",-0.767653048038483
"rs62057236",0.127698674798012
"rs7192475",-0.770944952964783
"rs80318951",-0.771320343017578
"rs111400675",-0.771353483200073
"rs9938088",-0.771377146244049
"rs12926467",0.103537648916245
"rs9319587",0.516222953796387
"rs8046001",-0.770688354969025
"rs146987087",-0.164464876055717
"rs575860552",-0.136569112539291
"rs55861648",0.29372301697731
"rs9934249",0.771452367305756
"rs6565207",0.770041525363922
"rs74483355",-0.421138286590576
"rs8046391",-0.547168612480164
"rs12926237",0.774563312530518
"rs28421305",-0.548500001430511
"rs186290052",-0.125580832362175
"rs78636394",0.0882230401039124
"rs113567606",-0.251247555017471
"rs7500719",-0.548707664012909
"rs77250249",0.0792467072606087
"rs9932572",-0.775148808956146
"rs8047664",-0.145739495754242
"rs144941505",-0.164407968521118
"rs11864054",-0.513929903507233
"rs140730786",0.0603365190327168
"rs11150596",-0.805532395839691
"rs143486650",0.0824190005660057
"rs72799319",0.329486638307571
"rs144428277",0.114511862397194
"rs4889614",0.58764261007309
"rs76478401",-0.09295604377985
"rs2168834",0.587814748287201
"rs2125293",0.587823748588562
"rs4889534",0.587870359420776
"rs12102367",-0.436784297227859
"rs8048011",0.136410012841225
"rs112691371",-0.423516869544983
"rs4889622",0.588030338287354
"rs34840035",0.588070333003998
"rs4889536",0.588058888912201
"rs11647697",0.588119447231293
"rs12929065",0.588233828544617
"rs12930944",0.588235437870026
"rs12931096",0.58824634552002
"rs72799321",0.3356693983078
"rs4889627",0.826724052429199
"rs56142883",-0.236381500959396
"rs146697871",0.0658562034368515
"rs9796842",0.58583402633667
"rs185452212",-0.165077075362206
"rs76330290",-0.0965275168418884
"rs2335013",0.586785674095154
"rs118176746",-0.371221452951431
"rs4889630",0.453786104917526
"rs4889631",0.454592406749725
"rs2878304",0.604899108409882
"rs4889634",0.540696144104004
"rs67264578",-0.616474151611328
"rs11641321",-0.427120745182037
"rs142038477",-0.143586620688438
"rs56083427",-0.616774141788483
"rs12920259",0.855848252773285
"rs117865589",0.0807529985904694
"rs55676522",0.0446969494223595
"rs8063565",0.616934299468994
"rs117378813",0.0793683305382729
"rs11642603",-0.427203923463821
"rs897984",0.85636180639267
"rs546870563",0.0809912607073784
"rs117957142",0.133732408285141
"rs34640030",0.122230485081673
"rs67456613",-0.616865277290344
"rs11648125",-0.427396655082703
"rs12926295",0.856600105762482
"rs8050107",0.623169660568237
"rs72799330",-0.622045040130615
"rs4889651",0.622381508350372
"rs4889653",0.622371196746826
"rs142778160",-0.119333311915398
"rs11150599",0.86748605966568
"rs113448632",-0.62570858001709
"rs112790372",-0.625975728034973
"rs139294330",0.182568728923798
"rs190156426",0.0938744023442268
"rs182812851",0.0816351994872093
"rs145702448",-0.131325125694275
"rs80095680",-0.632749617099762
"rs80259430",0.0625340864062309
"rs9933843",0.887350261211395
"rs184556107",-0.131825193762779
"rs142582039",-0.0861283615231514
"rs111620019",-0.440194964408875
"rs142324477",-0.116271808743477
"rs8063700",0.467372626066208
"rs11862962",-0.635721802711487
"rs11644454",-0.453606605529785
"rs11646082",-0.45414999127388
"rs118151917",0.0816651657223701
"rs117210898",-0.316297560930252
"rs1046276",0.95320999622345
"rs61733966",-0.173137381672859
"rs1458201",-0.719012141227722
"rs8046707",0.548623025417328
"rs78641771",0.14188639819622
"rs8052245",0.96677553653717
"rs8058472",0.415274143218994
"rs11649653",0.547190964221954
"rs111935448",-0.466322779655457
"rs140814685",0.105116941034794
"rs77604316",-0.46646973490715
"rs12934900",0.961109399795532
"rs55886019",0.42039754986763
"rs7185007",-0.721480071544647
"rs12924903",0.956606686115265
"rs28360556",0.44656577706337
"rs4889685",0.951091766357422
"rs12929007",0.450616627931595
"rs144445645",0.421786785125732
"rs193044322",-0.151103734970093
"rs9319588",0.969368815422058
"rs12930657",0.969365358352661
"rs62058606",0.106870718300343
"rs77088799",-0.15854848921299
"rs147834303",0.0886123180389404
"rs76919728",0.137832075357437
"rs3813020",0.969296991825104
"rs35675346",-0.720363199710846
"rs138453524",-0.196618348360062
"rs72799341",-0.723592817783356
"rs8050588",-0.971427500247955
"rs12930545",0.971446573734283
"rs11150600",0.971467792987823
"rs147901631",0.423135101795197
"rs10782001",0.971298396587372
"rs4889514",0.971470594406128
"rs12928852",0.971482217311859
"rs12599631",0.971474766731262
"rs142711568",0.152678176760674
"rs12102485",-0.105349607765675
"rs34873012",0.971701264381409
"rs35733741",0.584956347942352
"rs76345698",-0.467415362596512
"rs10782002",0.971702694892883
"rs7200879",-0.721753895282745
"rs12917722",0.58512669801712
"rs4889571",0.971867203712463
"rs11640534",0.971975386142731
"rs7206511",0.972076773643494
"rs13336347",0.585382997989655
"rs9929927",-0.105714783072472
"rs4405566",-0.104868479073048
"rs1458202",0.972322523593903
"rs74998771",0.16655658185482
"rs56193946",0.423767983913422
"rs144959592",0.105021260678768
"rs11647243",-0.46878656744957
"rs4889599",0.999976694583893
"rs11642733",-0.468728721141815
"rs62055866",1
"rs2305884",1
"rs1870293",0.986072838306427
"rs112190455",-0.468874096870422
"rs2054214",0.425304055213928
"rs2054213",1
"rs188466719",-0.150894656777382
"rs11640210",-0.469123184680939
"rs117891062",-0.259795904159546
"rs11150601",1
"rs11640961",0.620880603790283
"rs188103396",0.082151398062706
"rs532511052",-0.143019914627075
"rs141391708",-0.468684732913971
"rs4502227",1
"rs117326446",-0.471102714538574
"rs897986",1
"rs12716978",1
"rs72799363",0.425047874450684
"rs4889603",0.621038675308228
"rs28360557",1
"rs7204459",1
"rs117342239",0.119685046374798
"rs4889604",1
"rs12931046",1
"rs72799368",0.423929363489151
"rs4889525",1
"rs117369393",0.0819177553057671
"rs74952810",0.115225732326508
"rs148546504",-0.144214421510696
"rs11076",0.981239974498749
"rs6950",1
"rs75586365",-0.468350559473038
"rs79974799",-0.468335598707199
"rs9938550",0.999479949474335
"rs17849880",-0.468407601118088
"rs149918713",-0.179628983139992
"rs2305880",0.999881327152252
"rs13708",0.999857902526855
"rs77218983",0.129597947001457
"rs117965846",0.0925513282418251
"rs8062719",0.978151202201843
"rs8060857",0.997305929660797
"rs17855121",-0.258973568677902
"rs12445568",-0.920406222343445
"rs34454770",-0.912333548069
"rs141744746",0.129681542515755
"rs2199036",-0.924060940742493
"rs73528516",-0.0889825746417046
"rs12928868",-0.127416774630547
"rs12928868",0.109382003545761
"rs9788865",-0.372623115777969
"rs72800840",0.103394873440266
"rs61185452",-0.0885345712304115
"rs77353311",0.268542110919952
"rs4889606",0.572784602642059
"rs9932822",-0.0884410887956619
"rs9932921",-0.0884184986352921
"rs12716979",0.572227537631989
"rs9926533",0.571565568447113
"rs72800841",0.390320956707001
"rs147945752",0.0770567506551743
"rs72800842",0.388195514678955
"rs2014236",-0.0860545039176941
"rs55908605",0.385945498943329
"rs77890232",0.135250568389893
"rs729482",-0.904646694660187
"rs7203999",0.916245937347412
"rs55731737",0.387018442153931
"rs72800845",0.384775966405869
"rs72800846",0.384934365749359
"rs7184567",-0.913626790046692
"rs72800847",-0.902525126934052
"rs12447930",-0.913501024246216
"rs72800849",0.38636103272438
"rs72800851",0.117311082780361
"rs34898535",0.568448662757874
"rs4889609",-0.911932706832886
"rs150319029",0.385656952857971
"rs4889526",-0.910196959972382
"rs35961830",-0.911292374134064
"rs75585721",0.146030783653259
"rs72800854",0.384939014911652
"rs57576577",-0.911119997501373
"rs11150604",0.568417310714722
"rs77355772",0.147267639636993
"rs9939558",0.56844300031662
"rs9673641",-0.911045551300049
"rs112906665",-0.910546541213989
"rs7500176",-0.899145305156708
"rs12934418",0.567787051200867
"rs58726213",-0.910240888595581
"rs12445650",-0.910224556922913
"rs8056842",-0.908997714519501
"rs74895609",0.133473336696625
"rs72800858",0.384770095348358
"rs10871454",0.567706763744354
"rs12448321",0.56788033246994
"rs148119987",0.383599191904068
"rs55979739",-0.898564696311951
"rs732173",-0.898543894290924
"rs732172",-0.898546755313873
"rs117744694",0.147261396050453
"rs72785506",0.0885735005140305
"rs56284083",-0.907408714294434
"rs145079417",0.384271383285522
"rs141926311",0.38358199596405
"rs9939417",0.567583680152893
"rs2288004",0.554681956768036
"rs1108431",-0.898353636264801
"rs35468353",-0.907006561756134
"rs148529966",0.0808955729007721
"rs11862744",-0.907227575778961
"rs17839567",-0.907226145267487
"rs72785511",-0.343326568603516
"rs6565214",0.383595764636993
"rs11640957",-0.888492584228516
"rs11640767",-0.888548314571381
"rs116872173",0.0596528239548206
"rs9929899",0.554184257984161
"rs59061704",-0.888509094715118
"rs4889530",0.553769767284393
"rs57434408",-0.887159705162048
"rs11642003",-0.883634626865387
"rs11642303",-0.88340437412262
"rs8061047",-0.88389003276825
"rs117602889",0.377416342496872
"rs182536497",0.136484041810036
"rs35351013",0.564931333065033
"rs190492285",0.113426230847836
"rs145488225",0.139933601021767
"rs56813533",0.565038025379181
"rs8046978",0.376641422510147
"rs2303223",0.563571155071259
"rs11647284",-0.879773199558258
"rs9927295",-0.375161170959473
"rs72785521",0.376572281122208
"rs140985528",-0.146136105060577
"rs111670773",-0.188184455037117
"rs881929",0.563620924949646
"rs8047104",0.376532912254333
"rs72785525",0.370580911636353
"rs28814987",-0.882737517356873
"rs9796794",0.564140856266022
"rs11642192",-0.892885804176331
"rs7197717",-0.892803609371185
"rs2359674",0.376421630382538
"rs6565217",-0.892776727676392
"rs2303222",0.54988044500351
"rs749671",0.560695946216583
"rs749670",0.563033282756805
"rs35041466",-0.167818158864975
"rs78522165",-0.342144370079041
"rs75586809",0.102831296622753
"rs35713203",-0.879588305950165
"rs143403072",-0.0280061643570662
"rs3751855",-0.892072200775146
"rs7196726",-0.890889585018158
"rs750952",-0.881858468055725
"rs72785535",0.376236259937286
"rs45599534",0.37624579668045
"rs11865038",-0.891673922538757
"rs11864806",-0.892013788223267
"rs11864839",-0.892028450965881
"rs138417092",-0.130601182579994
"rs7199949",-0.892043352127075
"rs4468641",-0.892031192779541
"rs11150606",0.093336433172226
"rs79030220",0.189240381121635
"rs17839568",-0.890763401985168
"rs73530203",-0.878979086875916
"rs17886790",-0.135644152760506
"rs145813685",0.0771090015769005
"rs7294",-0.881055414676666
"rs17882023",-0.363674104213715
"rs2359612",-0.562723100185394
"rs9934438",0.563088834285736
"rs17708472",0.376204609870911
"rs2884737",0.421193987131119
"rs55894764",-0.130868151783943
"rs181163532",-0.131119310855865
"rs9923231",0.562539517879486
"rs17881535",0.376280456781387
"rs17880887",0.0253355577588081
"rs7196161",-0.533126771450043
"rs61162043",-0.532524526119232
"rs56314408",-0.530190169811249
"rs2032915",0.544449210166931
"rs55766044",-0.595778286457062
"rs12716981",0.530912339687347
"rs72785546",0.0277330242097378
"rs72785547",0.0277200993150473
"rs14235",0.544291794300079
"rs889555",-0.597758650779724
"rs749767",0.530680119991302
"rs11647442",-0.530193388462067
"rs2884738",-0.597449600696564
"rs11642535",-0.416079819202423
"rs4889619",0.530530571937561
"rs12716982",0.530533611774445
"rs117585595",-0.345918536186218
"rs9925964",0.543864488601685
"rs1978487",-0.530037105083466
"rs1978485",-0.530053496360779
"rs4889620",0.54389625787735
"rs4527034",-0.543109476566315
"rs11865499",-0.604673504829407
"rs56388508",0.0277683045715094
"rs149604995",0.147220358252525
"rs28725459",-0.604608416557312
"rs59735493",-0.604462802410126
"rs11649030",0.0275723449885845
"rs1060506",-0.604445338249207
"rs117451918",-0.111001037061214
"rs61320757",-0.595404624938965
"rs4404083",-0.0268470011651516
"rs889548",0.543669700622559
"rs72785553",0.0274520553648472
"rs72785554",-0.262282520532608
"rs9936329",0.543208181858063
"rs1549293",0.541380226612091
"rs17855606",0.02779945358634
"rs117219760",-0.178947776556015
"rs45619735",0.0277260113507509
"rs147208188",-0.186795979738235
"rs12597511",0.540955126285553
"rs142789229",0.132815271615982
"rs11645814",0.0279468800872564
"rs2855475",-0.540060639381409
"rs141391022",-0.186679139733315
"rs9972727",-0.538452744483948
"rs112766425",-0.296281754970551
"rs117436045",-0.124409519135952
"rs140036348",0.10614587366581
"rs139753495",-0.123953633010387
"rs117442264",0.0877350568771362
"rs146100677",-0.170490220189095
"rs1549299",0.583442509174347
"rs79912852",-0.248779624700546
"rs78924645",-0.56994765996933
"rs55667375",-0.570416569709778
"rs192838669",0.0903738215565681
"rs11649290",0.240860611200333
"rs28385574",0.25490665435791
"rs9939286",0.575455605983734
"rs7190802",-0.580471634864807
"rs118027920",0.122373558580875
"rs62057133",0.240001514554024
"rs66939573",0.239376500248909
"rs137879778",0.0120817106217146
"rs4889623",0.321035832166672
"rs57611503",0.416678875684738
"rs12102776",0.580026388168335
"rs80298776",0.08485347032547
"rs4889625",0.577641844749451
"rs140355571",0.0871318206191063
"rs59559257",0.0650515630841255
"rs17708638",-0.472553759813309
"rs143140068",0.0332990810275078
"rs13336592",-0.46446880698204
"rs12935054",0.425787836313248
"rs12926743",0.427115947008133
"rs72785569",0.133638516068459
"rs7187143",-0.421861588954926
"rs11864632",-0.422055333852768
"rs62057137",0.215347617864609
"rs149449767",0.0109871169552207
"rs57348955",0.343936920166016
"rs72785572",-0.193786844611168
"rs185952755",-0.109675988554955
"rs3764326",0.0973725169897079
"rs143159643",-0.00326200574636459
"rs184102002",0.0639607161283493
"rs148513485",0.0724498704075813
"rs741810",-0.424000591039658
"rs1052352",0.349457621574402
"rs190159352",0.150844648480415
"rs2735393",-0.424177795648575
"rs138631439",0.0797799006104469
"rs72550862",-0.0264077745378017
"rs4889537",-0.424149423837662
"rs118018900",-0.0960609167814255
"rs4889538",-0.424302637577057
"rs8056505",0.426652938127518
"rs111901353",-0.228937491774559
"rs144514436",-0.10039809346199
"rs3764323",0.426222711801529
"rs4889633",-0.424215018749237
"rs11641731",0.196477279067039
"rs139160690",0.0685258433222771
"rs147643545",-0.00472926162183285
"rs138864364",0.080464206635952
"rs79645868",0.0961504876613617
"rs4889539",0.140746399760246
"rs4496161",0.349655747413635
"rs35303352",0.0562314316630363
"rs9989432",0.07001031935215
"rs118096366",0.0979450643062592
"rs2288005",0.349571317434311
"rs7184910",0.349295258522034
"rs7186832",0.42680823802948
"rs76750340",0.107009395956993
"rs12929077",0.427203238010406
"rs147001836",0.0160102788358927
"rs79037450",0.108907699584961
"rs12926702",0.0915464460849762
"rs9932556",-0.421935498714447
"rs139489622",-0.054251030087471
"rs62054766",-0.421759456396103
"rs140363254",0.0948464795947075
"rs62054767",-0.0846598446369171
"rs62054768",0.0626538097858429
"rs62054769",0.0647567734122276
"rs9923270",-0.40483620762825
"rs142366936",0.0766991078853607
"rs11639689",-0.156046837568283
"rs1808430",0.406097233295441
"rs4561481",0.405866265296936
"rs8051304",0.405667841434479
"rs889551",0.404200226068497
"rs11639790",-0.120560601353645
"rs8047985",0.405123978853226
"rs75516730",0.0855058580636978
"rs117079646",-0.134845241904259
"rs8062426",0.403929233551025
"rs4889640",0.402206510305405
"rs145680433",0.00124228512868285
"rs144607906",0.109139926731586
"rs889549",0.421614050865173
"rs10438639",0.421605080366135
"rs11645526",0.421601712703705
"rs11641624",0.421335428953171
"rs8057320",0.421449542045593
"rs12935156",0.124051451683044
"rs79388979",0.0554769821465015
"rs35456265",0.0556178651750088
"rs7193943",0.420131027698517
"rs11865830",0.42077773809433
"rs34572943",0.124985814094543
"rs11639622",-0.154917150735855
"rs3764327",0.419450461864471
"rs7196256",0.419532626867294
"rs34550882",0.073903501033783
"rs60660286",0.442920446395874
"rs144912130",0.0734992846846581
"rs62051462",0.11705531924963
"rs12449089",0.372492372989655
"rs41426346",0.0937860310077667
"rs1143679",0.125323489308357
"rs3815801",0.434876441955566
"rs9938177",0.434366554021835
"rs8048583",0.432920128107071
"rs2011491",0.432509303092957
"rs929868",0.432698041200638
"rs149895683",0.0994950756430626
"rs6565225",0.420771956443787
"rs2359661",0.338590353727341
"rs72785590",-0.163623362779617
"rs4447446",0.338675498962402
"rs7499192",0.420746773481369
"rs4889644",0.420426160097122
"rs34082782",0.0970556885004044
"rs41488545",0.0683929845690727
"rs35314490",0.0970501229166985
"rs35472514",0.0970101729035378
"rs8061729",0.158567547798157
"rs8056944",0.0159258879721165
"rs8056944",0.0953653305768967
"rs12928725",0.096950463950634
"rs9923357",0.0958789959549904
"rs9922766",0.0959199666976929
"rs41401548",-0.0487206839025021
"rs41479850",0.00776060065254569
"rs9936831",0.096259243786335
"rs41477949",0.158039525151253
"rs12917874",0.0962051451206207
"rs9939679",0.101974681019783
"rs7184339",0.0960560515522957
"rs7184677",0.0965460315346718
"rs41370044",0.100384123623371
"rs1143680",0.100500829517841
"rs78837306",-0.114816129207611
"rs28855735",0.0946495160460472
"rs13331557",0.096055842936039
"rs28825532",0.0964376330375671
"rs11861258",0.175742641091347
"rs34245571",0.0573932006955147
"rs8060163",0.100276120007038
"rs9937837",0.149411752820015
"rs144975789",0.0289357155561447
"rs13338069",0.0963020771741867
"rs36055763",0.0964570268988609
"rs71389500",0.093578465282917
"rs11150608",0.254555523395538
"rs12103025",0.0962769985198975
"rs7190018",0.0962750911712646
"rs7190807",0.0947978273034096
"rs9938063",0.0962592288851738
"rs9940397",0.0962606966495514
"rs12102791",0.0939931198954582
"rs12102768",0.0954648479819298
"rs12920597",0.0998382568359375
"rs62051468",-0.147199794650078
"rs9923767",0.0947737246751785
"rs9925985",0.149355530738831
"rs9928749",0.0947480797767639
"rs78748952",0.174891173839569
"rs9933937",0.0947319343686104
"rs149541838",0.0125000299885869
"rs62051470",0.100166909396648
"rs74627335",0.0345590114593506
"rs62051471",-0.292445033788681
"rs9888879",0.0947231575846672
"rs73534420",0.096215195953846
"rs12928810",0.0961954370141029
"rs9937645",0.0967786535620689
"rs9928372",0.0952064096927643
"rs62051472",0.100030139088631
"rs11645653",0.177918568253517
"rs9888739",0.09467414021492
"rs35466388",0.149169728159904
"rs75019120",-0.00896953698247671
"rs149045780",-0.114742763340473
"rs34927056",0.149225935339928
"rs7499077",0.14922671020031
"rs34072967",0.149226665496826
"rs36001237",0.0963376834988594
"rs34594027",0.14920711517334
"rs145891982",-0.142522782087326
"rs7187713",0.0960914939641953
"rs151288592",0.102188751101494
"rs7206312",0.0961644202470779
"rs58352473",0.100152634084225
"rs58827327",0.100159324705601
"rs35383035",0.0961590632796288
"rs4889645",0.182970628142357
"rs62051481",0.0999420136213303
"rs8056276",0.0946898311376572
"rs74364385",0.0961474627256393
"rs9745421",0.0947369560599327
"rs11864813",0.0961737111210823
"rs11865746",0.0962040349841118
"rs11860650",0.0962043702602386
"rs72791981",0.100243262946606
"rs6565227",0.0946453809738159
"rs6565228",0.0946244597434998
"rs11861161",0.0946754664182663
"rs11641202",0.327669382095337
"rs58656594",0.0999634936451912
"rs34767000",0.0946798771619797
"rs4889647",0.256139487028122
"rs11864503",0.0959740802645683
"rs11863627",0.412350416183472
"rs11859349",0.0960335358977318
"rs11864541",0.0945327952504158
"rs7192161",0.255987167358398
"rs74792333",-0.191055119037628
"rs11150610",0.251568883657455
"rs8052324",0.411520808935165
"rs41476751",0.0113465311005712
"rs7206295",0.412922292947769
"rs1143682",0.268597006797791
"rs1143683",0.0133099546656013
"rs7200615",0.0132757546380162
"rs41440449",0.296678572893143
"rs7192375",0.411562979221344
"rs41517750",0.0674813613295555
"rs28372932",0.296450346708298
"rs13338928",-0.367196381092072
"rs60312440",0.0135434614494443
"rs113305282",-0.00324005028232932
"rs4889543",0.375384032726288
"rs55742763",0.375358283519745
"rs4077810",0.408409297466278
"rs7193268",0.0134727703407407
"rs41321249",-0.0290035773068666
"rs41520244",0.00413350248709321
"rs76133734",0.0865817591547966
"rs7188189",0.126448333263397
"rs141805721",-0.0284758191555738
"rs1143678",0.0133195370435715
"rs58200984",0.123673006892204
"rs4594268",0.414077818393707
"rs9933520",0.0133895603939891
"rs3087796",0.413872808218002
"rs41523147",0.0884538441896439
"rs4597342",0.41387015581131
"rs7195945",0.378617286682129
"rs7195915",0.378597378730774
"rs11642120",0.414617210626602
"rs36100148",0.378574758768082
"rs8060268",0.414639234542847
"rs62051517",0.378888159990311
"rs4506917",0.378709018230438
"rs4411512",0.378814578056335
"rs9673398",0.293976247310638
"rs9674009",0.378601849079132
"rs9673519",0.413545936346054
"rs9673404",0.378520488739014
"rs9673405",0.378643780946732
"rs9673522",0.378778547048569
"rs3925075",0.378570169210434
"rs137981269",-0.0968490317463875
"rs3925074",0.378803253173828
"rs4075052",0.413738936185837
"rs4608351",0.413663804531097
"rs9888907",0.414502382278442
"rs4261553",0.413717597723007
"rs4359460",0.413698107004166
"rs141505282",0.00245187571272254
"rs4448960",0.378672242164612
"rs4280256",0.378769367933273
"rs4525506",0.378207474946976
"rs4450409",0.37877631187439
"rs187491386",0.0691209807991982
"rs8062159",0.378751218318939
"rs7204735",0.0124867353588343
"rs10153122",0.124196387827396
"rs28773820",0.0122289266437292
"rs147882703",0.0123254591599107
"rs57202326",0.378981202840805
"rs55912556",0.41385355591774
"rs11150611",0.413584411144257
"rs11859300",0.0118068819865584
"rs62051523",0.125050589442253
"rs149578676",-0.116047024726868
"rs117900062",0.113337993621826
"rs11150612",0.289429545402527
"rs11150613",0.406195849180222
"rs12935192",0.372584164142609
"rs11645917",0.371726870536804
"rs56392848",0.413334906101227
"rs12923297",0.376792818307877
"rs11859274",0.376796215772629
"rs4459557",0.414583414793015
"rs4522435",0.131961479783058
"rs4493054",0.409977436065674
"rs4889649",0.292479693889618
"rs67898294",0.0133864097297192
"rs58408589",0.00642941193655133
"rs146938894",-0.142833516001701
"rs10747210",0.372958868741989
"rs4632147",0.0123059907928109
"rs10782004",0.287497818470001
"rs11574630",0.287371903657913
"rs11574631",0.415459483861923
"rs11574632",0.126525402069092
"rs4548893",0.0525958240032196
"rs149403364",0.092242106795311
"rs11863903",0.126529574394226
"rs80103425",0.0913471579551697
"rs11150614",0.415205597877502
"rs117809045",-0.132025524973869
"rs151008861",-0.0157879609614611
"rs9938765",0.146137088537216
"rs2230424",0.0997641012072563
"rs7190997",0.286271601915359
"rs11574635",0.125131696462631
"rs11574636",0.0126658361405134
"rs11574637",0.0151284858584404
"rs11150615",0.0107484944164753
"rs11150616",0.406714856624603
"rs138258116",0.285785555839539
"rs1106398",0.28296560049057
"rs13336235",0.121879518032074
"rs45509092",0.0346068851649761
"rs4264407",0.13742558658123
"rs2230428",0.144713580608368
"rs11574639",0.406262397766113
"rs11150617",0.289742559194565
"rs2230429",0.28484258055687
"rs11574640",0.0855929926037788
"rs12930660",0.110885694622993
"rs7203472",0.405085623264313
"rs12918549",0.111001938581467
"rs11150619",0.289773494005203
"rs55783467",-0.136152073740959
"rs13332545",-0.269271969795227
"rs12444713",0.286914616823196
"rs8046381",0.137257009744644
"rs138137251",-0.00707057910040021
"rs549478043",-0.0680994018912315
"rs60339402",0.0896335989236832
"rs2070896",-0.151228010654449
"rs12448775",-0.0195127204060555
"rs45465094",0.0861078575253487
"rs147939153",0.00040452228859067
"rs8052139",-0.155711308121681
"rs77819201",0.0433103255927563
"rs190665654",-0.0783954113721848
"rs35987530",-0.0681938007473946
"rs58724472",-0.154152438044548
"rs144932149",-0.0828254669904709
"rs11574646",0.116948783397675
"rs11150620",-0.160827025771141
"rs17641579",0.0522548146545887
"rs2929",0.114959523081779
"rs9929832",-0.0500817969441414
"rs62051534",0.115765199065208
"rs1140195",-0.155184850096703
"rs11574647",-0.153764680027962
"rs7199585",-0.154083356261253
"rs193238872",0.0337514318525791
"rs17708840",0.111650608479977
"rs116945837",-0.0191086698323488
"rs17641608",-0.0515501238405704
"rs140154847",-0.0893717855215073
"rs139875745",-0.0690258666872978
"rs9931651",0.0754949077963829
"rs28677987",-0.153461828827858
"rs17708876",0.110601902008057
"rs8055861",-0.155243158340454
"rs59381569",-0.152184262871742
"rs9930811",-0.153149321675301
"rs142133957",0.0516496077179909
"rs150744056",0.0441136881709099
"rs149880838",0.0321400910615921
"rs79298699",-0.00669431872665882
"rs62051537",0.0205933898687363
"rs572954905",0.0613858811557293
"rs12932429",0.0795244202017784
"rs8050328",-0.149062484502792
"rs2454907",0.0830294564366341
"rs8050500",-0.0956048592925072
"rs77189101",-0.153543204069138
"rs561831768",-0.0999352559447289
"rs62051538",0.0776858702301979
"rs77363739",0.00982531812041998
"rs2454911",0.0831101685762405
"rs11150621",-0.151533156633377
"rs2472050",0.0778095126152039
"rs9936992",-0.151741474866867
"rs2454909",0.0823853984475136
"rs2454908",-0.0836143866181374
"rs3892327",-0.150085285305977
"rs7188682",-0.150945663452148
"rs56191046",-0.150745213031769
"rs56304025",0.0748143643140793
"rs138735073",-0.00430543581023812
"rs11863026",-0.140177994966507
"rs112053830",0.0272260569036007
"rs56792493",-0.140793472528458
"rs62001041",0.0272154081612825
"rs45625038",-0.11166825145483
"rs72789314",0.082284152507782
"rs4889654",0.190442681312561
"rs11865672",0.190733537077904
"rs11865771",0.190407708287239
"rs4889655",0.19040746986866
"rs11640148",0.190159648656845
"rs11640184",0.190459683537483
"rs12444660",0.0724255368113518
"rs149049839",-0.0122088901698589
"rs4889544",0.189905896782875
"rs141887189",0.0275546070188284
"rs78656641",-0.0385564006865025
"rs74015522",0.029499489814043
"rs62051540",0.00380400707945228
"rs113509238",0.0327348858118057
"rs116986181",0.0269533321261406
"rs77294208",0.0273845065385103
"rs8056122",0.180312439799309
"rs62051541",0.00425542611628771
"rs113253736",-0.0530394874513149
"rs140007557",-0.0104077812284231
"rs4889656",0.190348476171494
"rs77907130",0.0271207373589277
"rs112423560",-0.0526204183697701
"rs4312323",0.0933554023504257
"rs72789321",0.0324151553213596
"rs74972074",-0.165596172213554
"rs4889657",0.062326718121767
"rs112890555",-0.165344849228859
"rs12240",0.0323296040296555
"rs72789324",-0.165428191423416
"rs72789325",-0.165525242686272
"rs60507880",0.0278673619031906
"rs8055941",0.0275913570076227
"rs113646124",-0.0524569042026997
"rs60239608",0.0800747349858284
"rs181089548",0.0467645712196827
"rs62051543",0.00400568172335625
"rs112281245",0.0317630209028721
"rs62051544",0.0810102894902229
"rs113110108",-0.128394514322281
"rs76281122",0.0310203302651644
"rs6565231",-0.171387553215027
"rs8045738",-0.0580827593803406
"rs4889658",0.092877060174942
"rs79411291",-0.00672701094299555
"rs78889885",0.0302871111780405
"rs143771583",-0.0805661529302597
"rs11643752",0.09347914904356
"rs113634117",-0.170639857649803
"rs116932656",-0.0540806576609612
"rs12930621",0.104774571955204
"rs28641848",-0.169162824749947
"rs76332792",0.0270230509340763
"rs113402744",0.032770998775959
"rs12923122",0.103579133749008
"rs117292708",-0.0804839357733727
"rs72789337",-0.167908743023872
"rs143816861",0.0688204988837242
"rs11864253",0.0275507215410471
"rs75516957",0.073571003973484
"rs9934108",-0.156771808862686
"rs145187606",-0.005985785741359
"rs4889659",-0.0457712188363075
"rs28675289",0.0770376324653625
"rs1135265",0.103772446513176
"rs72789343",-0.0760914087295532
"rs11859569",-0.15740878880024
"rs35699095",-0.0537855289876461
"rs79774521",0.032437764108181
"rs66989296",0.0814958140254021
"rs8057193",-0.045805461704731
"rs4243236",0.059809111058712
"rs117947985",-0.0623033121228218
"rs117600469",0.0592920854687691
"rs3813002",-0.0535024330019951
"rs76210462",0.00787638314068317
"rs151069962",-0.0178549811244011
"rs201280100",-0.0773367583751678
"rs9926717",-0.169036999344826
"rs4889660",0.0091999713331461
"rs35923277",-0.0297242533415556
"rs4262961",0.0076187145896256
"rs4362405",0.0076611191034317
"rs142376949",0.0517195761203766
"rs55800131",0.088609404861927
"rs11150624",0.105331547558308
"rs111510548",-0.137041062116623
"rs13337037",-0.172038093209267
"rs117392918",-0.0635407641530037
"rs4889661",0.106378391385078
"rs4313820",0.107960358262062
"rs11150625",-0.0517292208969593
"rs117800443",-0.0118241962045431
"rs7188278",-0.169412940740585
"rs146241762",-0.0318912044167519
"rs11646911",0.106086388230324
"rs45612043",0.0728826820850372
"rs141227787",0.0680968314409256
"rs117552655",0.00268534990027547
"rs10596",0.106220692396164
"rs13143",-0.169016465544701
"rs144566886",-0.0927073284983635
"rs34081766",-0.168925687670708
"rs111332953",-0.0316121503710747
"rs11150626",-0.168853744864464
"rs11646054",0.104930058121681
"rs3116149",0.00642214296385646
"rs9934336",-0.168868616223335
"rs3813007",0.0444604717195034
"rs3813008",0.074179545044899
"rs144413428",-0.0783714950084686
"rs3116150",0.0330227166414261
"rs4536493",-0.0633700117468834
"rs9927250",-0.00719854235649109
"rs112853480",0.0302936434745789
"rs11865835",-0.168196856975555
"rs79414612",0.0340345464646816
"rs3934739",-0.167435944080353
"rs62053177",0.0232609398663044
"rs192070961",-0.00624449923634529
"rs117803319",0.00829382240772247
"rs79371355",0.0340550467371941
"rs6565234",0.0645808801054955
"rs4889664",0.0929504185914993
"rs6565235",-0.168051302433014
"rs8062314",-0.168082028627396
"rs6565236",-0.1673653870821
"rs4889665",0.0871999487280846
"rs8047112",0.0848264917731285
"rs6565237",-0.0992855653166771
"rs11861164",0.0169182512909174
"rs11866003",0.0825195461511612
"rs4889545",0.0824250727891922
"rs4889546",0.096761517226696
"rs35884660",0.0920251905918121
"rs72790527",-0.171854287385941
"rs7192001",-0.0784597098827362
"rs58729087",0.0824267715215683
"rs7187900",-0.0795075595378876
"rs4889666",0.0910017788410187
"rs17709110",0.00587993580847979
"rs8050548",-0.0795305371284485
"rs9935222",-0.145410060882568
"rs8057326",-0.0795075744390488
"rs8057207",-0.144311353564262
"rs8057401",-0.145515993237495
"rs72790535",0.114039219915867
"rs8062220",-0.0795055776834488
"rs8064191",-0.0794994235038757
"rs8062603",-0.0795006155967712
"rs9935908",-0.0795064568519592
"rs56060924",0.0827231034636497
"rs9922901",-0.0795214250683784
"rs4306523",-0.0794996470212936
"rs147925455",0.0407947450876236
"rs4477723",-0.0794596076011658
"rs60075107",0.082676962018013
"rs9928519",-0.0794926136732101
"rs9928548",-0.0794926136732101
"rs4401060",-0.07945916056633
"rs6565238",-0.079034797847271
"rs6565239",-0.0788490399718285
"rs6565240",-0.0794875174760818
"rs111234225",-0.145505517721176
"rs7205156",-0.0796297714114189
"rs59813627",0.0824618861079216
"rs4889667",0.0824297741055489
"rs4889668",-0.0794435292482376
"rs4889669",-0.0794178694486618
"rs4384614",-0.0795008540153503
"rs75695224",-0.0149485990405083
"rs4889670",0.0824071541428566
"rs62053181",0.0224357005208731
"rs4550470",-0.145500496029854
"rs4889671",0.082412913441658
"rs7350862",-0.0794084891676903
"rs77263422",-0.017379205673933
"rs4321211",-0.0800410732626915
"rs117107691",0.0642496645450592
"rs4411513",0.0827105790376663
"rs6565241",-0.146406173706055
"rs6565242",-0.146404683589935
"rs4289009",-0.0800760760903358
"rs6565243",-0.079982802271843
"rs62053184",0.0833062455058098
"rs4553646",0.083150789141655
"rs4503808",0.0832399055361748
"rs4591159",-0.0794352740049362
"rs143875215",-0.0535880364477634
"rs7196319",0.0834837481379509
"rs140466665",0.00686503434553742
"rs9929657",0.0810596495866776
"rs9937367",0.0810725688934326
"rs7203199",0.0832633227109909
"rs72790561",-0.0652937367558479
"rs7202020",0.0832668021321297
"rs13338939",0.0833853706717491
"rs13339026",0.0832680910825729
"rs9921592",0.0837772265076637
"rs9921597",0.0839357897639275
"rs28509322",0.0832547023892403
"rs117265235",-0.0666869804263115
"rs138022541",-0.0788907110691071
"rs4889672",0.083274245262146
"rs8046452",-0.14641809463501
"rs4499252",0.0832985118031502
"rs8050390",-0.146484926342964
"rs4296276",0.0834453627467155
"rs146072049",0.0488918498158455
"rs17677",0.0833351165056229
"rs10843",-0.0156308226287365
"rs8048218",-0.0958376079797745
"rs57204609",0.000658391043543816
"rs4468642",-0.0840227976441383
"rs61183892",0.000658773351460695
"rs4587995",-0.0840249732136726
"rs58618301",0.000672594178467989
"rs12149682",-0.132404386997223
"rs7201796",-0.0960007458925247
"rs7206531",-0.0958207920193672
"rs74015551",-0.015641912817955
"rs62053205",0.000960751436650753
"rs4597343",-0.0957588851451874
"rs61137100",-0.0156666580587626
"rs67464975",-0.0840835198760033
"rs9923480",0.000591471325606108
"rs8050563",-0.0959279760718346
"rs8050712",-0.0959139689803123
"rs8049216",-0.0842340439558029
"rs9937077",0.000603146385401487
"rs8056084",0.000590837560594082
"rs8057393",0.000642594881355762
"rs8060914",-0.0961081013083458
"rs9929825",0.000712725333869457
"rs4243237",-0.0956190526485443
"rs9923241",0.00063618365675211
"rs12920273",-0.0953615084290504
"rs62053209",-0.0105969533324242
"rs34742827",-0.078082300722599
"rs12598647",-0.0161762852221727
"rs76053475",-0.0159931741654873
"rs114587684",-0.016073664650321
"rs4627374",-0.0543123185634613
"rs62053210",-0.0105414893478155
"rs72790584",0.025567427277565
"rs144366303",0.0199755560606718
"rs8052917",-0.0162555333226919
"rs34497199",-0.0763833150267601
"rs28496948",-0.012202993966639
"rs112954308",-0.131411656737328
"rs28788792",-0.0120240114629269
"rs28813115",-0.076307013630867
"rs9928760",-0.0120964171364903
"rs74015556",-0.0164968688040972
"rs9929691",-0.0213575046509504
"rs150664919",0.0293231625109911
"rs9929779",-0.0120845763012767
"rs7184275",-0.0162252262234688
"rs28886312",-0.0165799353271723
"rs7186961",-0.016506427899003
"rs8046688",-0.076069675385952
"rs78375309",-0.0165098682045937
"rs6565245",-0.094270370900631
"rs6565246",-0.0942699089646339
"rs4519345",-0.0756256952881813
"rs13339168",-0.0120531441643834
"rs8063613",-0.0755946785211563
"rs9941130",-0.0117531707510352
"rs74015558",-0.0171800293028355
"rs62053212",-0.0117388041689992
"rs59896576",-0.0167694985866547
"rs12927208",-0.0757493525743484
"rs7196030",-0.0118632586672902
"rs7196186",-0.0546456836163998
"rs74015559",-0.0166998021304607
"rs7196393",-0.0118383252993226
"rs7196749",-0.021429605782032
"rs74015560",-0.0167044065892696
"rs35856922",-0.0757129937410355
"rs4564590",-0.0117084179073572
"rs12596058",-0.0940619334578514
"rs80055794",0.0297956243157387
"rs4423435",-0.0941054373979568
"rs4325581",-0.0229574833065271
"rs190043738",-0.064149297773838
"rs4369688",-0.0216609407216311
"rs59050904",-0.0116161089390516
"rs138502862",0.0318957827985287
"rs7186565",-0.0119194071739912
"rs7186567",-0.0119192460551858
"rs61400334",-0.0119739323854446
"rs62053215",-0.0117507232353091
"rs6565247",0.0068769883364439
"rs118087379",0.0196677558124065
"rs8059965",-0.0166140552610159
"rs13333479",-0.0895346030592918
"rs58883936",-0.0164214540272951
"rs10083733",-0.0117104668170214
"rs61096112",-0.0111770862713456
"rs75840790",-0.0221175886690617
"rs148601861",-0.00717085786163807
"rs7189694",-0.0114586045965552
"rs7190117",-0.0116980997845531
"rs55694990",-0.0112094758078456
"rs61374523",-0.0112127009779215
"rs58790407",-0.0116945952177048
"rs8054784",-0.103493325412273
"rs60741570",-0.0165261700749397
"rs60650248",-0.0113708572462201
"rs117515579",0.0354355089366436
"rs56354977",-0.0115002747625113
"rs113118449",-0.117114223539829
"rs57794268",-0.047175258398056
"rs117156265",0.00484754936769605
"rs55976573",-0.0112054003402591
"rs7205058",-0.103547923266888
"rs6565248",-0.0112795131281018
"rs76286392",-0.0231646429747343
"rs6565249",-0.0112771494314075
"rs7193340",-0.0165151190012693
"rs13331375",-0.011156571097672
"rs13331417",-0.0115077113732696
"rs4517813",-0.0901411101222038
"rs13333253",-0.0165158379822969
"rs7194059",-0.0112948156893253
"rs191891850",0.0274546016007662
"rs12597684",-0.022256501019001
"rs7202590",-0.0167158991098404
"rs28692853",-0.0737088993191719
"rs117111790",0.0193528700619936
"rs8043997",-0.0111752832308412
"rs80026266",0.00875444430857897
"rs11150628",-0.089919313788414
"rs74015568",-0.0111677804961801
"rs7190986",-0.0115674445405602
"rs7189787",-0.0115676345303655
"rs115422951",-0.011166088283062
"rs7192364",-0.0898920968174934
"rs111880416",-0.13128374516964
"rs57534078",-0.0111476639285684
"rs55998443",-0.0111464252695441
"rs8057029",-0.0897992923855782
"rs57244375",-0.0111412266269326
"rs13333846",-0.0897877439856529
"rs74015570",-0.011131165549159
"rs58939333",-0.0100595355033875
"rs113755683",-0.0567426718771458
"rs74015571",-0.0110840415582061
"rs4544258",-0.09002885222435
"rs4482295",-0.0900415107607841
"rs75240915",-0.0111258467659354
"rs9933399",-0.00903808791190386
"rs6565253",-0.0900349617004395
"rs4889673",-0.0741571933031082
"rs75975020",0.00553223397582769
"rs190551738",0.00580887030810118
"rs4889548",-0.0740936622023582
"rs575090838",0.00646025221794844
"rs77647567",-0.0114267487078905
"rs62053251",-0.0778096690773964
"rs77425900",-0.0114409392699599
"rs151065192",-0.0115779750049114
"rs79373714",-0.0278506428003311
"rs13334766",-0.00528560951352119
"rs6565254",-0.0772164463996887
"rs78094157",0.0187041778117418
"rs55665474",-0.0109730521216989
"rs149247820",-0.088933601975441
"rs76431718",-0.0108685791492462
"rs56006318",-0.00516373384743929
"rs8057665",-0.01097063254565
"rs8058084",-0.00529542658478022
"rs4411514",-0.0673781111836433
"rs78947426",-0.0108046205714345
"rs6565256",-0.0771962553262711
"rs4561482",-0.0770647004246712
"rs148274005",0.0118750520050526
"rs13337520",-0.00660287542268634
"rs79850948",-0.0107958521693945
"rs78503462",-0.0108004361391068
"rs6565257",-0.0771104171872139
"rs12716995",-0.0770842134952545
"rs13334893",-0.00659313844516873
"rs145785014",0.0336809605360031
"rs180938024",-0.064419150352478
"rs149634776",-0.0108021032065153
"rs144402535",-0.0210348945111036
"rs76598304",-0.010803010314703
"rs4889674",-0.0770663619041443
"rs4274455",-0.00646408414468169
"rs9924405",-0.00657554622739553
"rs62053255",0.0142181785777211
"rs8048173",-0.0111366398632526
"rs8062567",-0.0108065493404865
"rs143358286",0.0462980940937996
"rs76912508",-0.0065573207102716
"rs113419489",-0.0328372791409492
"rs4278763",-0.0108081875368953
"rs62053256",-0.00644293008372188
"rs183081062",-0.110475294291973
"rs142616867",0.0294595677405596
"rs34055869",-0.0667223930358887
"rs76410508",-0.0268112998455763
"rs149895705",-0.0108093973249197
"rs76567913",-0.0108094615861773
"rs12927491",0.0184005685150623
"rs75284028",-0.00627063494175673
"rs4633736",-0.00661065010353923
"rs7203861",-0.0130894621834159
"rs9940047",-0.0769459009170532
"rs8044495",-0.00661453697830439
"rs72792506",-0.00207932107150555
"rs8046932",-0.0769379511475563
"rs139044487",0.0574739724397659
"rs9922103",-0.066676065325737
"rs140769625",-0.0888882949948311
"rs118070325",0.00393638107925653
"rs61296861",-0.0111430110409856
"rs4306524",-0.0665303617715836
"rs117449742",0.0907699689269066
"rs28850126",-0.013351809233427
"rs77804073",-0.0111433705314994
"rs79397825",-0.0108631113544106
"rs28572134",-0.00667623523622751
"rs74015576",-0.011153282597661
"rs9934791",-0.00674238568171859
"rs77770681",-0.0108667006716132
"rs4479245",-0.0134575376287103
"rs61154101",-0.0111506665125489
"rs140032918",-0.0571724027395248
"rs74015590",-0.0108330259099603
"rs56209227",-0.0108235254883766
"rs9922304",-0.00673937750980258
"rs77193974",0.0110726077109575
"rs55820527",-0.0131905982270837
"rs56219428",-0.0108876116573811
"rs536705303",0.0487428456544876
"rs4493055",-0.0770630091428757
"rs79879592",-0.0110578369349241
"rs7199389",-0.0666496604681015
"rs4483861",0.0324048511683941
"rs10871456",-0.0768410265445709
"rs74015591",-0.0107231559231877
"rs75761981",-0.0105743743479252
"rs13339482",-0.00682136323302984
"rs8048506",-0.0665566325187683
"rs4889675",-0.0664783641695976
"rs7191040",-0.0131670497357845
"rs61518410",-0.00681678624823689
"rs56218597",-0.013424102216959
"rs192388911",-0.0759727135300636
"rs11860372",-0.00665604835376143
"rs7193024",-0.0770506784319878
"rs7198057",-0.0752446353435516
"rs13332892",-0.0770463645458221
"rs11865800",-0.00693380320444703
"rs4550471",-0.0058391191996634
"rs4889549",-0.0768843665719032
"rs8046892",-0.0106849651783705
"rs8051354",-0.0106863668188453
"rs116986608",0.0434737615287304
"rs56334543",-0.0106917452067137
"rs72792516",0.103260576725006
"rs4598925",-0.0769050344824791
"rs76595152",-0.010894606821239
"rs74817962",0.0198292713612318
"rs117962112",0.0417051687836647
"rs13334492",-0.0665298402309418
"rs7186284",-0.0769385695457458
"rs8050436",-0.0110492566600442
"rs28380321",-0.00648155063390732
"rs8051515",-0.0107229789718986
"rs142314223",0.0441300831735134
"rs79032730",-0.0107187079265714
"rs75735802",-0.0107229724526405
"rs74430799",-0.0107244066894054
"rs13331546",-0.00599477160722017
"rs111306705",0.0314982272684574
"rs12925010",-0.134610071778297
"rs9927374",-0.0765808299183846
"rs62055061",0.0147625505924225
"rs150819567",-0.0107394494116306
"rs59515132",-0.0107440445572138
"rs111557026",-0.0570577830076218
"rs9888798",-0.0669116228818893
"rs7195494",-0.0669127255678177
"rs7195516",-0.0127713894471526
"rs115112707",-0.0107558891177177
"rs147258092",-0.0167229287326336
"rs28855078",0.0101516870781779
"rs8055217",-0.0769125372171402
"rs7201925",-0.0127724967896938
"rs112631132",-0.0289674010127783
"rs189220352",-0.072536900639534
"rs73524323",-0.038374163210392
"rs75513728",-0.036924846470356
"rs73524325",-0.0369125977158546
"rs4402585",-0.0366023555397987
"rs7206770",-0.0400618240237236
"rs7195795",-0.0365813001990318
"rs9673336",-0.0117913903668523
"rs11865325",-0.0403930135071278
"rs78915272",-0.0290707126259804
"rs34640385",-0.0121598411351442
"rs186471249",0.0176012348383665
"rs35224985",-0.0117729222401977
"rs12149755",-0.023887513205409
"rs12149872",-0.023657564073801
"rs35832762",0.0150733087211847
"rs9922318",-0.0318892672657967
"rs9922321",-0.0387931168079376
"rs8051607",-0.0322017632424831
"rs28772899",-0.0295662041753531
"rs139345226",0.0410094000399113
"rs9930612",-0.0444009676575661
"rs7190391",-0.0318696983158588
"rs62052393",0.0225906614214182
"rs150488054",0.0130466977134347
"rs13330180",-0.0319611988961697
"rs117908982",0.0188995059579611
"rs142082249",-0.0165356323122978
"rs199867145",-0.0216173846274614
"16:31645558_G_A",0.0329097211360931
"rs150190961",-0.0318980105221272
"rs112401090",-0.0163024198263884
"rs4889550",-0.032337848097086
"rs7184552",-0.0297948773950338
"rs73524337",-0.0161407757550478
"rs140528580",0.0408700704574585
"rs7206482",-0.0323925204575062
"rs79846512",-0.0166634079068899
"rs4458012",-0.0323487296700478
"rs75236961",-0.0163326468318701
"rs60083798",-0.0168531220406294
"rs9927367",-0.0184312425553799
"rs10153235",-0.0476061217486858
"rs78540869",-0.0165758915245533
"rs79965756",-0.0167326107621193
"rs75761989",-0.0205642078071833
"rs9931752",-0.0182440746575594
"rs7202907",-0.0254851765930653
"rs7185164",0.0196988992393017
"rs11867139",-0.0691644102334976
"rs62052396",0.009732561185956
"rs4889677",-0.00508191715925932
"rs192121112",0.0189893133938313
"rs4889678",-0.0159086529165506
"rs74249997",-0.0667955130338669
"rs193208320",0.04535948112607
"rs116430407",-0.0667337849736214
"rs4453509",-0.0156779829412699
"rs4488457",0.00922404136508703
"rs7205195",0.00927971210330725
"rs11866987",-0.0671647787094116
"rs1534506",0.00892135594040155
"rs1534507",-0.0163506306707859
"rs7188166",0.0088462233543396
"rs62052398",0.00897893961519003
"rs140718442",0.0223939344286919
"rs7196944",0.00895102974027395
"rs9939312",-0.0159865971654654
"rs56247978",0.00654116459190845
"rs34148591",0.0108135836198926
"rs76741143",-0.067076101899147
"rs7204877",0.00889255572110415
"rs7186753",0.0109441624954343
"rs7186265",0.00788536760956049
"rs112841441",0.0136629370972514
"rs77762254",-0.0154092209413648
"rs58875361",-0.0670629069209099
"rs57133905",-0.067090630531311
"rs139681759",0.0026818341575563
"rs145096064",0.0477011725306511
"rs7189142",-0.0162860341370106
"rs7206828",0.00936733651906252
"rs6565263",-0.0161037035286427
"rs79519039",-0.00490871770307422
"rs72796569",0.0601332932710648
"rs140238224",0.0288915857672691
"rs116999857",0.0525644905865192
"rs2222755",-0.0161039661616087
"rs4889679",0.00985674001276493
"rs4889680",0.00985199213027954
"rs4499253",0.00982796493917704
"rs1852667",0.00985201820731163
"rs191502905",-0.0535484068095684
"rs8048027",0.0115110082551837
"rs1609289",0.00937898363918066
"rs2178179",-0.0161153748631477
"rs1852666",-0.0159214679151773
"rs141301066",0.00384453125298023
"rs1919040",-0.0160835795104504
"rs6565266",0.00939549133181572
"rs6565267",-0.0160985961556435
"rs11150632",0.0094003127887845
"rs1919039",0.00938257481902838
"rs56946315",-0.0668570548295975
"rs118025176",-0.0195012241601944
"rs72483446",-0.0668626800179482
"rs11643629",0.00936522241681814
"rs76026528",-0.0670138671994209
"rs7198980",0.00941156037151814
"rs1852664",-0.0161352306604385
"rs1609288",0.00943816360086203
"rs1590067",0.00941700767725706
"rs76329165",0.0174502748996019
"rs1590066",-0.0158632397651672
"rs71391223",-0.0982169657945633
"rs7187876",0.00941530801355839
"rs57136984",-0.0667968317866325
"rs1104550",0.00944494269788265
"rs1104549",0.00975029077380896
"rs77785370",0.017490902915597
"rs2222754",-0.0156075730919838
"rs118021967",-0.0678285732865334
"rs1358486",0.00947502814233303
"rs1358485",0.00947502814233303
"rs150592172",0.0287470426410437
"rs9921546",-0.0158251989632845
"rs2091521",0.00948116090148687
"rs1881318",0.0100200623273849
"rs12932938",0.0100371530279517
"rs8062424",-0.0152867278084159
"rs11644104",0.0286139976233244
"rs74398264",-0.0665591210126877
"rs76296690",-0.0668521672487259
"rs76873272",0.0207340344786644
"rs1528317",0.0100582335144281
"rs1881317",0.0100335767492652
"rs142987338",0.0106748472899199
"rs4889683",0.104920513927937
"rs1881316",-0.0153232524171472
"rs8060059",0.00999271869659424
"rs72796585",0.0932788774371147
"rs35017145",-0.10563700646162
"rs6565268",0.009978162124753
"rs9674389",-0.0662957578897476
"rs6565269",-0.0153299141675234
"rs6565270",0.00997327826917171
"rs6565271",0.00997053645551205
"rs35005939",0.0332886129617691
"rs112119905",0.0195506997406483
"rs1406177",-0.0152939492836595
"rs149630608",0.0196682494133711
"rs7192670",0.0116097666323185
"rs75812329",-0.105219289660454
"rs7198881",0.0116134006530046
"rs7204932",-0.0153108788654208
"rs7200938",-0.0153351118788123
"rs117111311",-0.00758163956925273
"rs7206101",-0.0153394369408488
"rs7200489",0.0116134593263268
"rs6565272",-0.0153321847319603
"rs2103294",-0.0153328059241176
"rs8063110",-0.0663310661911964
"rs147638798",0.00614266050979495
"rs2091523",0.0116164935752749
"rs189942649",-0.0113381026312709
"rs2091522",0.0120073361322284
"rs11867137",0.0116214547306299
"rs4538030",-0.0153321214020252
"rs35445454",-0.0622969195246696
"rs9936043",-0.0149403465911746
"rs9936047",-0.0153294252231717
"rs184170700",-0.0538867488503456
"rs11646132",0.0116191487759352
"rs191946152",0.0194858517497778
"rs57673782",-0.0663154572248459
"rs9831777",0.0113894445821643
"rs11866531",-0.0663469955325127
"rs76630273",-0.0663102939724922
"rs8053359",0.0116220694035292
"rs28427454",-0.0516267120838165
"rs76385583",-0.0990907475352287
"rs80354761",-0.0990795120596886
"rs12324951",-0.051034539937973
"rs115255648",0.033418171107769
"rs1528319",-0.0515582710504532
"rs4297693",0.0117151532322168
"rs4632148",0.0117147378623486
"rs12325485",0.0116975661367178
"rs12716999",-0.0514706261456013
"rs12717000",-0.0515184961259365
"rs2157970",-0.0515377148985863
"rs2106581",-0.0327830985188484
"rs2106580",0.0117458067834377
"rs118009866",0.0602667666971684
"rs11866699",-0.0990961641073227
"rs10871458",-0.0515214502811432
"rs11150638",-0.051489669829607
"rs1599855",0.010447321459651
"rs8062902",-0.0514158681035042
"rs8049323",-0.0443723946809769
"rs11150639",0.0118984505534172
"rs80332143",0.0170926190912724
"rs1919041",-0.0512931607663631
"rs1919042",-0.0513065233826637
"rs11866346",-0.099055327475071
"rs74321105",-0.0990469008684158
"rs1468159",0.0102832624688745
"rs1468158",0.0101591823622584
"rs9938037",-0.0511512830853462
"rs1406178",0.0102754756808281
"rs118085021",-0.00574927357956767
"rs9929892",-0.0511655211448669
"rs76790315",-0.0987453460693359
"rs17839515",-0.0990495160222054
"rs62054673",0.00887827668339014
"rs3751742",0.0101293800398707
"rs3751741",-0.0990480557084084
"rs2359455",-0.0511314533650875
"rs3751738",0.00999906286597252
"rs72798565",0.0932138711214066
"rs709402",0.0101298913359642
"rs2008774",0.0118568679317832
"rs17839518",-0.0989867746829987
"rs17839519",-0.0989899635314941
"rs2239969",-0.0988942012190819
"rs1045483",0.0119690392166376
"rs55732538",0.0166318044066429
"rs2884713",-0.0510962717235088
"rs117652788",-0.0730504989624023
"rs4889551",0.0724789351224899
"rs78197194",0.0150639647617936
"rs8054649",0.0124023454263806
"rs7197963",0.0104941176250577
"rs11642525",0.0120193716138601
"rs2141349",0.0120166130363941
"rs17519579",0.104742400348186
"rs1073513",0.0122350482270122
"rs9928006",-0.0489873513579369
"rs7359491",0.0121847167611122
"rs17839521",-0.0991946458816528
"rs17839522",-0.0989990457892418
"rs2106579",-0.0510060712695122
"rs2157969",0.012225697748363
"rs60382362",-0.0989993512630463
"rs117167152",0.0484118387103081
"rs6565275",-0.0509533099830151
"rs4889687",0.0119617395102978
"rs4889688",-0.0509431026875973
"rs1304163",0.0122525319457054
"rs6565277",0.0122508257627487
"rs56935657",-0.0989347398281097
"rs2214139",0.0122765609994531
"rs76242761",-0.0989375412464142
"rs74514472",-0.0989167541265488
"rs80080375",0.0224446021020412
"rs113220435",0.0150659456849098
"rs2097683",0.0120321102440357
"rs192725276",0.0404780134558678
"rs1156903",-0.0509400442242622
"rs72798575",0.0577714443206787
"rs929209",0.0120663959532976
"rs929208",-0.0511768870055676
"rs71391224",-0.0977364331483841
"rs11859426",-0.0972855016589165
"rs7187074",0.0105213774368167
"rs76432876",-0.0972678959369659
"rs7190730",-0.0511479713022709
"rs7192274",0.0105894040316343
"rs7198038",0.0105147073045373
"rs7191481",-0.049179270863533
"rs143019443",0.0279068537056446
"rs79173413",-0.0990207344293594
"rs11866828",-0.0990207940340042
"rs6565278",-0.0511438138782978
"rs7206536",-0.0491789430379868
"rs8052434",0.0118406750261784
"rs74187971",-0.0990207940340042
"rs57475804",-0.0990207940340042
"rs79749551",-0.0986673533916473
"rs4417563",-0.0990207940340042
"rs113923412",0.0115230036899447
"rs76876236",0.0201868191361427
"rs79663540",0.0112822921946645
"rs9935477",0.0118153300136328
"rs111432086",-0.0990237221121788
"rs151303705",-0.0990237221121788
"rs112477515",-0.0990237221121788
"rs4572414",0.0120321614667773
"rs140580848",0.0278982631862164
"rs8057733",-0.0990207344293594
"rs8048741",0.0118149733170867
"rs143982458",-0.013516953215003
"rs9921898",-0.051189262419939
"rs727349",-0.051176343113184
"rs2884666",-0.0990248546004295
"rs7197470",0.0119377132505178
"rs148055471",0.0422177277505398
"rs2359234",-0.0990207344293594
"rs2188619",-0.0493015982210636
"rs8046495",-0.0990209430456161
"rs74463511",-0.0990202128887177
"rs74814791",0.0127490181475878
"rs57283435",-0.0990202128887177
"rs146029197",0.0279406923800707
"rs17839526",-0.0990239754319191
"rs11861974",-0.0990242511034012
"rs17839502",-0.0725799053907394
"rs144456453",0.0150467054918408
"rs6565280",-0.0512985661625862
"rs59413238",-0.0990325286984444
"rs7192946",-0.0990240722894669
"rs7187594",-0.099024660885334
"rs117653827",0.0491531826555729
"rs12921028",0.012084785848856
"rs11862739",-0.0990080758929253
"rs17535906",-0.0990039557218552
"rs192992586",-0.0994627401232719
"rs11862133",-0.0990249589085579
"rs113185847",0.0213335771113634
"rs144383710",-0.0795810297131538
"rs148805866",-0.0794123709201813
"rs146793376",-0.00592851778492332
"rs183333173",-0.0671033933758736
"rs4889689",-0.0493256486952305
"rs6565282",-0.0512952394783497
"rs60286885",-0.0990247055888176
"rs4620975",-0.049323383718729
"rs76848415",-0.0990247055888176
"rs9936002",-0.0512979924678802
"rs80049776",-0.0990088656544685
"rs916753",-0.0513529740273952
"rs7498390",0.0103505849838257
"rs117746388",0.0165101774036884
"rs2078924",-0.0494303554296494
"rs116870295",-0.0130508402362466
"rs139739157",0.0637044459581375
"rs113675335",-0.0955024883151054
"rs11646624",0.0718186870217323
"rs72798596",0.0585081875324249
"rs77346247",-0.0990512892603874
"rs78325879",-0.0990553349256516
"rs113138456",-0.0614446625113487
"rs115166399",-0.0990573167800903
"rs8062014",-0.0990588814020157
"rs2359231",0.0119821187108755
"rs145825969",0.0342799536883831
"rs138469373",-0.0990603938698769
"rs8043927",0.0117720533162355
"rs9926040",-0.0302922632545233
"rs34632985",0.0118151754140854
"rs11865512",-0.099100261926651
"rs118136375",0.0477127805352211
"rs35886212",0.0117730982601643
"rs77543780",-0.0650980398058891
"rs77781754",-0.0106560746207833
"rs117367418",-0.00887797772884369
"rs8054672",-0.0990629196166992
"rs117922901",-0.0710709169507027
"rs2359228",0.0117743127048016
"rs2359226",-0.05158731341362
"rs9930700",-0.0515981465578079
"rs72798600",-0.00184340914711356
"rs9938671",-0.0516021326184273
"rs147029498",-0.0990681350231171
"rs75790771",-0.0991708114743233
"rs117990547",-0.00495471619069576
"rs75525976",-0.071245402097702
"rs2359223",0.0117913978174329
"rs76308084",-0.0993298515677452
"rs9939255",0.0117565402761102
"rs2359222",-0.0516975708305836
"rs11864739",-0.0993314832448959
"rs9928595",0.0117506170645356
"rs60195538",-0.0964017063379288
"rs35248417",-0.0965650007128716
"rs8053712",-0.0516809523105621
"rs76418328",-0.0077526830136776
"rs17839527",-0.071234866976738
"rs62054713",-0.00763292796909809
"rs1034614",-0.099332295358181
"rs6565284",0.0117432856932282
"rs118162836",-0.0959719717502594
"rs61548031",-0.0993262305855751
"rs143714268",0.0276449080556631
"rs79075222",0.0166087504476309
"rs77579441",-0.0710537433624268
"rs7188748",0.0117525458335876
"rs7190301",-0.0516979768872261
"rs114699674",-0.0712151378393173
"rs3937426",0.011755864135921
"rs2078923",0.0117602199316025
"rs79440613",-0.0993411540985107
"rs145425443",0.0277892351150513
"rs9929259",0.0117572313174605
"rs2359220",0.0118434857577085
"rs7193169",-0.100295662879944
"rs12444036",0.040053766220808
"rs2359219",-0.0495952516794205
"rs7188627",-0.0515511147677898
"rs6565285",-0.04960972443223
"rs6565286",-0.0444622673094273
"rs11864893",-0.0996347665786743
"rs11864895",-0.0995902344584465
"rs6565287",-0.0515313558280468
"rs7194865",-0.0993783622980118
"rs7195523",-0.0995373576879501
"rs7199943",-0.0996938049793243
"rs7200637",-0.100108422338963
"rs117179093",-0.0734417513012886
"rs8060086",-0.0515328086912632
"rs55794034",-0.0495774708688259
"rs17839531",-0.0995670557022095
"rs143641666",-0.0733845308423042
"rs60095522",-0.0995794683694839
"rs61178566",-0.0995664075016975
"rs10445106",0.0119650969281793
"rs7198284",-0.0995457693934441
"rs118031378",-0.0136465849354863
"rs4889693",-0.0512760393321514
"rs56377311",0.016697010025382
"rs4889554",0.0197941791266203
"rs4889555",-0.0447235368192196
"rs9922350",-0.0443691574037075
"rs11640446",-0.0443756319582462
"rs11640526",-0.0443629398941994
"rs4889694",-0.0323739610612392
"rs118147953",0.104852490127087
"rs3751737",-0.044356357306242
"rs1034613",-0.0323158726096153
"rs12386038",0.0200074631720781
"rs76067043",0.0183863881975412
"rs184654334",-0.0364977158606052
"rs8057703",-0.0444053448736668
"rs76261114",-0.0995902717113495
"rs57252788",-0.0995899215340614
"rs1232540",-0.0199082680046558
"rs1232539",-0.0198883805423975
"rs1232538",-0.019867917522788
"rs1236523",0.0547940470278263
"rs1237163",0.0550079047679901
"rs2261745",-0.0088154636323452
"rs144556771",-0.0948099568486214
"rs139236687",0.0370555035769939
"rs3850113",0.0088038258254528
"rs9929017",0.0535038523375988
"rs1235128",-0.00882483087480068
"rs139167210",-0.0687788724899292
"rs147953188",0.00910178758203983
"rs7192432",0.0597896054387093
"rs11150643",0.00880347564816475
"rs60759310",0.0228694584220648
"rs141504710",0.0020857835188508
"rs79998070",-0.0996597036719322
"rs2174892",0.00889698136597872
"rs8048000",-0.00883886683732271
"rs2102415",0.0549344979226589
"rs2102416",0.0545473843812943
"rs12931277",0.010191410779953
"rs140338940",-0.0996217802166939
"rs2359134",0.0138269094750285
"rs11646234",0.0515131056308746
"rs8051043",-0.0998907387256622
"rs74355480",0.0363284833729267
"rs12717004",-0.00942588970065117
"rs77094056",-0.0101879155263305
"rs35883155",0.0548230446875095
"rs117879026",-0.0672162473201752
"rs4349165",-0.0998545289039612
"rs74543373",0.00249126553535461
"rs7196252",-0.00938866287469864
"rs116943999",-0.0727927759289742
"rs9927103",-0.00941127073019743
"rs7198135",-0.00719784433022141
"rs147563045",0.0291654635220766
"rs4131152",0.0544105805456638
"rs4131151",0.054399136453867
"rs62054756",0.00867903884500265
"rs117402699",0.0165977329015732
"rs74744513",0.0148374568670988
"rs1995743",0.0542866215109825
"rs78538223",-0.0745694488286972
"rs12447780",0.0552310645580292
"rs59943641",-0.0976053401827812
"rs11150644",-0.00698839034885168
"rs78821328",0.00204636948183179
"rs4889562",0.0259104911237955
"rs2358779",0.0268613137304783
"rs2136013",0.0235135294497013
"rs10871460",0.0497721694409847
"rs76315127",-0.0319537483155727
"rs6565290",0.0494467318058014
"rs8058598",0.0488705039024353
"rs117462763",0.0478463508188725
"rs117482973",-0.0494983084499836
"rs2358778",0.0489320568740368
"rs12919368",0.050047256052494
"rs36108279",-0.0492569282650948
"rs76439430",0.0166154820472002
"rs189322148",-0.0508618168532848
"rs12924931",0.0496302843093872
"rs1828131",0.0499398335814476
"rs9929494",0.0498907342553139
"rs193114894",-0.0460287034511566
"rs11150645",0.0466270707547665
"rs6565291",0.0497768856585026
"rs4889563",0.0497652180492878
"rs7200162",0.0496983714401722
"rs35990365",0.0405846461653709
"rs74549920",-0.0489297397434711
"rs17709279",0.0332154855132103
"rs80110523",-0.0291900057345629
"rs62052280",0.00451614242047071
"rs11641727",0.0406944565474987
"rs79643948",-0.0425235331058502
"rs1506907",0.0548553727567196
"rs76378339",0.0326899215579033
"rs7203345",-0.0496654473245144
"rs11645176",0.0407892540097237
"rs4026654",0.0491951890289783
"rs112049439",-0.0508849285542965
"rs138759654",-0.00303784757852554
"rs17642065",0.0176452305167913
"rs192158211",-0.0688838064670563
"rs144413635",0.033175066113472
"rs4889565",0.0492957159876823
"rs77065823",0.0316985882818699
"rs3913871",0.0491562075912952
"rs8059500",0.0492091327905655
"rs76061785",0.0590968206524849
"rs3913870",0.0493164509534836
"rs4889567",0.0492076128721237
"rs117802978",-0.0291890446096659
"rs4026653",0.0492410734295845
"rs111465706",-0.000490110833197832
"rs4026652",0.0492475219070911
"rs4889517",0.0492472723126411
"rs3913868",0.0492411516606808
"rs3843960",0.0492433793842793
"rs12446802",0.0521176606416702
"rs72793034",0.0190438125282526
"rs4889518",0.0499879457056522
"rs3861268",0.0492379367351532
"rs72793037",0.0367840901017189
"rs9928704",0.0492359772324562
"rs3861270",0.0492074117064476
"rs79957832",-0.00916275661438704
"rs7185691",0.0492323711514473
"rs62052281",0.0137454327195883
"rs117098875",0.0327496081590652
"rs8056158",0.0492008365690708
"rs62052286",0.0165473390370607
"rs77410910",0.0492004603147507
"rs11150648",0.0493169315159321
"rs62052288",0.0132115054875612
"rs138421978",-0.0488650873303413
"rs8060276",0.0491379909217358
"rs8048908",0.0491674281656742
"rs4889568",0.0491332113742828
"rs9788838",0.0491301119327545
"rs4889569",0.0491332113742828
"rs1827959",0.0492493472993374
"rs148590777",-0.0488037578761578
"rs72793043",0.0522882454097271
"rs7205034",0.0492095798254013
"rs77154539",-0.0388413555920124
"rs117668484",0.0462375618517399
"rs3850114",0.0487713776528835
"rs118056264",0.0465483963489532
"rs7197804",0.0489613190293312
"rs8056358",0.0462733693420887
"rs3843961",0.0492061413824558
"rs12935615",0.0406975597143173
"rs142145846",0.0250733308494091
"rs540725240",-0.0473965853452682
"rs145539351",0.0514557585120201
"rs55668146",0.0805049911141396
"rs117155705",-0.0562144406139851
"rs9921760",-0.0404171943664551
"rs9921760",0.047322578728199
"rs11150650",0.0472255311906338
"rs148139044",0.0165563318878412
"rs11150651",0.0478717237710953
"rs4889520",0.0478530190885067
"rs4889572",0.0525064244866371
"rs72793046",0.0527348034083843
"rs12444740",0.0479591861367226
"rs12599066",0.0478834249079227
"rs142950763",0.022002786397934
"rs1857943",0.047847542911768
"rs144107175",-0.0478261262178421
"rs73528209",-0.0379884205758572
"rs9928574",0.0478820987045765
"rs139306489",-0.0478396266698837
"rs11150652",0.0478432327508926
"rs1506901",0.0478138290345669
"rs7203203",0.0478124842047691
"rs74545839",0.0333556532859802
"rs10782006",0.0478824600577354
"rs7499540",0.0478536039590836
"rs1395525",0.0479364208877087
"rs1827958",0.0478541254997253
"rs76308553",0.0108934985473752
"rs7500616",0.0479338765144348
"rs117051668",0.0378620326519012
"rs8059036",0.0478547774255276
"rs8064209",0.0478521473705769
"rs114835359",0.0466245748102665
"rs139210995",-0.0478396899998188
"rs111813494",0.0478660091757774
"rs1966282",0.0478582233190536
"rs146327693",-0.0479323081672192
"rs9941272",0.0105930427089334
"rs9924259",0.0098835676908493
"rs147210350",-0.0533564947545528
"rs117510609",-0.0554977357387543
"rs141299902",0.0458002611994743
"rs143207045",0.0473697520792484
"rs60893157",0.0329851247370243
"rs150981497",0.0100470567122102
"rs537197577",-0.011244423687458
"rs72483448",0.0406901389360428
"rs58280073",0.0424396023154259
"rs2432337",-0.00757818156853318
"rs28398325",0.00965660158544779
"rs11150656",-0.00786192342638969
"rs11150657",-0.00757438503205776
