"SNP","rs140722239"
"rs3914595",-0.0257420875132084
"rs3914596",-0.0257594827562571
"rs3914597",-0.0257528442889452
"rs12809206",-0.0257528442889452
"rs2388175",-0.0255966261029243
"rs2388174",-0.0256320890039206
"rs4254106",-0.0255501698702574
"rs79878662",-0.012449006550014
"rs3911798",-0.0255156978964806
"rs6580910",-0.0255501270294189
"rs12317824",-0.0351854525506496
"rs142796726",-0.00707731442525983
"rs12814925",-0.0256171319633722
"rs11610886",-0.0254545602947474
"rs11613788",-0.0254545602947474
"rs11611321",-0.0254527777433395
"rs11613808",-0.0257387682795525
"rs76965089",-0.0161667596548796
"rs61937565",-0.0206580553203821
"rs12821661",-0.0254520457237959
"rs12823130",-0.0254538431763649
"rs12823364",-0.0254538431763649
"rs12823586",-0.0254538431763649
"rs12810822",-0.0254456233233213
"rs12828866",-0.0254458803683519
"rs12827823",-0.0254453867673874
"rs12811619",-0.025445556268096
"rs12828001",-0.025445556268096
"rs12812262",-0.0254456233233213
"rs2218761",-0.0254456233233213
"rs988865",0.0567036792635918
"rs1356264",-0.0337265245616436
"rs11615096",-0.0176326427608728
"rs7976609",-0.0254555735737085
"rs7977228",-0.0254471804946661
"rs4142847",-0.0337188579142094
"rs11835292",-0.0161667559295893
"rs4142846",-0.0278661902993917
"rs11615718",-0.0254475679248571
"rs116893557",-0.025948466733098
"rs1349257",-0.0255197063088417
"rs2218762",-0.0254486817866564
"rs7970850",-0.0254801902920008
"rs61937587",-0.028518445789814
"rs60914204",-0.0110559603199363
"rs112128785",-0.0070866895839572
"rs12816546",-0.0254491530358791
"rs151081977",-0.00703497044742107
"rs2060618",-0.0277217850089073
"rs117451270",-0.00641951523721218
"rs1400284",-0.0254562441259623
"rs12427307",-0.0160099789500237
"rs112066798",-0.0181649159640074
"rs12828790",-0.0254123695194721
"rs17546137",-0.0257205870002508
"rs12831116",-0.0257506854832172
"rs150323131",-0.00251388782635331
"rs2197940",-0.0254563428461552
"rs2388180",-0.0110209630802274
"rs2197941",-0.0254563428461552
"rs4768526",-0.0257207099348307
"rs1588970",-0.0254553854465485
"rs1356266",-0.0336734987795353
"rs1356265",-0.0258710086345673
"rs12809435",-0.0254569817334414
"rs12827197",-0.0254554003477097
"rs10506132",-0.0256805475801229
"rs7131749",-0.0337086208164692
"rs137944358",-0.00706330640241504
"rs1562728",-0.0254536401480436
"rs1562729",-0.0254573300480843
"rs17546375",-0.0253335889428854
"rs139983529",-0.00709109753370285
"rs113973453",-0.00687458645552397
"rs11609150",-0.0256755482405424
"rs11615584",-0.0256057158112526
"rs11615585",-0.0253474283963442
"rs11615603",-0.0253317691385746
"rs1375796",-0.0255796276032925
"rs7135104",-0.0277890469878912
"rs143269850",-0.00672219134867191
"rs12827136",-0.0267975945025682
"rs11609838",-0.0262630749493837
"rs12303128",0.0155745651572943
"rs61937590",-0.0481781251728535
"rs12425230",-0.0182096436619759
"rs117303415",-0.0182615648955107
"rs12817133",-0.0533073283731937
"rs35046524",-0.0268627014011145
"rs35089392",-0.026862533763051
"rs12370168",-0.0549341626465321
"rs143976952",-0.00945232808589935
"rs1597387",-0.0534399151802063
"rs12370634",-0.0534629300236702
"rs12372128",-0.053460419178009
"rs71449711",-0.0323738530278206
"rs11513968",-0.0314522758126259
"rs11514133",-0.0535139665007591
"rs11513969",-0.0534544475376606
"rs4768531",-0.0275158043950796
"rs4768051",-0.0243841987103224
"rs59030871",-0.0243870671838522
"rs78006659",-0.0181699339300394
"rs2044751",0.0101132448762655
"rs112038476",-0.00714784627780318
"rs60317257",-0.0152657181024551
"rs181471602",-0.00685212947428226
"rs4309192",-0.0537686087191105
"rs12820127",-0.0537604987621307
"rs34794028",-0.053768914192915
"rs12308157",-0.0792239680886269
"rs74490579",-0.0180097874253988
"rs10876410",-0.0552433580160141
"rs10876411",-0.0553003959357738
"rs10506133",-0.0538162551820278
"rs10506134",-0.0538166426122189
"rs1375795",-0.0537988319993019
"rs12818844",-0.0273563377559185
"rs11170431",-0.0538659505546093
"rs11170433",-0.0539717711508274
"rs11170435",-0.0318742170929909
"rs113967051",-0.0182364489883184
"rs1449840",-0.0242755301296711
"rs144590803",-0.00714285857975483
"rs34204378",-0.0273994710296392
"rs11170449",-0.0321799293160439
"rs1463211",-0.0541161522269249
"rs1463210",-0.0544128194451332
"rs11610110",-0.0544400438666344
"rs11611705",-0.0274482648819685
"rs12427023",-0.0240311622619629
"rs67138021",0.0908873975276947
"rs7980487",-0.0299443658441305
"rs7970834",-0.0533338040113449
"rs111452282",0.469356447458267
"rs11170455",-0.0307073332369328
"rs11608309",-0.0285579524934292
"rs10876418",-0.0309263989329338
"rs17546589",0.087276391685009
"rs12817479",-0.0298313312232494
"rs34894002",-0.0188317913562059
"rs61937601",-0.030930707231164
"rs17126843",-0.0184412822127342
"rs61937603",-0.0309951975941658
"rs11170468",-0.0310266818851233
"rs7961261",-0.0185227058827877
"rs2388317",-0.0666038915514946
"rs12813611",-0.0298084523528814
"rs7304000",-0.038110513240099
"rs7304007",-0.0186044909060001
"rs1449848",0.0124778999015689
"rs11609175",-0.029834097251296
"rs17126850",-0.0187811926007271
"rs7972883",-0.0381349474191666
"rs7972884",-0.038067314773798
"rs4768548",-0.0298700239509344
"rs11170489",-0.0307663735002279
"rs9652005",-0.0382496006786823
"rs73085468",-0.00659252936020494
"rs10747659",-0.0382534563541412
"rs10735849",-0.0666051208972931
"rs1375797",-0.0382078811526299
"rs11608344",-0.0298807192593813
"rs11608360",-0.0301066357642412
"rs11612292",-0.0286670532077551
"rs11170493",-0.0307049937546253
"rs12298194",-0.0174406766891479
"rs12815753",-0.029868895187974
"rs11608857",-0.0298667829483747
"rs1470660",-0.0666364282369614
"rs147394961",-0.00750734284520149
"rs10506135",-0.0298679489642382
"rs73085478",-0.0172139834612608
"rs73085481",-0.017173795029521
"rs143820993",-0.00320717552676797
"rs11170498",-0.0185716673731804
"rs12825680",-0.0298828482627869
"rs12833449",-0.0298672951757908
"rs11170499",-0.0855868682265282
"rs12832715",-0.0298831444233656
"rs148022862",-0.0131235625594854
"rs12297607",-0.0185899641364813
"rs11611172",-0.029884273186326
"rs11608697",-0.0298961494117975
"rs10783565",-0.0665406137704849
"rs10747664",-0.0664820224046707
"rs112571194",0.469149440526962
"rs138409346",-0.0143247777596116
"rs34836816",-0.0295391269028187
"rs2388318",-0.0295645277947187
"rs34911962",-0.0295593068003654
"rs11170504",-0.0307243913412094
"rs10876429",-0.0181493032723665
"rs12809957",-0.0295581426471472
"rs12810545",-0.0295725222676992
"rs12827288",-0.0295317340642214
"rs113920505",0.470180660486221
"rs77315756",-0.0185470432043076
"rs149082182",-0.00722953118383884
"rs117554039",-0.0171123631298542
"rs11613411",-0.0294584948569536
"rs12817946",-0.0299048013985157
"rs7971416",-0.0299740582704544
"rs7972629",-0.0298340767621994
"rs7974930",-0.0670693963766098
"rs147467606",-0.0134850824251771
"rs11611490",-0.0288646966218948
"rs10747671",0.0224509090185165
"rs12823071",-0.0297389291226864
"rs1562727",-0.0298105385154486
"rs55652415",-0.0269959531724453
"rs1463212",-0.0294093638658524
"rs148693942",-0.0115934945642948
"rs11170521",0.0741910338401794
"rs11170522",-0.0266765430569649
"rs11170524",-0.0294063780456781
"rs17547077",-0.0143760964274406
"rs11170526",0.06590785831213
"rs34529174",-0.0294170118868351
"rs11170527",0.066165879368782
"rs1947234",0.0656618103384972
"rs12230119",-0.0294557400047779
"rs149601444",-0.0045984904281795
"rs113124239",-0.0209514275193214
"rs11170554",-0.0294604618102312
"rs10876456",0.0664335936307907
"rs10876457",0.0749650672078133
"rs10783579",0.0338876992464066
"rs1349254",0.0338959470391273
"rs1868567",0.0338389575481415
"rs140278620",-0.00751275196671486
"rs113153855",0.482462137937546
"rs7139140",0.00812528934329748
"rs12306014",0.00133256241679192
"rs11170568",0.0749269425868988
"rs11170572",-0.0342391580343246
"rs1900991",-0.0299948137253523
"rs188250402",-0.00769002456218004
"rs12809854",-0.0295756813138723
"rs61937643",0.0744762793183327
"rs149260173",-0.0154596902430058
"rs7315607",-0.0296150706708431
"rs1562725",0.0338257066905499
"rs1562726",0.0338227786123753
"rs1449846",0.0663741677999496
"rs1449847",0.0664019212126732
"rs112149857",-0.00347356591373682
"rs10506136",0.0338231474161148
"rs73089498",0.066239058971405
"rs118049674",-0.00432968186214566
"rs17126916",-0.00348123721778393
"rs146148564",-0.00682729808613658
"rs138927695",-0.00714782252907753
"rs1868568",0.0348836034536362
"rs73089500",-0.0184448659420013
"rs2388173",-0.0290541984140873
"rs12366409",0.0665830373764038
"rs117882671",-0.00639462703838944
"rs1349255",0.0355278588831425
"rs17126927",-0.0035886368714273
"rs1349256",-0.028096716850996
"rs10783590",0.035532720386982
"rs11170622",0.0751723572611809
"rs11170625",0.0668668821454048
"rs11170628",-0.028024448081851
"rs7301034",-0.0276785269379616
"rs11170637",0.0671953335404396
"rs181111610",-0.0165028274059296
"rs11170641",-0.0280255135148764
"rs12227216",-0.0295789707452059
"rs12822203",-0.0297324452549219
"rs56377844",-0.0136752035468817
"rs12817579",-0.0291214529424906
"rs11170656",0.0767714008688927
"rs4768552",-0.0299890004098415
"rs4768553",0.0356414690613747
"rs11170667",0.0681163594126701
"rs4768554",0.0356433987617493
"rs12826889",-0.028412688523531
"rs61937656",0.0753906294703484
"rs12425078",-0.00342076132073998
"rs78838431",-0.00349251413717866
"rs12809917",-0.018034677952528
"rs7302407",0.0754826292395592
"rs55967573",0.0755957216024399
"rs145024208",-0.0075240358710289
"rs7136587",0.0755917653441429
"rs7314762",0.0359208881855011
"rs7300430",-0.0282901953905821
"rs73091631",-0.023198215290904
"rs2167110",0.0359449461102486
"rs113378402",-0.00358047103509307
"rs10876499",0.0359341874718666
"rs11170691",0.0755895525217056
"rs111388740",-0.00358151365071535
"rs76358805",-0.0132962493225932
"rs112416292",-0.00358267920091748
"rs7960405",0.035905584692955
"rs11561416",-0.0282949693500996
"rs7298558",-0.00354614574462175
"rs11495463",0.0757313445210457
"rs7313807",-0.00354711432009935
"rs4768565",0.00724966404959559
"rs10783603",0.0364977642893791
"rs10783604",0.0359313264489174
"rs150161179",-0.0090643772855401
"rs1839403",0.00791205558925867
"rs2084564",0.0138876456767321
"rs112034524",-0.0186488050967455
"rs2060612",0.0160929504781961
"rs76985506",-0.00255674961954355
"rs871914",0.0664191097021103
"rs871915",-0.00306132575497031
"rs7314751",0.035841666162014
"rs142888714",-0.0122113134711981
"rs7957949",0.0359267145395279
"rs11170764",-0.0283141508698463
"rs61939166",-0.0119108539074659
"rs4768568",0.035788856446743
"rs79347805",-0.00310997478663921
"rs117550926",0.0676458850502968
"rs74703919",-0.00313258310779929
"rs79654425",-0.00311249447986484
"rs111454877",-0.000408825930207968
"rs117313693",-0.0146774481981993
"rs10876523",0.0359683036804199
"rs74454666",-0.00305525632575154
"rs7955590",-0.00309525290504098
"rs111776631",0.491327971220016
"rs7131887",0.0739420726895332
"rs149721137",-0.00618080655112863
"rs7970655",-0.0283436253666878
"rs2060614",0.0319702364504337
"rs75959240",-0.0106231505051255
"rs7313545",0.073867991566658
"rs11170782",0.073919489979744
"rs718150",0.0358214415609837
"rs112455497",-0.0232602711766958
"rs1839405",-0.0094967195764184
"rs12311283",-0.00954416114836931
"rs115880772",-0.00653797574341297
"rs75214057",-0.0107373613864183
"rs10783619",0.0310952309519053
"rs1463209",0.0351570770144463
"rs77164518",-0.00116912228986621
"rs7959675",0.0350098684430122
"rs1449843",-0.00774746714159846
"rs17126934",-0.00959869753569365
"rs12426699",-0.00959901418536901
"rs1449844",0.0349326841533184
"rs11170818",-0.0286276396363974
"rs10783624",0.0286435801535845
"rs11170823",0.0730790868401527
"rs80266305",-0.0107853766530752
"rs117699532",-0.00771872466430068
"rs12231816",-0.0079903956502676
"rs11613448",-0.0284875947982073
"rs146577532",0.0324390754103661
"rs78442523",-0.0107885701581836
"rs138069509",-0.0140757998451591
"rs61939205",0.0732892975211143
"rs1449845",0.0313240177929401
"rs12425758",-0.0108067831024528
"rs142747121",-0.0120280748233199
"rs10876541",-0.0267274007201195
"rs7966511",0.0310524851083755
"rs7970656",0.0310969557613134
"rs7955380",-0.0281491335481405
"rs12231119",-0.0284759402275085
"rs111674356",-0.0109697096049786
"rs118133298",-0.00225656433030963
"rs11170846",-0.000951126217842102
"rs74421197",-0.00984471291303635
"rs2218759",0.0315992757678032
"rs77207660",-0.0109753776341677
"rs112624732",-0.00886104442179203
"rs117374917",-0.0183648560196161
"rs11170855",0.0731878057122231
"rs11170856",-0.0278806686401367
"rs117413904",-0.0110268155112863
"rs75038792",-0.010983370244503
"rs10876547",-0.0278523303568363
"rs4768586",-0.0278616510331631
"rs7965809",-0.028827590867877
"rs139002243",-0.0229192264378071
"rs10876548",0.0771475806832314
"rs11170858",-0.0238245818763971
"rs11170859",-0.0201074276119471
"rs12368311",0.0640529319643974
"rs61939206",-0.0110649326816201
"rs149941346",-0.0161062460392714
"rs4768587",0.0301905926316977
"rs4500524",-0.0110380882397294
"rs7302680",0.00184806203469634
"rs56236112",-0.0110874399542809
"rs11170862",-0.0110627403482795
"rs10219626",0.030217943713069
"rs11170864",0.0641447827219963
"rs12422434",-0.0343211032450199
"rs12229016",-0.0110723562538624
"rs61939208",-0.0110702011734247
"rs11170870",0.0638796389102936
"rs10876551",0.0642477795481682
"rs11170872",-0.0110616460442543
"rs117132536",-0.0179818905889988
"rs4768592",0.0522509664297104
"rs10876553",-0.0110632497817278
"rs10876554",-0.01106365211308
"rs10876555",0.00231272215023637
"rs4133380",0.0522679649293423
"rs112344925",-0.0144647909328341
"rs11170879",0.0638524368405342
"rs55775838",-0.0088556008413434
"rs71449717",-0.0180410519242287
"rs113047269",0.505498230457306
"rs73097963",0.0638172999024391
"rs61939209",0.0637866854667664
"rs11170885",-0.0343901850283146
"rs144031436",-0.00558420969173312
"rs61285726",0.002433265093714
"rs7314913",0.0522372797131538
"rs7312021",0.0636902377009392
"rs11170888",-0.0110583240166306
"rs11170890",-0.0343718566000462
"rs4403834",-0.0168723911046982
"rs73097972",-0.0182713586837053
"rs117682470",-0.0356965772807598
"rs117125711",-0.00602871179580688
"rs73097973",-0.00651815393939614
"rs4132001",0.0477976910769939
"rs149163030",-0.0181528870016336
"rs7487535",-0.0308140181005001
"rs12371720",-0.037982665002346
"rs9645817",-0.0381760857999325
"rs78422744",-0.021239222958684
"rs11170907",-0.0381625257432461
"rs145743689",-0.0172590427100658
"rs7299435",-0.0381621122360229
"rs73097977",0.224367722868919
"rs143145355",-0.0102024367079139
"rs10876560",-0.0381747893989086
"rs4768086",0.0771777704358101
"rs117340743",-0.00321003748103976
"rs4332557",-0.0290171466767788
"rs11834888",0.224343463778496
"rs117096760",-0.0089956559240818
"rs10876562",0.0478670969605446
"rs10876563",-0.0267577115446329
"rs73097983",0.224338948726654
"rs12371377",-0.0382772944867611
"rs11170953",-0.028987655416131
"rs11170955",-0.0382778719067574
"rs11170957",-0.0290270932018757
"rs11170959",-0.038279190659523
"rs61626704",-0.0204139929264784
"rs7966147",0.22435100376606
"rs7969892",0.224414303898811
"rs7959918",0.224414467811584
"rs7975300",0.222940236330032
"rs7960789",-0.0382874831557274
"rs7978480",0.0478875078260899
"rs7953145",-0.038286279886961
"rs73084854",0.224102929234505
"rs4445677",0.0478968359529972
"rs12424223",-0.0383734069764614
"rs12424228",-0.0383734069764614
"rs73084857",0.224681630730629
"rs7300022",0.0307844653725624
"rs11170975",-0.0291237495839596
"rs73084863",0.224289640784264
"rs4768608",0.0478980354964733
"rs12366418",-0.0383655726909637
"rs7308546",-0.0266874618828297
"rs7970301",-0.0383847206830978
"rs56267238",-0.00671583320945501
"rs7973380",-0.00897868908941746
"rs73084866",0.224536031484604
"rs112628072",0.520397126674652
"rs17483228",-0.0150521518662572
"rs4332558",-0.0383387766778469
"rs6580985",0.225332662463188
"rs4448725",-0.0384044572710991
"rs4448726",0.0479331538081169
"rs4128578",-0.0266871228814125
"rs117189052",-0.0183522365987301
"rs4453274",-0.0385333336889744
"rs4475958",0.0307635553181171
"rs11170999",-0.0384666994214058
"rs7314112",0.226799786090851
"rs73084872",0.225436240434647
"rs139881695",-0.00895518064498901
"rs73084875",0.224804505705833
"rs73084878",0.224802747368813
"rs149626482",-0.0089268758893013
"rs11171017",-0.0380964726209641
"rs4768624",-0.02666936814785
"rs4768625",0.0480100214481354
"rs11171024",0.0733309388160706
"rs141884235",-0.0174108240753412
"rs12578137",-0.0278902761638165
"rs4768626",0.0479317866265774
"rs56006011",-0.0456130802631378
"rs117711053",-0.0162238385528326
"rs12309471",0.0478646382689476
"rs4768628",0.0477931201457977
"rs12815941",-0.0183553043752909
"rs7310972",0.227075725793839
"rs7294625",0.227093800902367
"rs4633501",-0.0456169545650482
"rs58501673",-0.0288162231445312
"rs10876582",0.0969368889927864
"rs10876583",-0.045628447085619
"rs112276847",0.227146193385124
"rs11171037",-0.0454825311899185
"rs10783643",0.0475071333348751
"rs61939230",-0.0227934997528791
"rs73084891",0.226638972759247
"rs73084893",0.226638972759247
"rs142739386",-0.00290495110675693
"rs61939231",-0.0225394181907177
"rs76364304",0.225807413458824
"rs10876592",-0.01639449223876
"rs143681036",0.225841134786606
"rs10450787",0.0477107055485249
"rs10450774",0.0961903929710388
"rs144179756",-0.009037378244102
"rs7975587",-0.0111477617174387
"rs142227852",0.225924253463745
"rs11513974",-0.0366034209728241
"rs61939233",-0.0191526580601931
"rs150096134",0.000307164154946804
"rs139703209",-0.0140450038015842
"rs145268794",-0.0152492970228195
"rs148035111",-0.0197608415037394
"rs11514145",-0.0452844761312008
"rs12313633",-0.0163821764290333
"rs10876602",-0.016383558511734
"rs145832298",-0.0181040894240141
"rs190840231",-0.0213033687323332
"rs11534882",-0.0163996983319521
"rs61939234",-0.0144552635028958
"rs61939235",-0.0225860197097063
"rs4768648",-0.0139428758993745
"rs11520024",-0.0452747121453285
"rs150765194",0.000277647748589516
"rs76751841",-0.0452886894345284
"rs117895731",-0.0112607516348362
"rs7305010",0.0476977527141571
"rs75670298",-0.0288820993155241
"rs7316623",0.226162478327751
"rs7316743",0.0477024875581264
"rs7308753",0.22617544233799
"rs11171119",-0.0452773310244083
"rs61939236",-0.0453297682106495
"rs7956733",0.0962824150919914
"rs61939237",-0.0288884826004505
"rs4255576",-0.00701951514929533
"rs11171127",-0.0366301462054253
"rs10783681",0.0477345660328865
"rs12582550",-0.0164177417755127
"rs10876636",-0.0453154556453228
"rs11835526",0.225965917110443
"rs77609037",-0.0226021502166986
"rs7486293",-0.0288971439003944
"rs12425891",-0.0453181751072407
"rs10747724",0.0477364882826805
"rs7310235",0.22634981572628
"rs12313912",-0.00793917663395405
"rs6581010",0.0477823428809643
"rs10876642",-0.0368271842598915
"rs10876643",-0.0164277534931898
"rs7308533",0.226440295577049
"rs145871397",-0.0112826516851783
"rs182319183",-0.00971559714525938
"rs116868491",-0.00669290218502283
"rs12298504",0.0963862538337708
"rs4565943",-0.0453212782740593
"rs10876646",-0.0164253693073988
"rs117574718",-0.015249933116138
"rs11171159",-0.045320525765419
"rs66490247",0.22652368247509
"rs4768097",-0.016455652192235
"rs61939238",-0.0103102996945381
"rs7135206",0.047829058021307
"rs11171162",-0.0453233607113361
"rs7302379",0.0478348955512047
"rs138894375",-0.0152446897700429
"rs11171165",0.00207929033786058
"rs7304804",0.226595729589462
"rs11171167",-0.0164424907416105
"rs7306468",0.226623028516769
"rs7295005",0.226310446858406
"rs12423044",-0.045346237719059
"rs12427211",-0.0366805493831635
"rs10876660",0.0478387959301472
"rs61004162",0.228495121002197
"rs58216225",0.228391453623772
"rs150116369",-0.0454652681946754
"rs10876673",-0.0160103607922792
"rs141759957",-0.0176977124065161
"rs7316526",0.0477881617844105
"rs7316790",0.0479810386896133
"rs7134727",0.0479882881045341
"rs10876677",0.0524970442056656
"rs11171204",-0.0165449716150761
"rs10876680",-0.0155449109151959
"rs139194944",-0.0148161165416241
"rs7973610",-0.0167053937911987
"rs61937861",-0.0223937667906284
"rs11171214",-0.0421846136450768
"rs7313097",-0.022057231515646
"rs146749408",-0.0129303596913815
"rs10783708",0.0524279102683067
"rs61937862",-0.0423260852694511
"rs117776232",-0.00849105045199394
"rs11171223",-0.0424424074590206
"rs10876693",-0.0424524359405041
"rs56766668",0.229199141263962
"rs7972645",0.0521251484751701
"rs10876694",-0.0164759382605553
"rs66969251",0.22918838262558
"rs12369856",-0.0422439612448215
"rs12370991",-0.0328216142952442
"rs113471319",0.0742835775017738
"rs4267107",0.0427898801863194
"rs78350191",-0.0338084250688553
"rs7135625",0.0425862185657024
"rs11171240",-0.0280846711248159
"rs10876697",-0.0160835515707731
"rs11171249",-0.0422826744616032
"rs4519132",-0.0422924421727657
"rs10876699",-0.0164393037557602
"rs67256505",0.229269549250603
"rs117915737",-0.0163495447486639
"rs4403835",-0.0164891760796309
"rs7350605",-0.0422655791044235
"rs4768669",0.0521146990358829
"rs67004888",0.229284599423409
"rs66621244",0.229333162307739
"rs4259869",-0.0424903221428394
"rs11832983",0.229138374328613
"rs10876714",-0.0165176168084145
"rs112204065",0.55540668964386
"rs112754479",0.229610502719879
"rs7316355",0.0353581346571445
"rs147545849",-0.0128763495013118
"rs4376944",0.052262369543314
"rs55912909",0.230290815234184
"rs10783713",0.0567553080618382
"rs56864093",0.219177350401878
"rs11171321",-0.0449250228703022
"rs117755338",-0.0131248831748962
"rs10747736",-0.10017666220665
"rs10783716",0.0735752508044243
"rs10876723",-0.0144138773903251
"rs73086850",-0.0148725342005491
"rs12427219",-0.0291873645037413
"rs4238101",0.0804518759250641
"rs145829716",-0.0219469089061022
"rs74994573",-0.00519186723977327
"rs4506696",0.0766007900238037
"rs74933456",-0.0322272405028343
"rs11171371",-0.00194101920351386
"rs142122885",-0.00669732224196196
"rs117448072",-0.0051496597006917
"rs115704474",-0.00519675109535456
"rs10876728",0.0804177820682526
"rs76504904",-0.00540132028982043
"rs116883834",-0.0165991298854351
"rs116702323",-0.00519441720098257
"rs75888021",-0.0324950516223907
"rs11171390",-0.032550148665905
"rs17484234",0.102093763649464
"rs117331901",-0.0167281311005354
"rs112266680",-0.011503261514008
"rs7133358",0.10512387752533
"rs117008082",-0.0133518865332007
"rs145906146",-0.0163000356405973
"rs9804709",0.105063319206238
"rs12231036",-0.0325508043169975
"rs77492464",-0.00543288141489029
"rs56118370",-0.0292312242090702
"rs7980466",-0.0459901578724384
"rs143862167",-0.0291964914649725
"rs138971013",-0.0162279959768057
"rs73086853",-0.00851755682379007
"rs77366400",-0.00545089179649949
"rs116887621",-0.00818569678813219
"rs143279874",-0.00536159332841635
"rs61937864",-0.0165544934570789
"rs60987657",-0.0322010219097137
"rs11171428",-0.0327147729694843
"rs73086854",-0.0194860119372606
"rs79504473",-0.03276726603508
"rs116442220",-0.00543605396524072
"rs12423851",-0.0291548650711775
"rs147721784",0.00881524663418531
"rs7959990",-0.0460683330893517
"rs12230379",-0.0329562835395336
"rs61665861",-0.0462145134806633
"rs77391883",-0.0322795324027538
"rs117055277",-0.00649099750444293
"rs11171450",-0.0325637869536877
"rs10876770",-0.046004731208086
"rs78805427",-0.0152975004166365
"rs118191709",-0.0145697109401226
"rs10783739",0.0744281783699989
"rs11171458",-0.0325743928551674
"rs116722278",-0.00544419232755899
"rs183618026",-0.0110766589641571
"rs186231092",-0.0145923364907503
"rs7974084",-0.0318649783730507
"rs148548444",-0.0103275841102004
"rs112474112",-0.00519426073879004
"rs144301859",-0.0122952125966549
"rs148743092",-0.0106644742190838
"rs143633401",-0.0164886862039566
"rs77316262",-0.0164898354560137
"rs115776647",-0.00523683847859502
"rs77702855",-0.0291794966906309
"rs78028664",-0.0292070955038071
"rs11171543",-0.0326425395905972
"rs17126991",-0.0291841328144073
"rs952226",-0.0292795337736607
"rs78384552",-0.0268504526466131
"rs77865559",-0.0270017869770527
"rs11833985",-0.0411262139678001
"rs114065190",-0.00528869871050119
"rs4768117",-0.0176649317145348
"rs74691013",-0.0053167250007391
"rs11171554",-0.0270952470600605
"rs1000499",-0.0439806655049324
"rs17126997",-0.0280942879617214
"rs11171568",-0.0245805103331804
"rs1398541",0.0661657899618149
"rs73086855",0.108809098601341
"rs1512942",-0.039006944745779
"rs545198504",-0.0117543693631887
"rs117370925",-0.0167566556483507
"rs55756989",-0.0141222141683102
"rs141249474",-0.0135148800909519
"rs10876833",-0.0389600284397602
"rs11831635",-0.0280462540686131
"rs61937867",-0.0214072149246931
"rs11829679",-0.0277614537626505
"rs142324904",-0.0103268995881081
"rs59805376",-0.0248004645109177
"rs1955314",-0.0390807650983334
"rs76183275",-0.0279817804694176
"rs963637",-0.02216886729002
"rs7979329",-0.0393593870103359
"rs148920981",-0.0103294933214784
"rs1512943",-0.0283505488187075
"rs11171662",-0.0248855613172054
"rs7956823",-0.0280730072408915
"rs79205046",-0.0283314939588308
"rs182447459",-0.0183402299880981
"rs11171666",-0.0247760117053986
"rs112205873",-0.0231508184224367
"rs118178111",-0.00742794014513493
"rs117224744",-0.0250150635838509
"rs11171669",-0.0247699208557606
"rs4768736",-0.0195875279605389
"rs11171674",-0.039348416030407
"rs11171675",-0.0393515042960644
"rs11171676",-0.0393501408398151
"rs76904460",-0.0283530801534653
"rs143500990",-0.0182983297854662
"rs111242689",-0.0283617600798607
"rs57756176",-0.0393588356673717
"rs78314715",-0.0284119471907616
"rs11171682",-0.0247730053961277
"rs73086856",-0.0163989774882793
"rs2271478",-0.0212448481470346
"rs2271477",0.266671061515808
"rs61101304",-0.0247814673930407
"rs1013202",-0.0208991467952728
"rs76856320",-0.0287848431617022
"rs17127019",-0.0397767350077629
"rs2137495",-0.0288323983550072
"rs11171691",-0.0247761122882366
"rs117212705",-0.0221192725002766
"rs60792848",-0.0398457832634449
"rs7307730",-0.0289062336087227
"rs150937277",-0.014729468151927
"rs145397372",-0.0199896022677422
"rs4620763",-0.0290013290941715
"rs79721704",-0.024776628240943
"rs112103712",-0.0291663240641356
"rs113379113",-0.0291623696684837
"rs79367089",-0.0226467177271843
"rs61937869",-0.0206078644841909
"rs76094042",-0.0288128517568111
"rs11171720",-0.0397065281867981
"rs958914",-0.0405080914497375
"rs58891998",-0.0294426307082176
"rs61039034",-0.0295002982020378
"rs75223821",-0.0234346650540829
"rs11171730",-0.0396968834102154
"rs11171732",-0.0248071718961
"rs113332730",-0.0077750482596457
"rs10876868",-0.040001068264246
"rs113738408",-0.0287315808236599
"rs148761541",-0.0165250319987535
"rs17127029",-0.0287315007299185
"rs34790877",-0.0170683152973652
"rs147034489",-0.0103067737072706
"rs76927060",-0.0287339389324188
"rs138596952",-0.0180429145693779
"rs78478997",-0.0247864443808794
"rs73086862",-0.00832996610552073
"rs78731448",-0.0233598276972771
"rs56326136",-0.0247651431709528
"rs56154721",-0.0247433912009001
"rs117042053",-0.012493135407567
"rs10876876",-0.0399409644305706
"rs78344304",-0.00775425229221582
"rs12231735",-0.0247645378112793
"rs79683362",-0.022209269925952
"rs11171767",-0.0247475579380989
"rs80213290",-0.028720686212182
"rs17127036",-0.0247409734874964
"rs75136965",-0.0220335852354765
"rs35713291",-0.0166056584566832
"rs11171778",-0.0218730662018061
"rs7980595",-0.0287181288003922
"rs79089655",-0.0226677097380161
"rs11171786",-0.0247409753501415
"rs7964039",-0.0247605051845312
"rs7953548",-0.0397307798266411
"rs11171789",-0.0396910049021244
"rs79480597",-0.0287073086947203
"rs117539528",0.618450582027435
"rs79952693",-0.020804651081562
"rs11171794",-0.0247565302997828
"rs11171797",-0.0247359536588192
"rs117430743",-0.00145939318463206
"rs73086868",-0.0197374261915684
"rs7964447",-0.0436787270009518
"rs78090720",-0.0208937935531139
"rs7303100",-0.016894793137908
"rs149219011",0.00538879726082087
"rs12425612",-0.0167465675622225
"rs78898476",-0.0166392661631107
"rs77535146",-0.0287239551544189
"rs61937871",-0.016706895083189
"rs1512936",-0.0441034287214279
"rs12228767",-0.0441025048494339
"rs17557852",-0.0155281303450465
"rs58125663",-0.0247323773801327
"rs11830643",-0.0440917760133743
"rs180828916",-0.0147564327344298
"rs77693307",-0.0167167671024799
"rs7135918",-0.0287396069616079
"rs7971515",-0.0396526046097279
"rs11171834",-0.024726876989007
"rs144478504",0.00621728459373116
"rs10747767",0.00874148402363062
"rs11171844",-0.0247231144458055
"rs79839484",-0.0247223675251007
"rs61937872",-0.0215858891606331
"rs56885420",-0.0240642447024584
"rs11171857",-0.0247135031968355
"rs3736466",-0.0391714721918106
"rs17127070",-0.0287024192512035
"rs57196300",-0.028702175244689
"rs113475371",-0.00779480906203389
"rs7957628",-0.0177517142146826
"rs12424375",-0.0168462973088026
"rs2292491",-0.0286929458379745
"rs12424130",-0.0165577456355095
"rs11171891",-0.0392704196274281
"rs7137143",-0.0392685905098915
"rs73086871",0.102026470005512
"rs7308138",-0.0287089012563229
"rs80329996",-0.0209248643368483
"rs17486018",-0.0155701013281941
"rs1512941",-0.030151778832078
"rs73086876",-0.00696694850921631
"rs11171901",-0.0404614806175232
"rs2175675",-0.0301563963294029
"rs75879037",-0.0247009731829166
"rs11171902",0.250120133161545
"rs7978854",-0.03019286878407
"rs61937873",-0.0156527496874332
"rs146729712",-0.018937025219202
"rs113974974",-0.0301893744617701
"rs112976464",-0.0301635880023241
"rs149644609",-0.011639173142612
"rs78416833",-0.0301644969731569
"rs11171923",-0.0452265590429306
"rs17127094",-0.0301845744252205
"rs11171938",-0.0393880605697632
"rs73086883",-0.0071442904882133
"rs11171940",-0.0246091652661562
"rs73086885",-0.0286717135459185
"rs118135531",-0.0108161894604564
"rs115206782",-0.016799246892333
"rs11171949",-0.0244457125663757
"rs2388320",-0.0439970083534718
"rs79725531",-0.0241791140288115
"rs7976275",-0.0286694765090942
"rs117656999",-3.83188016712666e-05
"rs17127096",-0.0168365649878979
"rs11171955",-0.0242838505655527
"rs17127100",-0.028660960495472
"rs1015483",-0.0166978538036346
"rs11171957",-0.0242560356855392
"rs79837646",-0.017230462282896
"rs9668320",-0.0185186490416527
"rs145510402",-0.0135662639513612
"rs7966841",-0.0285518821328878
"rs75717909",-0.0152131840586662
"rs61937874",-0.0155612239614129
"rs141166615",-0.0110160885378718
"rs59967849",-0.0286651290953159
"rs148676394",-0.0108760800212622
"rs142160443",-0.0112433070316911
"rs35717937",-0.0169838685542345
"rs57833783",-0.0392576977610588
"rs117911412",-0.00780713465064764
"rs12424345",-0.0439858287572861
"rs57785083",-0.0246611796319485
"rs73086894",-0.013763178139925
"rs12230604",-0.039228081703186
"rs77278290",-0.0246608424931765
"rs35844572",-0.0162261798977852
"rs150599212",-0.0167881678789854
"rs113057204",-0.00906024780124426
"rs12231250",-0.0243202149868011
"rs1567739",-0.0437386892735958
"rs75126624",-0.00903395283967257
"rs17127112",-0.0168834701180458
"rs11172024",-0.0246281959116459
"rs1828653",-0.0392986051738262
"rs73086901",0.101676814258099
"rs184518125",-0.0108088776469231
"rs11172035",-0.0246275309473276
"rs7970819",-0.0285985115915537
"rs117764538",-0.0225676111876965
"rs139064401",-0.0131760416552424
"rs58648215",-0.0245527271181345
"rs12227642",-0.0245782416313887
"rs7979444",-0.0395231880247593
"rs17558692",-0.0158230271190405
"rs149823366",-0.0192806869745255
"rs17558706",-0.0157503373920918
"rs78495391",-0.0438590086996555
"rs117819007",0.252664983272552
"rs11172082",-0.0245365053415298
"rs75103181",-0.0172526054084301
"rs11172084",-0.0220645572990179
"rs17127113",-0.016651039943099
"rs76259401",-0.028628209605813
"rs112089426",-0.00919020362198353
"rs17127115",-0.0243846140801907
"rs148856675",-0.0167250409722328
"rs58240943",-0.0439733862876892
"rs73088816",-0.028631092980504
"rs79305178",-0.016907712444663
"rs73088817",-0.0202768985182047
"rs17127119",-0.0248113088309765
"rs113044008",-0.0286335479468107
"rs11172105",-0.02439427934587
"rs11172108",-0.0444040261209011
"rs11172109",-0.024633202701807
"rs73094410",-0.0439819656312466
"rs117173220",-0.0130134206265211
"rs7970944",-0.0286321025341749
"rs7980857",-0.0218834169209003
"rs149912538",-0.0112533094361424
"rs7974928",-0.0397368408739567
"rs17127129",-0.0286577474325895
"rs77198622",-0.0177426803857088
"rs75959255",0.618766784667969
"rs17127131",-0.0166691672056913
"rs11172120",-0.0439787320792675
"rs111576521",-0.0139937559142709
"rs17127138",-0.0289181303232908
"rs9788260",-0.024637196213007
"rs80295063",-0.0165096595883369
"rs117686494",-0.0172870960086584
"rs74449848",-0.0168222449719906
"rs80280565",-0.0167225040495396
"rs75823419",-0.0168636776506901
"rs55825311",-0.00983282644301653
"rs58613501",-0.0440149493515491
"rs79873478",-0.0286339949816465
"rs76374899",-0.0245997961610556
"rs77305358",-0.0340623073279858
"rs74334999",-0.0245668906718493
"rs77080009",-0.0167364906519651
"rs59695906",-0.0394745841622353
"rs141954111",-0.00206339778378606
"rs61931050",-0.0157530456781387
"rs78376036",-0.0286239217966795
"rs7962283",-0.0439895875751972
"rs142766496",-0.0111337387934327
"rs7965222",-0.0444127582013607
"rs60505849",-0.0245886296033859
"rs118002478",-0.0168599337339401
"rs111306046",0.101501978933811
"rs12228013",-0.0287859607487917
"rs113522055",-0.00911941844969988
"rs145081096",-0.0133525254204869
"rs146812935",-0.0164902713149786
"rs11172144",-0.0287858918309212
"rs73094424",-0.0146984048187733
"rs142798809",-0.019289942458272
"rs58466406",-0.0166970156133175
"rs10876972",-0.0440940447151661
"rs117264486",-0.017708471044898
"rs77492194",-0.0246523972600698
"rs11172162",-0.0287726782262325
"rs11172168",-0.024653660133481
"rs11172174",-0.0441014654934406
"rs189063026",-0.00858574919402599
"rs11172175",-0.0247343592345715
"rs7294474",-0.0287670940160751
"rs73094436",0.101793393492699
"rs11172183",-0.0396091490983963
"rs79423855",-0.0287973396480083
"rs74755643",0.252512127161026
"rs4415816",-0.024720860645175
"rs4564382",-0.0396096110343933
"rs113523650",-0.0172995533794165
"rs149772032",-0.0133904507383704
"rs74989555",-0.0159780588001013
"rs74086536",-0.0287471264600754
"rs76326102",-0.0162733495235443
"rs11172204",-0.0246693324297667
"rs61453715",-0.0247237216681242
"rs61258856",-0.0287838280200958
"rs78248725",-0.0246577374637127
"rs79370591",-0.0247238017618656
"rs113824856",-0.0137649085372686
"rs73094447",-0.0287135317921638
"rs73094449",-0.0287180729210377
"rs79963848",-0.0227880701422691
"rs60900225",-0.0399457737803459
"rs11172235",-0.0401153154671192
"rs7302302",-0.0287473928183317
"rs112497534",-0.022937148809433
"rs4768845",-0.031673975288868
"rs139684746",-0.0154701825231314
"rs142105149",-0.0287512075155973
"rs150282259",-0.0227538514882326
"rs12231915",-0.0398075804114342
"rs11531176",-0.0246884822845459
"rs12229160",-0.0287653990089893
"rs10876989",-0.0395724698901176
"rs11172259",-0.0287786517292261
"rs183611381",-0.0142818372696638
"rs11172263",-0.0246733538806438
"rs12228664",-0.0246723853051662
"rs11172264",-0.0396071970462799
"rs11172266",-0.0286812633275986
"rs11172267",-0.0440575331449509
"rs11172268",-0.0396010912954807
"rs3890763",-0.0440669842064381
"rs117650302",-0.0167383253574371
"rs11172271",-0.0395729839801788
"rs11172272",-0.044066458940506
"rs35460323",-0.0169054195284843
"rs11172282",-0.0395828559994698
"rs4492858",-0.0440392792224884
"rs11172293",-0.0440253615379333
"rs60263267",-0.0397831536829472
"rs78745340",-0.0166838895529509
"rs143848520",0.622421562671661
"rs12426490",-0.016805037856102
"rs59380486",-0.0246935803443193
"rs117914936",-0.0210322812199593
"rs4459346",-0.0443227849900723
"rs4378431",-0.0400375574827194
"rs11172319",-0.0397698320448399
"rs11172320",-0.039524931460619
"rs4768163",-0.0229143816977739
"rs141322036",-0.0110071366652846
"rs80175248",-0.0174213014543056
"rs73094474",-0.0290560033172369
"rs56125314",-0.0226622801274061
"rs76467635",-0.0166388880461454
"rs73094475",-0.0201214253902435
"rs78996155",-0.029074938967824
"rs58754883",0.254014849662781
"rs75520750",-0.0290676169097424
"rs4500523",-0.0446956567466259
"rs4320988",-0.044307392090559
"rs78530120",-0.024735514074564
"rs74605947",-0.0174027252942324
"rs11172347",-0.024736512452364
"rs4589344",-0.0443354099988937
"rs115347244",-0.0166631620377302
"rs4456303",-0.0443376339972019
"rs139785043",-0.00637817149981856
"rs11172357",-0.0443844236433506
"rs75908097",-0.0291101653128862
"rs11172359",-0.024805286899209
"rs7969430",0.00874835904687643
"rs12227092",-0.024778176099062
"rs61931054",-0.0161859337240458
"rs61931055",-0.0131337214261293
"rs115141362",-0.0154871493577957
"rs117594135",-0.00755295902490616
"rs11172366",-0.0290751419961452
"rs79906550",0.252349972724915
"rs78971695",-0.018417913466692
"rs79434609",-0.0166264120489359
"rs146799516",-0.0117610730230808
"rs11172373",-0.0247662104666233
"rs12228285",-0.024767292663455
"rs4238070",0.0086019029840827
"rs12424277",-0.0166280791163445
"rs73094486",-0.00686312234029174
"rs11834460",-0.00664419680833817
"rs4285917",-0.0290929228067398
"rs4639970",-0.029089193791151
"rs76164968",-0.00723689515143633
"rs11172386",-0.0455299839377403
"rs77259532",-0.0173952337354422
"rs116981890",-0.0154238194227219
"rs11172392",-0.045551635324955
"rs114963484",-0.0166296865791082
"rs78638851",-0.0166301745921373
"rs7967606",0.00895315315574408
"rs73094488",-0.0290854666382074
"rs11559986",-0.0290853194892406
"rs11543370",-0.0248447582125664
"rs116156550",-0.0166311655193567
"rs113394567",-0.0290848016738892
"rs11536182",-0.0247868467122316
"rs77613820",-0.00676674675196409
"rs11534924",-0.0247849337756634
"rs7137821",-0.0290947165340185
"rs10877049",-0.0455482639372349
"rs79732291",-0.016632754355669
"rs150058287",-0.00531494803726673
"rs11172423",-0.0290829706937075
"rs146816577",-0.0135727068409324
"rs113619169",-0.0121332304552197
"rs78128082",-0.0214916244149208
"rs78128082",-0.0143989948555827
"rs12427138",-0.0166981983929873
"rs59134943",-0.0166551414877176
"rs77869594",-0.0290821176022291
"rs187440734",-0.0109836896881461
"rs139882912",-0.0290820710361004
"rs139936253",-0.0166267435997725
"rs117385519",-0.0228368826210499
"rs11172454",-0.00723468326032162
"rs11172454",-0.0248080994933844
"rs149245305",-0.0142909223213792
"rs60203274",-0.0448739379644394
"rs11172455",-0.0222878102213144
"rs11172459",-0.0455463267862797
"rs35280963",-0.0168929491192102
"rs79345661",-0.00939004309475422
"rs10877070",-0.045586358755827
"rs149778345",-0.0166368465870619
"rs74619946",-0.024723444133997
"rs113952013",-0.0455843769013882
"rs117289114",-0.017772113904357
"rs12422553",-0.0165348127484322
"rs74756658",-0.0220310650765896
"rs117610162",0.620972394943237
"rs11172464",-0.0248177200555801
"rs75112208",-0.016638770699501
"rs74341993",-0.0166382323950529
"rs117398616",-0.0167959947139025
"rs11172471",-0.0248285345733166
"rs77387898",-0.0166385751217604
"rs11172474",-0.0248271971940994
"rs75789504",-0.0248951073735952
"rs12423754",-0.0164286512881517
"rs11172480",-0.0222811177372932
"rs186782411",-0.019295584410429
"rs34237072",-0.0170342177152634
"rs7309234",-0.0290484465658665
"rs73096505",-0.0143570927903056
"rs11172492",-0.0455690436065197
"rs11172493",-0.0455575063824654
"rs75700736",-0.0166027415543795
"rs113897573",-0.016607703641057
"rs11172502",-0.0248896218836308
"rs113517159",-0.00677968235686421
"rs144618962",-0.0209337081760168
"rs77869888",-0.0165803637355566
"rs148997675",-0.0193710681051016
"rs79530303",-0.0165808703750372
"rs61931059",-0.0167700089514256
"rs75364999",-0.00677947513759136
"rs141416425",-0.0175709519535303
"rs74472941",-0.0290729813277721
"rs35790935",-0.0239442456513643
"rs35858791",-0.0290141198784113
"rs12230055",-0.0291353594511747
"rs76968732",-0.0248690322041512
"rs61933060",-0.01425292622298
"rs12229370",-0.0291335694491863
"rs4390378",-0.0452965833246708
"rs11172526",-0.0461674518883228
"rs74907109",-0.0378001369535923
"rs11172527",-0.0115455845370889
"rs74820895",-0.00884983688592911
"rs76201020",-0.0214223265647888
"rs78504199",-0.0168195124715567
"rs11172541",-0.0402248874306679
"rs10877100",-0.0461669601500034
"rs78247220",-0.0248734261840582
"rs78451129",-0.0177991110831499
"rs7968837",-0.0461154021322727
"rs12227286",-0.0222960896790028
"rs4294600",-0.0290679410099983
"rs11172566",-0.0248791296035051
"rs7133599",-0.0290941242128611
"rs76126034",-0.0232501812279224
"rs76274984",-0.017379829660058
"rs7309383",0.00874738488346338
"rs117791407",-0.00450240867212415
"rs56398632",-0.0231374651193619
"rs57847223",-0.0291347056627274
"rs11543371",-0.0248989071696997
"rs112571671",-0.017557492479682
"rs112999362",-0.017694229260087
"rs111786037",-0.0291355066001415
"rs11172592",-0.0453104935586452
"rs11514215",-0.0214078035205603
"rs6581187",-0.0453135035932064
"rs6581188",-0.0402159914374352
"rs76965926",-0.0176877584308386
"rs11172603",-0.0249138493090868
"rs7310871",-0.0291402339935303
"rs11172616",-0.0290524680167437
"rs11172617",-0.0232311617583036
"rs4284427",-0.0458873175084591
"rs117699276",-0.0101111512631178
"rs4298947",-0.0301623027771711
"rs4475956",-0.0461923740804195
"rs142224131",-0.0232891459017992
"rs4451772",-0.0453175380825996
"rs183530847",-0.00802625715732574
"rs113635449",-0.00686170905828476
"rs7316073",-0.0453350506722927
"rs145293671",-0.0176683831959963
"rs141456836",-0.0150972129777074
"rs149709024",-0.0177566073834896
"rs145521729",-0.0117025803774595
"rs186863570",-0.0141694694757462
"rs137875262",-0.0177412256598473
"rs11172638",-0.0462144650518894
"rs187050048",0.637243628501892
"rs114832811",-0.0255661346018314
"rs11172644",-0.0233032219111919
"rs11172645",-0.0301819387823343
"rs4466883",-0.040274478495121
"rs11172646",-0.0237222667783499
"rs112657050",-0.0177611168473959
"rs183601729",-0.00641191564500332
"rs7485730",-0.0462309718132019
"rs147221802",-0.0239177215844393
"rs11172650",-0.0402604006230831
"rs74440031",-0.0233220178633928
"rs61933064",-0.0200732480734587
"rs7954602",0.0087715731933713
"rs59518553",-0.0237260796129704
"rs76045120",-0.0237130913883448
"rs78674001",-0.0176581759005785
"rs11172661",-0.0426108092069626
"rs7308295",-0.0299012549221516
"rs12423205",-0.0176501888781786
"rs11172667",-0.0234082248061895
"rs117936890",-0.0131494477391243
"rs7310178",-0.0304037593305111
"rs11172675",-0.0234052073210478
"rs11172676",-0.0234050005674362
"rs73096532",-0.0464984327554703
"rs11172687",-0.0257022827863693
"rs4595585",-0.0234408900141716
"rs80194462",-0.0234324280172586
"rs79146296",-0.0192690175026655
"rs12423225",-0.0233129840344191
"rs58036566",-0.0303141809999943
"rs113318517",-0.0176778566092253
"rs4583016",-0.0268523152917624
"rs112090842",-0.030296029523015
"rs7968185",-0.0175037514418364
"rs75600971",-0.0175205431878567
"rs11172692",-0.0303171817213297
"rs74683890",-0.0175088364630938
"rs118008706",-0.0130271371454
"rs11172695",-0.0251813121140003
"rs141153216",0.640176117420197
"rs11172696",-0.0233435090631247
"rs11172697",-0.0303307268768549
"rs76626960",-0.018729766830802
"rs73096537",0.0999781563878059
"rs76148143",-0.017517976462841
"rs111876427",-0.0173326712101698
"rs11172702",-0.0234246477484703
"rs7133376",-0.036799106746912
"rs78985731",-0.0174980983138084
"rs141471322",-0.0173499751836061
"rs145800766",-0.0175091121345758
"rs7135021",-0.00692370953038335
"rs12582802",-0.0233473647385836
"rs11172713",-0.0370637290179729
"rs7307784",-0.0400876849889755
"rs7134015",-0.0400605909526348
"rs11172722",-0.03601298853755
"rs76881880",-0.0250664390623569
"rs74916594",-0.0154421646147966
"rs114923160",-0.0201721917837858
"rs116488897",-0.0201751124113798
"rs10877164",0.0304054543375969
"rs73096553",-0.0126982154324651
"rs183974170",-0.0115182418376207
"rs10877173",-0.0264864508062601
"rs147819910",-0.0128053575754166
"rs7137962",-0.0152468262240291
"rs73096560",-0.0127732595428824
"rs55988438",-0.00901487842202187
"rs73096561",-0.0128610245883465
"rs12231004",-0.040485292673111
"rs12228617",-0.0404905825853348
"rs76917994",-0.015729445964098
"rs12227668",-0.0331742540001869
"rs142095447",0.00503795919939876
"rs11172794",-0.0376428253948689
"rs117080949",-0.0182877220213413
"rs138525110",-0.015982873737812
"rs79485157",-0.0235358197242022
"rs73268358",-0.0377093181014061
"rs59528535",-0.0377289578318596
"rs150980248",-0.0142686842009425
"rs117344812",-0.015799269080162
"rs117693130",-0.0156826358288527
"rs11172848",-0.0236492250114679
"rs73268359",-0.0332015119493008
"rs118171958",-0.0157081410288811
"rs9668500",-0.0235501639544964
"rs141916437",-0.0157086905092001
"rs76086350",-0.0382342599332333
"rs61736446",-0.0240567401051521
"rs115468831",-0.0126602537930012
"rs146417992",-0.0164047051221132
"rs10877201",-0.0404885783791542
"rs117275340",-0.0126678561791778
"rs145379902",-0.015898946672678
"rs61933067",-0.014408485032618
"rs4072006",-0.0334084369242191
"rs111871190",-0.033435046672821
"rs74818159",-0.037511020898819
"rs6581228",-0.0408033393323421
"rs143907237",-0.0117223598062992
"rs2293810",-0.0126244584098458
"rs11172896",-0.0330227389931679
"rs11172897",-0.0330541431903839
"rs10783934",0.0314361862838268
"rs77989694",-0.0380973257124424
"rs73096583",-0.0127269010990858
"rs148280684",0.00819484144449234
"rs79073428",0.57403028011322
"rs7299526",0.0100418701767921
"rs79749029",-0.0184894222766161
"rs4077987",0.0276468619704247
"rs141064255",-0.0102304434403777
"rs12303920",-0.0429040491580963
"rs7973312",0.0298019628971815
"rs569024493",-0.00549815455451608
"rs7967347",-0.016278613358736
"rs76114281",-0.0366686582565308
"rs113799767",-0.0366913117468357
"rs4768165",0.0549186281859875
"rs73096593",-0.0479966178536415
"rs58243970",-0.0226324368268251
"rs77942411",-0.0162535849958658
"rs11832182",-0.0411681644618511
"rs145619129",-0.0418876856565475
"rs146522973",-0.0162365976721048
"rs11172940",-0.0251203682273626
"rs7980636",0.0298703070729971
"rs118118254",-0.016241205856204
"rs78547598",-0.0367593355476856
"rs9645803",-0.0223272740840912
"rs117587883",-0.0162549037486315
"rs116974299",-0.0162282697856426
"rs75590301",-0.0276437308639288
"rs10747825",0.0297658331692219
"rs7961346",0.0297979954630136
"rs117490721",-0.0162338670343161
"rs7298439",-0.0367544293403625
"rs4129477",0.0825458914041519
"rs113706234",-0.0216567367315292
"rs11836770",-0.0406521782279015
"rs118094783",-0.0162441022694111
"rs116935549",-0.0207058805972338
"rs11832994",-0.0411889031529427
"rs6421191",0.0297476667910814
"rs10735878",0.0298152212053537
"rs117548565",-0.0162678528577089
"rs7978510",-0.0252582225948572
"rs9325166",0.0298018008470535
"rs11172981",0.0545386113226414
"rs12309999",-0.0367190465331078
"rs546959161",-0.00509285414591432
"rs11172990",-0.0367771722376347
"rs7971290",-0.0412216633558273
"rs7487232",0.0548891164362431
"rs117788543",-0.0226335376501083
"rs142116702",-0.0155357858166099
"rs11172998",0.0298456698656082
"rs74956646",-0.0226318724453449
"rs10783956",0.0825252458453178
"rs145873024",-0.0161995757371187
"rs4768166",0.0319685898721218
"rs57085158",-0.0366964675486088
"rs10783959",0.0349139794707298
"rs113831057",-0.021733770146966
"rs11173011",-0.0250228438526392
"rs11173012",0.054953645914793
"rs11173013",0.0298284031450748
"rs61933070",-0.0479385778307915
"rs149426565",-0.00762550486251712
"rs73098524",-0.0412625595927238
"rs12229301",0.0299162771552801
"rs7487812",0.0348696447908878
"rs76160664",-0.0250315014272928
"rs529464632",-0.00573113234713674
"rs58338462",-0.0162241384387016
"rs77720918",-0.0250127278268337
"rs6581246",0.0348959527909756
"rs6581247",0.034930232912302
"rs34755872",-0.0251633059233427
"rs7485644",0.0299430210143328
"rs10783969",0.0299430899322033
"rs4129365",0.029943784698844
"rs75538686",-0.0148477563634515
"rs10783970",0.0298113245517015
"rs6581248",0.0349022932350636
"rs6581249",0.0299025252461433
"rs117327523",-0.016297459602356
"rs61933097",-0.0235960073769093
"rs11559932",-0.025135288015008
"rs78386670",-0.0162269603461027
"rs76832036",-0.0162655394524336
"rs6581250",0.0348829999566078
"rs57134082",-0.0411659255623817
"rs144174082",-0.0267132967710495
"rs4768167",0.0349303930997849
"rs12423981",-0.0341396033763885
"rs7487999",0.0299328081309795
"rs117942894",-0.0199306085705757
"rs7486196",0.0299303773790598
"rs151331357",0.00731633557006717
"rs4768168",0.0299302525818348
"rs4768169",0.0299869906157255
"rs117534496",-0.0162725187838078
"rs112334550",-0.0205942112952471
"rs4594067",0.0297993291169405
"rs4417382",0.0298104137182236
"rs73098554",0.101180098950863
"rs4411336",0.0343114621937275
"rs7486621",0.0299310255795717
"rs117802063",-0.017451636493206
"rs4435073",-0.0162347909063101
"rs6581263",0.0299842916429043
"rs11531238",-0.0250176321715117
"rs75021895",-0.036824531853199
"rs7485345",0.0299303364008665
"rs7485383",0.0508431009948254
"rs4374002",-0.0162358824163675
"rs78159167",-0.0369643345475197
"rs4457823",0.0549789071083069
"rs4450227",-0.0162495691329241
"rs148546333",-0.0120767429471016
"rs4417381",0.0348311141133308
"rs6581265",0.0297959093004465
"rs10783993",0.0307093095034361
"rs10783994",0.0348351299762726
"rs7136929",0.0299280863255262
"rs117692343",-0.0162672214210033
"rs74788755",-0.0133530823513865
"rs61933102",-0.029903220012784
"rs61933103",-0.0415398105978966
"rs7296585",0.0297962464392185
"rs10047563",0.0299320202320814
"rs111655556",-0.0215701851993799
"rs4128520",-0.0226772725582123
"rs11613165",-0.0426765196025372
"rs7956577",0.0299293994903564
"rs6421195",0.0298765134066343
"rs6581266",0.0299293901771307
"rs7961070",0.0297972578555346
"rs4767949",0.0348302349448204
"rs118105044",0.00130512611940503
"rs118007842",-0.0163637455552816
"rs10877331",0.054958563297987
"rs10783998",0.0299273822456598
"rs6421196",0.0285684894770384
"rs6421197",0.0299258418381214
"rs73270414",-0.0246442202478647
"rs10877335",0.0299257840961218
"rs10877337",0.0297937281429768
"rs77404409",-0.0222728233784437
"rs6581270",0.0299273822456598
"rs79561076",-0.0367607995867729
"rs6581271",0.0299273822456598
"rs6581272",0.0297952946275473
"rs7952735",0.0348271802067757
"rs180705314",-0.00582002848386765
"rs6421198",0.0297952946275473
"rs71449735",-0.0171489268541336
"rs7959905",0.0299275126308203
"rs10784001",0.0297952946275473
"rs118006445",-0.0162573773413897
"rs4561275",-0.0162899736315012
"rs6581275",0.0297796130180359
"rs181617756",-0.0119468811899424
"rs184745493",-0.00546725140884519
"rs73087831",0.101759798824787
"rs115110823",-0.00507768569514155
"rs9667994",0.0348619036376476
"rs9738524",0.0549782775342464
"rs150750781",-0.0162609610706568
"rs192376878",-0.0123510053381324
"rs4540893",-0.0162866953760386
"rs143331429",-0.0123390890657902
"rs4337105",0.0299070123583078
"rs4495951",0.0298985410481691
"rs4767952",0.0348461046814919
"rs143791822",-0.00536649161949754
"rs117193356",-0.0145930089056492
"rs112173082",-0.0222674198448658
"rs116931821",-0.0162806641310453
"rs4357762",0.0297987312078476
"rs10877367",0.0829063206911087
"rs55818213",-0.0234559997916222
"rs11833798",-0.0162501577287912
"rs557617381",-0.00159492902457714
"rs10784016",0.0299216229468584
"rs117875494",-0.0276899021118879
"rs11173260",0.029911270365119
"rs140063995",-0.014967568218708
"rs11173262",0.0297751575708389
"rs184243009",-0.0162404719740152
"rs117643167",-0.0234564654529095
"rs7486631",0.0297747701406479
"rs11173278",-0.0339013859629631
"rs76574835",-0.0234573725610971
"rs7964435",0.0348622389137745
"rs10877383",0.0348809249699116
"rs10784019",0.0299187172204256
"rs4768170",0.0299178306013346
"rs11173293",-0.0240620132535696
"rs10219652",0.0348702631890774
"rs138966349",0.00633206171914935
"rs4334098",-0.0162574611604214
"rs4334099",-0.0163847524672747
"rs7962667",-0.0207689236849546
"rs6581294",0.0299164038151503
"rs118060527",-0.0135244550183415
"rs76840569",-0.0185501258820295
"rs78910257",-0.0234507285058498
"rs139678013",-0.0143116498365998
"rs185440361",-0.0146650327369571
"rs4388963",0.034786406904459
"rs148986774",-0.0229145102202892
"rs147015130",-0.0133090345188975
"rs7955469",0.0299059469252825
"rs147207413",-0.0372522696852684
"rs117411441",-0.0219388920813799
"rs4512924",-0.0299055390059948
"rs10735883",0.0162975862622261
"rs4353338",0.0348136574029922
"rs146220585",-0.0199651978909969
"rs4511346",0.0162723250687122
"rs151106775",-0.01994932256639
"rs139902351",-0.0194737985730171
"rs116843431",-0.0129899019375443
"rs143194400",-0.0113246971741319
"rs10784032",0.0348306186497211
"rs9943707",-0.0298922397196293
"rs4306341",0.0162612590938807
"rs60101533",-0.0299039483070374
"rs117704992",-0.0103557445108891
"rs58418587",-0.0298944003880024
"rs4768172",-0.022262942045927
"rs61933154",-0.0291769579052925
"rs10784034",0.0348763428628445
"rs7308955",0.0348454788327217
"rs35820881",-0.0216429736465216
"rs7967287",0.0162605661898851
"rs10877410",-0.02991040982306
"rs11173376",-0.0298979375511408
"rs78154532",-0.0115160197019577
"rs57244766",-0.0298981219530106
"rs4768173",0.0162574965506792
"rs4611277",0.0162661876529455
"rs76226947",-0.0227597784250975
"rs79123304",-0.037190243601799
"rs61477638",-0.0229712538421154
"rs35211995",-0.0166858118027449
"rs116447733",-0.0232329927384853
"rs4768175",0.0165957491844893
"rs141965263",-0.0185991432517767
"rs4768176",0.0162548217922449
"rs117570249",-0.0151479383930564
"rs4441086",0.0162546094506979
"rs61933157",-0.029671672731638
"rs4405390",0.034660205245018
"rs4405391",0.0346762761473656
"rs7138743",0.0163598284125328
"rs146527515",-0.00599596090614796
"rs6581311",0.0162553340196609
"rs569646611",-0.0142341600731015
"rs4382971",0.0347881466150284
"rs11173394",-0.0296666361391544
"rs191248724",-0.013401422649622
"rs113120303",-0.0297146178781986
"rs61933158",-0.0296668708324432
"rs4322460",0.0346459373831749
"rs183791612",-0.0070209139958024
"rs28888692",-0.0233158748596907
"rs4451067",-0.0296459160745144
"rs61933159",-0.0203894916921854
"rs11525631",-0.0296429302543402
"rs150806064",-0.0120201036334038
"rs145497142",-0.00603485712781549
"rs4556618",0.0346024669706821
"rs11173423",-0.0297097489237785
"rs11173424",-0.0296120103448629
"rs4381428",0.0345928333699703
"rs4255599",0.0346012748777866
"rs4255600",0.0346127301454544
"rs11173428",-0.029628423973918
"rs7966924",0.0147920791059732
"rs7301886",-0.0296917054802179
"rs11173433",-0.0296457149088383
"rs11173434",-0.0296256802976131
"rs11173440",-0.0296210218220949
"rs4312128",0.0345894992351532
"rs11173446",-0.0296376030892134
"rs4322461",0.0346042066812515
"rs10735885",0.0347424633800983
"rs10784051",0.0347452461719513
"rs79519820",-0.0296371281147003
"rs4583047",0.0162487924098969
"rs4447240",0.0162486247718334
"rs11173459",-0.0296340901404619
"rs4238071",0.0162486806511879
"rs4238072",0.0345739275217056
"rs4238073",0.0345717594027519
"rs12229418",-0.0295712035149336
"rs79797340",-0.0295828096568584
"rs78504078",-0.029225654900074
"rs78020631",-0.0236891359090805
"rs4238074",0.0162495467811823
"rs12230687",-0.0292276125401258
"rs7969282",0.0345474295318127
"rs61931185",-0.0292331017553806
"rs11173494",-0.0292418003082275
"rs6581321",0.016253374516964
"rs4268570",0.0162543319165707
"rs7964129",0.0347774066030979
"rs4488272",0.0162472389638424
"rs4533100",0.016253674402833
"rs4334097",0.0162544120103121
"rs7302571",0.0162537172436714
"rs7133037",0.0162478853017092
"rs7302849",0.0345768742263317
"rs11173507",-0.0292561054229736
"rs4322462",0.0162537135183811
"rs150031363",-0.0133645674213767
"rs7299595",0.0162320714443922
"rs7310917",0.0162322837859392
"rs10747877",0.0347506366670132
"rs7297063",0.0162322837859392
"rs6581325",0.0162316337227821
"rs6581326",0.0162316337227821
"rs7300946",0.0154664572328329
"rs4238075",0.0162678267806768
"rs11611119",-0.0713255032896996
"rs7973782",0.0162316896021366
"rs7956254",0.0162330232560635
"rs61931208",-0.0293767582625151
"rs4238076",0.0146626895293593
"rs10784058",0.0162328295409679
"rs10784059",0.0346975177526474
"rs10735886",0.0162264872342348
"rs10444570",0.0347081907093525
"rs10444571",0.0162291806191206
"rs10444572",0.0162338335067034
"rs4767953",0.0162334721535444
"rs4391873",0.0162339527159929
"rs12229203",-0.0295306984335184
"rs4768178",0.0162265598773956
"rs4511345",0.0162335094064474
"rs7961216",0.0163624677807093
"rs10747878",0.0346548072993755
"rs111772315",-0.0108398161828518
"rs11173541",-0.0291420426219702
"rs144752400",0.662364423274994
"rs4544077",0.0162375960499048
"rs12424789",-0.0661196559667587
"rs10747879",0.0162581689655781
"rs10747880",0.0450563430786133
"rs11173546",-0.018977627158165
"rs11173550",0.0184415895491838
"rs4238077",0.0162584502249956
"rs4529945",0.0163403674960136
"rs11173551",-0.010874099098146
"rs4768180",0.0164871104061604
"rs11173553",-0.0108992550522089
"rs149753555",-0.0220993962138891
"rs7957157",0.0162675343453884
"rs4391875",0.0174444299191236
"rs7296184",0.0162702724337578
"rs61931211",-0.0108749400824308
"rs7298453",0.0173418745398521
"rs4397916",0.0175125207751989
"rs4397917",0.0162783358246088
"rs181222050",-0.012252195738256
"rs7303581",0.0165413655340672
"rs6581336",0.0166905634105206
"rs7135047",0.0166463777422905
"rs111778214",-0.0180839635431767
"rs74820408",-0.0166080743074417
"rs6581337",0.0165360197424889
"rs75531800",-0.027635844424367
"rs139472255",0.691932678222656
"rs6581338",0.0166777186095715
"rs9645805",0.0166885461658239
"rs117133140",-0.0255702342838049
"rs76123156",-0.031361173838377
"rs4321021",0.0165713578462601
"rs117972941",-0.0127286240458488
"rs4427625",0.0166602693498135
"rs141927107",-0.0101490989327431
"rs4639999",0.0166713465005159
"rs4576894",0.0165481027215719
"rs7975209",0.0165789294987917
"rs4768181",0.0167164206504822
"rs4768182",0.0168991219252348
"rs4426190",0.016971405595541
"rs4625544",0.016596794128418
"rs145150407",-0.0115143554285169
"rs118187727",0.0131209641695023
"rs6581346",0.0165994372218847
"rs7959350",0.0520770996809006
"rs146852363",-0.0119027607142925
"rs10784065",0.0209836289286613
"rs4238078",0.0168363694101572
"rs79488721",-0.0187082961201668
"rs7966456",0.0508635304868221
"rs4267135",0.000434008426964283
"rs78612837",-0.0313364565372467
"rs4254134",0.0185300465673208
"rs73092111",-0.0196726080030203
"rs11173650",-0.0225720964372158
"rs73092113",-0.0197119060903788
"rs7969296",0.000447025988250971
"rs6581351",0.0428073294460773
"rs28496033",0.0239027757197618
"rs10877474",0.0186391044408083
"rs73092119",-0.0196058060973883
"rs4393383",0.0198362208902836
"rs79581674",-0.000821021851152182
"rs11173668",-0.0386174917221069
"rs7136860",0.0198672730475664
"rs11173669",-0.0273764953017235
"rs11173671",-0.0386207103729248
"rs4491316",0.0197819899767637
"rs76674256",-0.0186527203768492
"rs4372520",0.0195699948817492
"rs6581357",0.0190132800489664
"rs181694665",0.00178223755210638
"rs144524431",-0.0127669582143426
"rs113329284",-0.0106993364170194
"rs149821687",-0.0127269690856338
"rs7135877",0.0198530144989491
"rs76367231",-0.00144151505082846
"rs10784079",-0.133112490177155
"rs7294916",-0.133932590484619
"rs7295029",-0.13390251994133
"rs7295344",-0.134482398629189
"rs10747886",-0.134312123060226
"rs79067806",0.0053036124445498
"rs149239332",-0.0108452402055264
"rs150879262",0.00528988568112254
"rs7308155",-0.134528070688248
"rs118081758",-0.0208935458213091
"rs75857374",-0.0269138086587191
"rs75852700",0.00524671329185367
"rs78867834",-0.0208609364926815
"rs4598727",-0.127365127205849
"rs11173704",-0.0284667741507292
"rs4638371",-0.134658724069595
"rs4318032",-0.134600475430489
"rs4604958",-0.128220558166504
"rs78036400",0.00526996050029993
"rs117739265",-0.0139087364077568
"rs146490798",0.855474770069122
"rs12372475",-0.0210080444812775
"rs77755550",0.00518450094386935
"rs117249664",0.00512807350605726
"rs142301210",0.00522056687623262
"rs7304797",-0.127830669283867
"rs78387363",-0.0155227305367589
"rs10877533",-0.134743079543114
"rs10784118",-0.134735465049744
"rs7958983",-0.12774284183979
"rs7963645",-0.127745941281319
"rs4768188",-0.127793505787849
"rs141616743",0.854633331298828
"rs147122372",0.00522094173356891
"rs11173764",-0.0360038988292217
"rs116963241",0.00521619757637382
"rs139838363",-0.0104033937677741
"rs4768189",-0.128033891320229
"rs78639991",0.00521697662770748
"rs146729184",-0.0147486226633191
"rs7962260",-0.13611213862896
"rs117912447",-0.0104889599606395
"rs80071194",-0.0315020270645618
"rs113918021",-0.0209936797618866
"rs4638370",-0.127636924386024
"rs4531537",-0.128790155053139
"rs11611143",-0.0166226737201214
"rs6581365",-0.128788828849792
"rs7966294",-0.128603100776672
"rs61931235",-0.0150786321610212
"rs117741438",0.00518510304391384
"rs4350423",-0.134646192193031
"rs7963790",-0.0677564069628716
"rs75071724",-0.0177408698946238
"rs4473001",-0.135487839579582
"rs117360106",0.00517651485279202
"rs78086357",0.00514308083802462
"rs4768190",-0.00314991548657417
"rs77419854",0.00514419423416257
"rs144327929",0.0051711187697947
"rs67574032",0.00485870847478509
"rs4293188",-0.128655061125755
"rs11173862",-0.0316526331007481
"rs4542485",-0.0361377149820328
"rs145106599",-0.0199127104133368
"rs117057532",-0.0123422583565116
"rs73103008",0.00499408505856991
"rs12825170",0.147820755839348
"rs4310675",-0.135034993290901
"rs113294610",0.00495264213532209
"rs57043315",-0.0103198420256376
"rs4539398",-0.134981483221054
"rs7135701",-0.128142639994621
"rs7963511",-0.13529534637928
"rs34569474",-0.0273194555193186
"rs10784208",-0.134904712438583
"rs78183181",-0.0123251397162676
"rs66924731",0.00465762754902244
"rs149505233",-0.0120198503136635
"rs117736911",0.0051149595528841
"rs7315452",-0.135682538151741
"rs6581378",-0.135694935917854
"rs11173920",-0.0361568443477154
"rs73103024",0.00494907004758716
"rs4296099",-0.0360099710524082
"rs60002366",0.00458443909883499
"rs7959259",-0.127319648861885
"rs7960098",-0.127872824668884
"rs76812107",0.00511937635019422
"rs4433640",-0.127825990319252
"rs11173979",-0.0286037381738424
"rs112515153",-0.0160829573869705
"rs73274668",0.00480964314192533
"rs116864910",0.00517641007900238
"rs7968509",-0.135484784841537
"rs4473002",-0.135743141174316
"rs79453581",-0.0099598616361618
"rs73103034",0.00500391703099012
"rs56221715",0.00481509231030941
"rs7299208",-0.135718956589699
"rs4429129",-0.135443434119225
"rs78208994",-0.0197975821793079
"rs117169748",-0.0144870998337865
"rs118045658",-0.0165669713169336
"rs10784223",-0.123752847313881
"rs73104960",0.00498778140172362
"rs7134335",-0.123992957174778
"rs7133478",-0.123995058238506
"rs139976499",-0.0129152545705438
"rs73104964",0.0050236415117979
"rs6581403",-0.134929299354553
"rs7306234",-0.128626763820648
"rs10784234",-0.128619611263275
"rs6581405",-0.128924459218979
"rs112630427",-0.0164138749241829
"rs7961625",-0.128683611750603
"rs7967517",-0.0417945384979248
"rs7967956",-0.136409431695938
"rs79987201",-0.026505334302783
"rs183335443",-0.014668682590127
"rs117156500",-0.022278169170022
"rs11174086",-0.0318239331245422
"rs144273812",-0.0193825326859951
"rs4423249",-0.125291705131531
"rs117780985",-0.0171164833009243
"rs184345082",-0.0113123105838895
"rs73104976",0.00546877505257726
"rs73104979",-0.0208850800991058
"rs11174104",0.135795146226883
"rs7960814",0.0703722611069679
"rs4277185",-0.0655875131487846
"rs111478768",-0.0264172125607729
"rs117992801",-0.0296500809490681
"rs76567435",-0.0307185277342796
"rs117421237",-0.0134963449090719
"rs61931257",-0.0341494157910347
"rs11174115",-0.0123410997912288
"rs117922842",0.00604210328310728
"rs79271501",-0.0159405320882797
"rs10877703",-0.0662939697504044
"rs11614400",-0.0276452265679836
"rs4128689",-0.0400561280548573
"rs74339818",-0.00840585026890039
"rs140203265",0.00602995185181499
"rs75036080",-0.0083714397624135
"rs73104985",0.00570624182000756
"rs12310523",-0.0534333810210228
"rs138244938",-0.0141328405588865
"rs73104987",0.00548853958025575
"rs74086925",-0.0206811409443617
"rs80179648",-0.0209508948028088
"rs78395520",-0.0209772046655416
"rs11174134",-0.0677282363176346
"rs2029971",0.13478247821331
"rs2029970",0.0650739446282387
"rs2173133",-0.0468082539737225
"rs117914230",-0.0274009238928556
"rs148975640",-0.0112288994714618
"rs12312400",0.0671361684799194
"rs1845962",0.0679349303245544
"rs142814649",-0.0136608015745878
"rs11174140",-0.047073520720005
"rs76148060",-0.0136802913621068
"rs77772365",-0.013716546818614
"rs7297386",0.0671089962124825
"rs73276518",-0.0116942506283522
"rs116961749",0.0131437871605158
"rs67987793",-0.00995507556945086
"rs12830640",0.0650486722588539
"rs73276523",-0.0102523881942034
"rs884864",-0.0539041124284267
"rs12427424",-0.0197583772242069
"rs953493",-0.0103841302916408
"rs142472938",-0.0104909054934978
"rs117957562",-0.0112038524821401
"rs10877742",-0.0598966516554356
"rs74796077",-0.00785146281123161
"rs12424971",-0.0197629295289516
"rs148059171",-0.0192525405436754
"rs184464056",0.0130461361259222
"rs78515477",-0.0103939352557063
"rs77630751",-0.0193972382694483
"rs7953381",-0.134083673357964
"rs145297994",-0.0104159917682409
"rs138418616",-0.019764730706811
"rs10784267",-0.0934333875775337
"rs956066",-0.0934503078460693
"rs117791958",-0.016127647832036
"rs78304230",-0.0104017406702042
"rs17559478",-0.010550981387496
"rs117743269",0.0129930516704917
"rs12817755",0.173343449831009
"rs17559609",-0.0404936112463474
"rs144225837",-0.0115688061341643
"rs17559744",-0.0267888735979795
"rs17559800",-0.0104801971465349
"rs12425167",-0.0105028543621302
"rs11612814",0.128442794084549
"rs141107434",0.013100903481245
"rs10877767",-0.0590285584330559
"rs17127259",-0.0259378831833601
"rs74563897",-0.0216824263334274
"rs12813530",0.159132242202759
"rs139353417",-0.00855210609734058
"rs77725183",-0.0105263153091073
"rs11174266",-0.0396180115640163
"rs10877779",-0.0398115813732147
"rs2088354",0.0181252993643284
"rs11174281",-0.0580400191247463
"rs76911276",-0.0105545166879892
"rs140633137",-0.00314872013404965
"rs117117741",-0.011515055783093
"rs10506138",-0.0399182438850403
"rs61933469",-0.0354932695627213
"rs7970063",-0.0594237931072712
"rs77648440",-0.010489790700376
"rs7977137",-0.0587836280465126
"rs11174285",-0.0356179662048817
"rs7959014",-0.0539880730211735
"rs11174291",0.120569929480553
"rs11174292",-0.0356386713683605
"rs11174293",-0.0356369949877262
"rs74089317",-0.0357323102653027
"rs140914369",-0.00747621338814497
"rs17560267",-0.0104276053607464
"rs117147133",-0.0220895763486624
"rs11174299",-0.0686661675572395
"rs28755978",-0.0410399176180363
"rs12581013",-0.020007936283946
"rs71449744",-0.0492454022169113
"rs73092233",-0.0189758967608213
"rs7308221",0.0756004527211189
"rs11174315",-0.0439212433993816
"rs143632899",-0.0160056166350842
"rs56717977",-0.0206467602401972
"rs7138075",0.0496242642402649
"rs79486156",0.468831241130829
"rs6581438",0.0490012504160404
"rs17560365",-0.0192589238286018
"rs6581439",0.048232439905405
"rs1497046",0.0482142902910709
"rs12371119",-0.0400205515325069
"rs73092239",-0.0123569667339325
"rs34714539",-0.0483423098921776
"rs17127277",-0.0210132375359535
"rs117068956",-0.025233518332243
"rs75144021",-0.0145929222926497
"rs11174338",-0.0447681434452534
"rs73092243",-0.0189844947308302
"rs11174343",-0.0422687865793705
"rs4767956",-0.0898811221122742
"rs7967427",-0.0198887810111046
"rs12301629",-0.0422473475337029
"rs7978427",-0.0198277700692415
"rs1908911",-0.0198947824537754
"rs11174351",-0.0442856661975384
"rs10784283",0.0475253649055958
"rs10784284",0.0532596074044704
"rs937385",0.0475265309214592
"rs11174359",-0.0416583865880966
"rs57535237",-0.0359780788421631
"rs1353593",0.0531177036464214
"rs10506139",-0.0189653467386961
"rs11174362",-0.0421566814184189
"rs12423682",0.469363659620285
"rs7969011",-0.019931074231863
"rs7972838",-0.0199315845966339
"rs4768196",0.0475684888660908
"rs4768197",0.0530809611082077
"rs117596291",0.469783157110214
"rs7960023",-0.0671035945415497
"rs17560847",-0.0898706540465355
"rs73092255",-0.0248882919549942
"rs7297783",-0.0443115234375
"rs1908912",0.076402373611927
"rs11174370",-0.0400147959589958
"rs76459387",-0.0182951744645834
"rs112568485",-0.00878812186419964
"rs7316296",-0.043490644544363
"rs79274367",-0.0400191359221935
"rs61050676",-0.020035557448864
"rs953824",-0.042388204485178
"rs57095253",-0.0199423301964998
"rs11174374",-0.0434266924858093
"rs80272075",0.469911426305771
"rs77591644",0.469611465930939
"rs11174380",-0.0421347916126251
"rs2404351",0.0475392378866673
"rs77222415",0.469929099082947
"rs75829820",0.470111340284348
"rs4768199",0.0545473545789719
"rs4768200",-0.0845334231853485
"rs117485683",-0.0137677295133471
"rs72644818",-0.0208764802664518
"rs2132744",0.0545124635100365
"rs12425722",-0.0244394149631262
"rs10877818",0.0535979196429253
"rs11559994",-0.0671238005161285
"rs2132745",0.047502975910902
"rs117871635",0.731262564659119
"rs4768201",0.0647318065166473
"rs4768202",0.0475413911044598
"rs2132746",0.0475484132766724
"rs141684561",0.470067054033279
"rs11514248",-0.0400325357913971
"rs35985096",-0.0485470853745937
"rs12424585",-0.0360700823366642
"rs187985982",-0.0104146422818303
"rs10747956",0.0765168443322182
"rs61931460",-0.0269315410405397
"rs2404350",-0.0417850203812122
"rs61931461",-0.0442434586584568
"rs1005955",0.0756743252277374
"rs1005956",-0.0941999852657318
"rs75847352",-0.0137993255630136
"rs12423983",0.470123112201691
"rs10877823",-0.0641687661409378
"rs12230558",-0.0433984659612179
"rs61446784",-0.0189392250031233
"rs1566127",0.0475043244659901
"rs11564226",-0.0484391450881958
"rs2173134",0.469950020313263
"rs28370600",-0.0433670729398727
"rs11174427",-0.0404507592320442
"rs1497048",0.0475341193377972
"rs28370798",-0.0189332664012909
"rs11564120",-0.0484940409660339
"rs73092276",-0.0146926268935204
"rs11564225",-0.0189485624432564
"rs11564285",-0.0433306619524956
"rs1497049",-0.0422860383987427
"rs112568806",-0.00870092306286097
"rs10877832",-0.0442675575613976
"rs10747959",0.0475409626960754
"rs11564284",-0.0190143696963787
"rs28370602",0.469555497169495
"rs11174450",-0.0993429645895958
"rs2132747",-0.0711303800344467
"rs28370605",-0.0220329239964485
"rs11174453",-0.036504115909338
"rs12296462",-0.024384867399931
"rs28370606",0.46926748752594
"rs1390952",0.0696813389658928
"rs1390953",0.0191191714257002
"rs10506140",-0.0933255031704903
"rs1540698",0.0423311628401279
"rs7138078",-0.0473539456725121
"rs117650596",-0.0116661144420505
"rs12582658",-0.0209259316325188
"rs2896824",-0.0365679897367954
"rs7312341",-0.0711692422628403
"rs4768204",-0.0924269482493401
"rs10877835",-0.0498477555811405
"rs28370607",-0.0404603555798531
"rs4491317",-0.0366084575653076
"rs28370608",-0.00890838541090488
"rs10877836",-0.0433121174573898
"rs28370609",0.732426166534424
"rs10877837",-0.0403544642031193
"rs73092283",-0.02555051445961
"rs10877840",-0.0704129710793495
"rs7305863",-0.0703354701399803
"rs7136390",-0.0704134404659271
"rs7974169",-0.0703870430588722
"rs7973509",-0.0704561695456505
"rs11174478",-0.0932862758636475
"rs10877847",0.100064247846603
"rs116969242",-0.0214877147227526
"rs28370611",-0.0405466631054878
"rs11174482",-0.0491111502051353
"rs549790",0.470156908035278
"rs545385",0.470615178346634
"rs574918",0.053363099694252
"rs11564281",-0.0417954213917255
"rs4768205",-0.0493660643696785
"rs11564119",-0.0370279811322689
"rs11564221",-0.0407795123755932
"rs7980080",0.0909825339913368
"rs12301617",-0.0370770841836929
"rs10877867",-0.0675440952181816
"rs11174533",-0.0408018752932549
"rs28370618",-0.0211897343397141
"rs11174536",-0.0452732853591442
"rs7962710",-0.128423795104027
"rs7966222",-0.0953117087483406
"rs28370620",-0.0214587766677141
"rs7976837",-0.0908949449658394
"rs535458",0.471845477819443
"rs77187454",-0.0208583362400532
"rs73280629",-0.0410354509949684
"rs566044",0.47234046459198
"rs28370723",-0.0378238409757614
"rs12827948",-0.0678994879126549
"rs481241",0.0434364713728428
"rs12810368",-0.0687452256679535
"rs10877877",-0.12730498611927
"rs1319734",-0.0961140021681786
"rs28370725",-0.0377474687993526
"rs112665327",-0.0120704071596265
"rs28370625",-0.071827620267868
"rs7311756",-0.0436027459800243
"rs992851",-0.0406400859355927
"rs117924178",0.691185355186462
"rs74751235",0.691887319087982
"rs10877891",-0.110041566193104
"rs2200085",-0.0442545786499977
"rs7138679",0.141955658793449
"rs11564282",-0.0407922379672527
"rs12824918",0.186817705631256
"rs28370628",0.186111435294151
"rs11174603",-0.00902455952018499
"rs192562812",-0.0165991056710482
"rs12423473",0.191572442650795
"rs530602",-0.104742042720318
"rs556227",0.0450220108032227
"rs28365669",0.691931903362274
"rs11174609",-0.109222218394279
"rs10506142",-0.00902151875197887
"rs137878116",-0.0101223820820451
"rs1086490",-0.0410000756382942
"rs28370636",-0.0458177141845226
"rs28370637",0.698594927787781
"rs11564139",-0.045993946492672
"rs814228",-0.177350878715515
"rs4768206",0.698950052261353
"rs141205060",-0.0152065912261605
"rs11174631",0.719235837459564
"rs74088117",-0.0363048017024994
"rs550669",0.115244179964066
"rs10506141",-0.0455548278987408
"rs10877913",-0.0314117483794689
"rs2404346",-0.0489392429590225
"rs140722239",1
"rs7964150",0.11996154487133
"rs7967369",-0.0455456338822842
"rs7970812",-0.0880030244588852
"rs569631",0.0887030363082886
"rs567779",0.0766570270061493
"rs28740188",-0.049001969397068
"rs11174670",0.119899772107601
"rs7954875",0.115263432264328
"rs12228213",-0.0454550497233868
"rs28370643",-0.0186282601207495
"rs11564223",-0.0489540360867977
"rs568483",0.0928911045193672
"rs561057",0.0928680747747421
"rs11174697",0.996436297893524
"rs11564224",-0.0106106726452708
"rs28370644",-0.0470919162034988
"rs28370645",-0.0454740636050701
"rs11174702",-0.0879586562514305
"rs139934319",-0.0149924047291279
"rs28370647",-0.0455064512789249
"rs28370648",-0.0188213810324669
"rs28370649",0.993586122989655
"rs189845831",-0.0121975345537066
"rs28370650",0.993190050125122
"rs532802",0.0796152129769325
"rs10747971",0.118487685918808
"rs117222943",-0.0159852467477322
"rs515205",0.0805668458342552
"rs515291",0.0921363011002541
"rs12312535",-0.0490859858691692
"rs12368785",-0.0276560261845589
"rs117990077",-0.0201735757291317
"rs28370654",-0.049002431333065
"rs10877929",-0.0455453395843506
"rs28370655",-0.0202332381159067
"rs79951428",-0.0281279012560844
"rs728129",-0.0139360725879669
"rs11174732",-0.0528057664632797
"rs11174735",-0.0455284491181374
"rs549727",0.0888372808694839
"rs4625545",-0.0847426503896713
"rs28370656",-0.0490010417997837
"rs35220137",-0.0316731408238411
"rs1482283",0.0888449475169182
"rs146744133",-0.0148647762835026
"rs28370659",-0.0489972122013569
"rs28370660",-0.0207419861108065
"rs7313209",-0.083807572722435
"rs28370664",0.99567836523056
"rs2242367",-0.0727370977401733
"rs551739",0.0766076073050499
"rs28370666",-0.045420341193676
"rs117798013",-0.0243044849485159
"rs7969495",-0.0489963255822659
"rs520138",0.0887768566608429
"rs7959498",-0.0867253988981247
"rs7313231",-0.0875877663493156
"rs186204741",-0.0151513367891312
"rs1542594",-0.072749525308609
"rs11564219",-0.0253092814236879
"rs7139216",-0.083813451230526
"rs10877955",-0.0314044915139675
"rs149758764",-0.0213381964713335
"rs2128275",-0.0876913294196129
"rs28370681",-0.0490258075296879
"rs556141",0.0766972377896309
"rs28370682",0.994831502437592
"rs10784338",0.155125081539154
"rs483163",0.0766799971461296
"rs10784340",-0.0315012708306313
"rs117295538",0.994800865650177
"rs11174809",-0.0872128456830978
"rs11174812",-0.0878518894314766
"rs28370683",-0.0314634777605534
"rs11174813",-0.0878137573599815
"rs78796480",-0.0131901875138283
"rs28370830",0.994793057441711
"rs10877971",-0.0314720496535301
"rs80040817",-0.0165810659527779
"rs79680998",-0.048984706401825
"rs17442074",-0.0199464801698923
"rs11174831",-0.0314583964645863
"rs1994090",0.0642269179224968
"rs17458086",-0.0168276503682137
"rs11564200",-0.0140151791274548
"rs10877990",0.162379696965218
"rs11564199",0.995456635951996
"rs17442108",-0.049073688685894
"rs149304757",-0.0113559672608972
"rs2128276",-0.0728468745946884
"rs11174854",-0.0250801686197519
"rs2896825",-0.0868096724152565
"rs4611275",-0.0370415560901165
"rs2404347",-0.0370473302900791
"rs78131768",0.994342029094696
"rs7978715",0.0634268298745155
"rs7306944",0.0533684082329273
"rs10747989",0.159350737929344
"rs11174918",-0.0727581456303596
"rs10784353",0.13697025179863
"rs10878029",-0.0726822763681412
"rs17442143",-0.00833961088210344
"rs10878031",0.13697475194931
"rs17458156",-0.0314753204584122
"rs2200086",-0.0302092041820288
"rs11174928",-0.0314881503582001
"rs140117866",0.988585770130157
"rs10878035",-0.0336433611810207
"rs151140703",-0.0151466578245163
"rs141164228",-0.00914819724857807
"rs10878036",-0.0477269031107426
"rs61931530",-0.0451405793428421
"rs80070285",-0.0489910431206226
"rs11564162",-0.0604156777262688
"rs10784356",0.139973253011703
"rs7967822",-0.0730924755334854
"rs17442157",-0.0314897708594799
"rs117339363",-0.0180114563554525
"rs12372213",-0.0314885787665844
"rs142790151",-0.0146532515063882
"rs10784359",-0.100404851138592
"rs11564279",-0.0728188827633858
"rs28365683",-0.0314927212893963
"rs7966741",-0.0455618873238564
"rs78744098",-0.00945272017270327
"rs140336376",-0.0090632950887084
"rs11564198",-0.0335951112210751
"rs113846266",-0.0157617423683405
"rs7954510",-0.0619259588420391
"rs17442213",-0.0263906661421061
"rs7134524",0.0518777556717396
"rs1871895",-0.0729372873902321
"rs117218197",-0.0191314797848463
"rs4768210",0.0517702586948872
"rs182273400",-0.00897031463682652
"rs143310459",-0.0137263918295503
"rs9804842",-0.0485604740679264
"rs17442227",-0.0300028193742037
"rs12424040",0.990222215652466
"rs10878049",-0.0959548130631447
"rs10878050",-0.057496327906847
"rs1384236",0.0331056118011475
"rs11564217",-0.0107313487678766
"rs12426378",0.989205837249756
"rs11174998",-0.045514389872551
"rs7971218",-0.0484872162342072
"rs7974495",-0.0343252159655094
"rs149233917",-0.0147803965955973
"rs7962819",-0.0257436409592628
"rs1482289",0.0520116090774536
"rs28365689",0.988664448261261
"rs11175021",-0.0455484054982662
"rs117855055",-0.0246099419891834
"rs11175023",-0.0336309634149075
"rs11175024",-0.0973252281546593
"rs11175027",-0.0455322861671448
"rs12823555",-0.0958701744675636
"rs17458299",-0.0492445230484009
"rs10082797",-0.0485868155956268
"rs17442304",-0.0492397323250771
"rs7315459",0.0330777429044247
"rs7304279",0.0517913959920406
"rs12813098",-0.0958288460969925
"rs1600866",0.140516087412834
"rs17458327",-0.0264486204832792
"rs28365169",0.988610863685608
"rs17442353",-0.0305268969386816
"rs17458341",-0.0365371070802212
"rs2101144",-0.0456066802144051
"rs2404352",0.140476554632187
"rs2086598",-0.0492630377411842
"rs144103919",-0.00908759236335754
"rs4768212",0.0330781452357769
"rs4767960",-0.0957706198096275
"rs141025863",0.988087177276611
"rs11175090",-0.0456551983952522
"rs77205332",0.988997101783752
"rs11175094",-0.04565254971385
"rs2624249",0.0231299232691526
"rs1586038",0.137160167098045
"rs11175100",-0.0170005969703197
"rs11175102",-0.0314917452633381
"rs11175103",-0.0314961820840836
"rs11175106",-0.0456447601318359
"rs17458396",-0.0492416545748711
"rs17458403",-0.049242977052927
"rs75199793",-0.0138451801612973
"rs2708453",-0.0517371855676174
"rs527383819",-0.0105083771049976
"rs7960662",0.140358433127403
"rs143101378",0.986882627010345
"rs147422081",-0.0491895116865635
"rs28365172",-0.0314993821084499
"rs193259836",-0.0132930558174849
"rs61931559",-0.0203214790672064
"rs11564216",0.988782644271851
"rs1463718",-0.0517707914113998
"rs10878081",-0.0487393736839294
"rs28365173",0.988685071468353
"rs11564161",-0.0298584531992674
"rs3925535",-0.0972484350204468
"rs9669240",-0.0972483530640602
"rs1482282",-0.0491860546171665
"rs716268",-0.0957068428397179
"rs1384234",-0.0521343797445297
"rs11564133",-0.0492575354874134
"rs6581504",-0.0956570282578468
"rs11564160",-0.0492455884814262
"rs55707305",-0.0492619574069977
"rs10878089",-0.0971682444214821
"rs17442462",-0.0204018317162991
"rs17442469",-0.0492334440350533
"rs12322131",-0.0302533004432917
"rs12814276",-0.0202547181397676
"rs1491933",-0.0517177991569042
"rs10506144",0.988292157649994
"rs73093506",-0.0173384360969067
"rs117880631",0.988354325294495
"rs10454013",-0.0455622225999832
"rs2708445",0.045647494494915
"rs2708446",-0.0517448857426643
"rs7302006",-0.0455704443156719
"rs2896905",-0.095473475754261
"rs1482286",-0.0485654175281525
"rs10784369",0.140228644013405
"rs11175186",0.986940205097198
"rs17458501",-0.0513003021478653
"rs10784370",-0.113183580338955
"rs931207",-0.0341791622340679
"rs17483628",-0.0492994524538517
"rs1472118",-0.113131202757359
"rs17442511",-0.0348954126238823
"rs7305377",-0.0492826104164124
"rs139518863",0.970694541931152
"rs116921319",-0.0493297837674618
"rs78917199",0.98277074098587
"rs28365179",-0.0317862443625927
"rs4768213",0.975920736789703
"rs76155148",-0.0352579355239868
"rs3812791",0.111928381025791
"rs7132203",-0.117832437157631
"rs878010",-0.111712694168091
"rs900253",0.111739747226238
"rs937111",0.111727148294449
"rs949640",-0.0318263657391071
"rs2708449",-0.111705809831619
"rs17518546",-0.0318189710378647
"rs2404573",-0.117727592587471
"rs6581514",0.111707508563995
"rs73093523",-0.0171921793371439
"rs729215",0.975491046905518
"rs729216",0.111721903085709
"rs4767961",0.963997006416321
"rs17442539",-0.0139659754931927
"rs1482287",0.111709930002689
"rs1905121",-0.111709661781788
"rs11564118",-0.0352221801877022
"rs17458549",0.975509703159332
"rs146202935",-0.0166256949305534
"rs2638232",-0.111722312867641
"rs7310430",0.111677072942257
"rs12581285",-0.0318220481276512
"rs2638231",-0.111702159047127
"rs17458556",0.970438182353973
"rs7965653",-0.117726646363735
"rs113039723",-0.0277253054082394
"rs1482288",0.11161182820797
"rs1117378",0.111601620912552
"rs7307584",-0.0594907179474831
"rs6581519",0.111599989235401
"rs7294410",0.111584223806858
"rs7311534",0.111598387360573
"rs17458585",-0.0416078194975853
"rs7297900",0.111585900187492
"rs2638228",-0.081957072019577
"rs1116945",0.111581914126873
"rs117563959",0.962048351764679
"rs7302644",0.111607290804386
"rs10784378",0.111614972352982
"rs10784379",0.11138242483139
"rs974416",-0.111652113497257
"rs974415",-0.111162036657333
"rs7960811",0.111602045595646
"rs7978410",-0.0352095849812031
"rs145381749",-0.035180501639843
"rs2170503",0.111583106219769
"rs10784381",0.111118629574776
"rs11175256",-0.0317901335656643
"rs17458613",-0.0318455398082733
"rs7306140",0.109384000301361
"rs7135678",-0.0356955379247665
"rs4533099",-0.0464806221425533
"rs11564137",-0.0416000410914421
"rs61933163",-0.0464722439646721
"rs11175260",-0.0318555869162083
"rs1482285",-0.113601200282574
"rs1482284",0.110552243888378
"rs2128274",0.110730439424515
"rs2128273",-0.11318327486515
"rs2046933",0.110552042722702
"rs11175262",-0.0464349798858166
"rs74767149",-0.0581114701926708
"rs2172243",0.111022219061852
"rs35316273",0.960458397865295
"rs7306139",0.111027009785175
"rs7295598",0.145872190594673
"rs7296203",-0.0416295640170574
"rs10747999",0.111025840044022
"rs7300121",0.111049644649029
"rs113462463",-0.0140172289684415
"rs11175266",-0.0464789234101772
"rs7311031",0.111025869846344
"rs143807299",-0.013991778716445
"rs10878113",-0.114558570086956
"rs11833426",-0.0240713804960251
"rs112848846",-0.0253811795264482
"rs1031996",0.109649755060673
"rs17442665",-0.035547960549593
"rs12230710",-0.114557392895222
"rs12422544",0.960368156433105
"rs7135815",-0.0464065745472908
"rs937110",0.109712742269039
"rs10784386",0.109576188027859
"rs12099949",-0.0355844423174858
"rs11175275",-0.114707589149475
"rs142516728",0.960725784301758
"rs113691308",-0.0140518257394433
"rs1388585",-0.959852814674377
"rs2404574",-0.0430983081459999
"rs937109",-0.109315693378448
"rs767940",-0.0601527877151966
"rs10878123",-0.0317235663533211
"rs1873610",-0.0582168102264404
"rs2253736",-0.383722603321075
"rs2638224",-0.168700754642487
"rs117666480",-0.0140279782935977
"rs78449863",-0.0143583221361041
"rs12307750",-0.0307297147810459
"rs12309175",-0.0307290833443403
"rs10784387",-0.072258748114109
"rs17442721",-0.00748367048799992
"rs726330",-0.0596764162182808
"rs17442735",-0.0355391763150692
"rs7306099",-0.0596440657973289
"rs2638223",-0.959519147872925
"rs7294643",-0.0596402063965797
"rs2708460",-0.959517478942871
"rs17442742",-0.0596464835107327
"rs17442749",-0.0596780627965927
"rs2638222",-0.199073538184166
"rs7484475",-0.0596540048718452
"rs7306718",-0.0596932433545589
"rs17442756",-0.0596519038081169
"rs17442763",-0.0598765276372433
"rs12308185",-0.0306952577084303
"rs17458752",-0.0596353858709335
"rs67985538",-0.0596433058381081
"rs17458759",-0.0596438273787498
"rs17458766",-0.0596363842487335
"rs17442770",-0.0600234642624855
"rs2638271",-0.2093475908041
"rs2638270",0.0565484799444675
"rs2638269",-0.168634667992592
"rs2638268",-0.209335461258888
"rs17458780",-0.0356054753065109
"rs17489985",-0.035598311573267
"rs11175332",-0.0565278567373753
"rs17442805",-0.043196227401495
"rs143302277",-0.0156451109796762
"rs118148378",0.959020137786865
"rs17442812",-0.035546962171793
"rs78214347",0.958967924118042
"rs1463721",-0.0599310807883739
"rs1463720",-0.130084797739983
"rs2708463",-0.209259390830994
"rs17458808",0.958648562431335
"rs1463719",-0.129964128136635
"rs2638267",-0.17773899435997
"rs722817",-0.177720621228218
"rs2638266",-0.109336279332638
"rs17442853",-0.0595807209610939
"rs1491931",-0.109259471297264
"rs17458836",-0.0355481095612049
"rs7974972",-0.059579536318779
"rs10506145",-0.0431946516036987
"rs1388592",-0.0306175481528044
"rs1388591",-0.177741095423698
"rs10878160",-0.0599321648478508
"rs2638264",-0.109082765877247
"rs10878161",-0.0598404444754124
"rs10878162",-0.0598520003259182
"rs2638263",-0.109405435621738
"rs75748985",-0.0429100580513477
"rs2638262",-0.109402991831303
"rs9652020",-0.0305907838046551
"rs1388590",-0.109301075339317
"rs11564122",-0.03559859842062
"rs79149174",-0.0355986692011356
"rs11175371",-0.0563205108046532
"rs2638260",-0.109169937670231
"rs117825255",-0.0152245359495282
"rs78801254",-0.0429211780428886
"rs1352876",-0.109293729066849
"rs1491930",-0.177679419517517
"rs11564215",-0.0458099283277988
"rs11564132",-0.0355860404670238
"rs2638259",-0.130332604050636
"rs10437933",-0.0595544278621674
"rs10437934",-0.059548132121563
"rs7959787",-0.0357014052569866
"rs11564276",-0.059517502784729
"rs74869552",0.955864548683167
"rs17442924",0.955771207809448
"rs716231",-0.109415352344513
"rs2638258",-0.109358564019203
"rs2708464",-0.109391331672668
"rs1873613",-0.1778504550457
"rs1873612",-0.109295696020126
"rs1873611",-0.177851274609566
"rs10784407",-0.0596790760755539
"rs10878170",-0.0596602782607079
"rs17461429",-0.0317637510597706
"rs2708465",-0.208837732672691
"rs1388589",-0.109472163021564
"rs1388588",-0.177847072482109
"rs2638257",-0.109344936907291
"rs1491929",-0.130537509918213
"rs11564214",-0.00277580646798015
"rs4363681",-0.109440498054028
"rs7305994",-0.0356400571763515
"rs11564157",-0.0478025004267693
"rs2201143",-0.130355581641197
"rs74567731",-0.043084442615509
"rs2220677",-0.130354508757591
"rs2708466",-0.109298214316368
"rs2708467",-0.130353763699532
"rs73107684",-0.017718194052577
"rs2131083",-0.130354329943657
"rs2131082",-0.130354210734367
"rs2708470",-0.130354210734367
"rs111418867",-0.014142925851047
"rs74501770",-0.0356409139931202
"rs2708472",-0.130354166030884
"rs11175401",-0.0318396985530853
"rs2708473",-0.10939447581768
"rs2708474",-0.109298005700111
"rs10878174",-0.0596518293023109
"rs2638254",-0.109300173819065
"rs2708476",-0.130360677838326
"rs11175405",-0.0556609220802784
"rs17458974",-0.0356543846428394
"rs2708477",-0.177802622318268
"rs2708478",0.0300787314772606
"rs2708479",-0.177765130996704
"rs79179868",-0.0256041679531336
"rs2708480",-0.109394744038582
"rs11175409",-0.0477603822946548
"rs2638253",-0.177767500281334
"rs2708481",-0.17776346206665
"rs11564194",-0.059540618211031
"rs147453112",0.914947748184204
"rs2708482",-0.177766054868698
"rs139898997",0.953853070735931
"rs2708485",-0.109298795461655
"rs2708486",0.0431703887879848
"rs7305155",-0.035682488232851
"rs2708487",-0.177764445543289
"rs7308399",-0.0595431104302406
"rs10878180",-0.0595960542559624
"rs11175422",-0.031820360571146
"rs2249017",-0.177764549851418
"rs2307016",-0.0595960021018982
"rs2249010",-0.177203953266144
"rs2248928",-0.177765101194382
"rs1388587",-0.177764520049095
"rs1388586",-0.109374396502972
"rs728622",-0.109388075768948
"rs17443022",-0.026181947439909
"rs728624",-0.177764520049095
"rs728623",-0.109308168292046
"rs11564156",-0.0153245804831386
"rs137941755",0.953824937343597
"rs2708488",-0.130376026034355
"rs115677680",-0.0356707163155079
"rs2708489",-0.177768751978874
"rs76680676",-0.0430531240999699
"rs7300197",-0.0596156492829323
"rs1948380",-0.109363056719303
"rs2638252",-0.17808011174202
"rs7301226",-0.0478577725589275
"rs1491928",-0.178063899278641
"rs11564275",-0.0357194840908051
"rs117916891",-0.0195832550525665
"rs2638251",-0.130549773573875
"rs149318169",0.9537153840065
"rs1491927",-0.109476514160633
"rs7973688",-0.047862745821476
"rs1491926",-0.0432298481464386
"rs1491925",0.0558530017733574
"rs2638250",-0.379902333021164
"rs17465400",-0.0432338900864124
"rs17465400",-0.0121960202232003
"rs2638249",-0.109505109488964
"rs3763985",-0.0305210594087839
"rs7314494",-0.0970534607768059
"rs146640288",0.95374596118927
"rs2708491",-0.109546296298504
"rs7300065",-0.0355391949415207
"rs7300161",-0.0355371423065662
"rs2708492",-0.109695643186569
"rs11175454",-0.0515224151313305
"rs117244963",0.953607559204102
"rs79166808",-0.036145206540823
"rs11175456",-0.0491365753114223
"rs10878199",-0.0606620460748672
"rs2638247",0.0559086725115776
"rs77365890",-0.0357182435691357
"rs2708493",-0.108456544578075
"rs11175458",-0.0568793714046478
"rs17443064",-0.014260153286159
"rs6581578",-0.0596355050802231
"rs17443078",0.953455209732056
"rs17465428",-0.0357054024934769
"rs11564116",-0.0357198379933834
"rs2971187",-0.209033787250519
"rs72644819",-0.0318041183054447
"rs140143238",-0.0598227605223656
"rs145873901",0.952579140663147
"rs7953143",-0.0478619858622551
"rs2638245",-0.108780100941658
"rs2638244",-0.166681423783302
"rs7974522",-0.0432994030416012
"rs11612806",-0.0604562498629093
"rs17443099",-0.00403197854757309
"rs2708494",-0.107600130140781
"rs17443112",-0.0433188751339912
"rs12368891",-0.0341213978827
"rs17465463",-0.0147228883579373
"rs113943383",-0.0141806453466415
"rs146097617",-0.0366541519761086
"rs142152735",-0.0258730221539736
"rs139408196",-0.0258801989257336
"rs2708404",0.0606045760214329
"rs144434562",-0.0177659001201391
"rs114097337",-0.0366421081125736
"rs2952711",0.0368096604943275
"rs2638239",-0.107462607324123
"rs2404577",-0.0604881681501865
"rs2404578",-0.0491757430136204
"rs138185953",-0.0154367769137025
"rs17443140",-0.0366507023572922
"rs11564135",-0.0366522893309593
"rs17461492",-0.043341401964426
"rs11175518",-0.0318723395466805
"rs2046932",-0.0321035571396351
"rs17443154",0.952025413513184
"rs12369765",-0.0318814814090729
"rs187009983",0.952011466026306
"rs149704101",-0.0149737494066358
"rs77627926",-0.0201137475669384
"rs76317623",0.951977014541626
"rs55993200",-0.0433468967676163
