"SNP","rs6497339"
"rs2641913",0.00439836131408811
"rs2606433",0.00109357060864568
"rs2650563",0.0043586166575551
"rs11645371",-0.004254134837538
"rs2641906",0.00508953304961324
"rs563903839",0.0208481289446354
"rs2606432",-0.00749397603794932
"rs12925600",-0.00339442538097501
"rs11648214",-0.00752211967483163
"rs11648357",-0.00751022668555379
"rs8046933",-0.00554393697530031
"rs8045573",-0.00555779272690415
"rs113375795",-0.00593411177396774
"rs2606430",-0.00492824614048004
"rs7194624",-0.00432722456753254
"rs145210400",-0.00145008321851492
"rs145465968",-0.00547863310202956
"rs141695819",0.00215911539271474
"rs2606429",0.00448600528761744
"rs4637337",-0.00445306720212102
"rs145425589",0.00495551666244864
"rs34878631",-0.0055136987939477
"rs68125569",-0.00451051909476519
"rs34110357",-0.0045128595083952
"rs2606426",0.00432814471423626
"rs2650654",-0.00622175820171833
"rs117510064",-0.0091682206839323
"rs11646808",-0.00469086086377501
"rs9635482",-0.00550673110410571
"rs11642061",-0.00461829453706741
"rs71382563",-0.0046177264302969
"rs2641901",-0.00221372302621603
"rs2641900",-0.0053625637665391
"rs2641899",-0.00221988512203097
"rs71382564",-0.00561772892251611
"rs1874027",-0.00225461693480611
"rs146346955",0.00534657621756196
"rs117671848",0.0110004572197795
"rs41461745",-0.00664015952497721
"rs2606565",-0.0015138085000217
"rs2606564",-0.00187847763299942
"rs77918452",-0.0034318445250392
"rs12445883",-0.00373546639457345
"rs2606563",-0.000948438886553049
"rs2641892",0.00518291443586349
"rs17663059",0.00504437368363142
"rs58900521",-0.00367557164281607
"rs12922498",-0.00366530800238252
"rs9934032",0.00503182830289006
"rs1969062",-0.00371676776558161
"rs1049471",0.00494600180536509
"rs144758973",-0.00382969947531819
"rs139969480",-0.00359358638525009
"rs11540998",-0.00570599408820271
"rs2650628",-0.00122232316061854
"rs12919495",-0.00573595892637968
"rs2641890",0.00485744280740619
"rs78436134",-0.00573776522651315
"rs71382566",-0.00574889173731208
"rs137981982",0.00545846996828914
"rs2641889",-0.00122507428750396
"rs191168232",0.00337329739704728
"rs2606562",-0.00447263941168785
"rs2641888",0.00499002914875746
"rs182182482",-0.00144544523209333
"rs60791150",-0.00382329989224672
"rs72775691",-0.00389027036726475
"rs2035975",-0.00388851063326001
"rs17663173",0.00495415879413486
"rs2650626",0.00484929326921701
"rs62046278",0.00237068068236113
"rs76014497",-0.00384567771106958
"rs2650625",0.00494038453325629
"rs75206489",-0.00266124121844769
"rs1532305",-0.00369360018521547
"rs2650624",0.00489061139523983
"rs117211694",-0.00342441303655505
"rs2606561",0.00488874781876802
"rs146516225",-0.013370587490499
"rs12447002",-0.00352690229192376
"rs78727196",-0.00403123861178756
"rs8560",-0.00346689205616713
"rs71382567",-0.00746983988210559
"rs3751745",-0.00574868358671665
"rs2606559",0.00503200851380825
"rs2606558",-0.000912909861654043
"rs35447342",-0.00575623707845807
"rs10500402",-0.00350998574867845
"rs12935252",-0.00350891752168536
"rs78060140",-0.00576104130595922
"rs80169820",-0.00650301016867161
"rs139834336",-0.0143597917631269
"rs2291662",-0.00354823097586632
"rs11640850",-0.00351307401433587
"rs11074336",-0.00349296350032091
"rs2606555",-0.00416572391986847
"rs36081510",-0.00345279229804873
"rs2606553",-0.00419773161411285
"rs2606551",-0.00419114856049418
"rs2606550",0.00487005757167935
"rs67115982",-0.0034505776129663
"rs2291661",-0.00352269364520907
"rs12920530",-0.00583429262042046
"rs2270505",-0.00583423022180796
"rs34366611",-0.00342424027621746
"rs34698930",-0.00583442905917764
"rs71382569",-0.00583442905917764
"rs12930188",-0.00583442905917764
"rs2606549",-0.0041704960167408
"rs34428559",-0.00342424027621746
"rs2270504",-0.00447157630696893
"rs141985106",-0.00418070144951344
"rs34535781",-0.00267813680693507
"rs12443724",-0.00339630665257573
"rs140556252",0.0107783926650882
"rs76937745",0.00929461512714624
"rs76207197",-0.0058349035680294
"rs2606548",-0.00466490164399147
"rs12445870",-0.00341446651145816
"rs12448649",-0.00353103037923574
"rs904821",-0.00379598187282681
"rs735173",0.00500121898949146
"rs28535021",0.00500077800825238
"rs1809907",-0.00342787988483906
"rs11642441",-0.00352920452132821
"rs2650621",-0.00113537814468145
"rs11649439",-0.00349986553192139
"rs11644096",-0.00343782221898437
"rs9922815",0.0053131659515202
"rs78894267",-0.011643928475678
"rs12926397",-0.00583998393267393
"rs11646765",-0.00356336962431669
"rs56079655",-0.0090831583365798
"rs17663706",-0.000949073117226362
"rs35939589",-0.00490769743919373
"rs3816919",-0.00585470115765929
"rs17663759",-0.00343998754397035
"rs11644862",0.00612625945359468
"rs35168818",-0.00354649219661951
"rs2257618",0.00488488050177693
"rs9937446",0.00498766871169209
"rs9635473",-0.00573161942884326
"rs2641837",0.00490090949460864
"rs7191057",-0.00585521990433335
"rs36121165",-0.00682574650272727
"rs2270849",-0.00361183378845453
"rs12926959",-0.00682770647108555
"rs2641810",0.00496256165206432
"rs2606547",0.00490291463211179
"rs2650619",-0.00418554432690144
"rs35368867",-0.00362783018499613
"rs12931397",-0.00586017640307546
"rs12932088",-0.00585752027109265
"rs2650618",0.00484236376360059
"rs2606545",-0.00114492839202285
"rs2606544",0.00492632621899247
"rs36084849",-0.00586472218856215
"rs2606543",-0.0042721526697278
"rs2650617",0.0049265674315393
"rs77824967",-0.00924168340861797
"rs117288554",-0.00357125513255596
"rs2650615",-0.00432703085243702
"rs12926531",-0.00586481252685189
"rs2606542",-0.00129973702132702
"rs2925508",-0.00392826413735747
"rs66993176",-0.000802521128207445
"rs12931729",-0.00347355660051107
"rs2650614",0.00475869933143258
"rs2650613",-0.00382729526609182
"rs17731690",-0.00324730668216944
"rs2650612",-0.00137031404301524
"rs9934073",0.00474789179861546
"rs2650611",-0.00410982361063361
"rs143211037",-0.0141909075900912
"rs2650610",-0.00414195843040943
"rs2967204",0.00477340025827289
"rs61039724",-0.00349171739071608
"rs17731755",0.00835847668349743
"rs17731779",-0.00718127377331257
"rs74572265",-0.00590873416513205
"rs2967203",-0.00428871298208833
"rs35921150",-0.00295878341421485
"rs118139637",-0.00217556720599532
"rs3752679",-0.00413735071197152
"rs143278090",0.00480664428323507
"rs138510056",0.00477080326527357
"rs117506357",-0.00746764335781336
"rs146520248",-0.00131181161850691
"rs144125728",0.00574680743739009
"rs62046318",0.00477751949802041
"rs2967206",-0.00126398587599397
"rs2925507",-0.00125810084864497
"rs2925506",-0.00127088604494929
"rs34371662",-0.00600616820156574
"rs2967201",0.00477701751515269
"rs34996105",-0.00587754370644689
"rs11648912",0.00480021489784122
"rs11863218",0.00477893697097898
"rs13334896",0.00486550806090236
"rs34767486",-0.00611112685874104
"rs13330428",-0.00124456733465195
"rs9940140",0.00479432661086321
"rs56060412",-0.00840595830231905
"rs2967207",-0.0041994359344244
"rs2967208",0.00479663256555796
"rs189976743",0.00432056095451117
"rs117332168",-0.00547328870743513
"rs11074338",-0.00418575759977102
"rs11647288",-0.00338335521519184
"rs11647339",-0.00346602825447917
"rs62046321",-0.00122627103701234
"rs2925517",0.00498553924262524
"rs36054827",-0.00346961431205273
"rs72777413",0.00424724677577615
"rs118009916",0.00750758079811931
"rs62046322",0.00487805251032114
"rs2925516",0.00478948140516877
"rs2925515",-0.001230638474226
"rs12919026",-0.00585133768618107
"rs181394758",0.00196909299120307
"rs2925514",-0.00118120107799768
"rs12924496",-0.00329156965017319
"rs2925511",0.00477248104289174
"rs10852222",-0.00115594640374184
"rs34018337",-0.00364075694233179
"rs138794426",-0.00585125014185905
"rs11863221",0.00476875016465783
"rs2925510",-0.0012442241422832
"rs11074340",-0.00585097167640924
"rs117093935",0.0056097530759871
"rs142342104",-0.00266490643844008
"rs2925512",-0.0012363325804472
"rs2925509",-0.0042283502407372
"rs28446517",0.00485378364101052
"rs4309378",-0.00338268931955099
"rs13334628",0.00479240017011762
"rs9934009",0.00485695991665125
"rs7191204",0.00475333537906408
"rs144714608",-0.00302174268290401
"rs12443667",-0.00334550673142076
"rs9924137",0.00476088188588619
"rs4550430",-0.00416621845215559
"rs188952073",0.00952257495373487
"rs28651587",0.00484117167070508
"rs35310333",-0.00591062707826495
"rs9932903",0.00476985471323133
"rs187019464",0.00651467218995094
"rs71382577",-0.00585809908807278
"rs9646253",-0.00332522578537464
"rs11074341",-0.00422876095399261
"rs12926351",-0.0058196154423058
"rs35503851",-0.00585089670494199
"rs11648494",-0.00334362545982003
"rs12102883",-0.00141756702214479
"rs34610620",-0.00539441080763936
"rs62047579",-0.00115780718624592
"rs12444418",-0.00333488918840885
"rs148528032",0.0090733552351594
"rs11642527",-0.00339165842160583
"rs12930220",-0.00328615680336952
"rs4782174",0.00450929114595056
"rs150448287",-0.00658018467947841
"rs35368384",-0.00105888117104769
"rs71382578",-0.00577465677633882
"rs11866747",0.00491610541939735
"rs11866925",-0.00105202337726951
"rs2550012",-0.00327922170981765
"rs117918864",0.00479341251775622
"rs12444081",-0.00329408049583435
"rs9922946",0.00491709681227803
"rs1850599",-0.00329437060281634
"rs8059736",0.00491959787905216
"rs34689359",-0.00319332862272859
"rs8044576",-0.00389725808054209
"rs4992983",-0.00108110439032316
"rs9939711",0.00501070125028491
"rs9940202",0.00501075247302651
"rs9934383",-0.00108121801167727
"rs12923950",-0.00583033543080091
"rs12924209",-0.00578398257493973
"rs35855951",-0.0033390112221241
"rs62047582",0.00499895494431257
"rs8047474",-0.00405691005289555
"rs12929467",-0.00336745101958513
"rs8048884",0.00490848813205957
"rs8062729",0.00491141946986318
"rs71382580",-0.00576212955638766
"rs8047949",0.00498283840715885
"rs12930236",-0.00336207496002316
"rs143809536",-0.00929174572229385
"rs8047958",0.00494052795693278
"rs140661859",-0.00576086947694421
"rs12931986",-0.00406058970838785
"rs118161646",-0.00148975569754839
"rs147430510",0.00751153426244855
"rs144422278",0.009264693595469
"rs3892602",-0.00107518630102277
"rs3892603",-0.0058328565210104
"rs3890185",-0.00348524749279022
"rs143652935",-0.00357703771442175
"rs62047583",0.00465600751340389
"rs7204193",0.00500986399129033
"rs8044494",-0.00415343651548028
"rs12708618",-0.00113119278103113
"rs11648990",-0.00337919592857361
"rs7193064",0.00495171220973134
"rs35364526",-0.00580180995166302
"rs12920086",-0.00309211341664195
"rs8056694",-0.00108896801248193
"rs34837984",-0.00253534829244018
"rs34573093",-0.0025884504429996
"rs4780767",0.00469475891441107
"rs55904810",-0.00311044696718454
"rs12930506",-0.0057804761454463
"rs12930828",-0.00313154747709632
"rs28678732",-0.00112519459798932
"rs35873055",-0.00577547075226903
"rs34703034",0.00474195787683129
"rs66740388",-0.00325960386544466
"rs12232383",-0.0056776306591928
"rs12148927",-0.00360790779814124
"rs57231970",0.0049124457873404
"rs57551596",0.00500351935625076
"rs11074343",-0.00103262392804027
"rs35083749",-0.00351636204868555
"rs9926931",0.00491651194170117
"rs147123858",-0.00571119133383036
"rs7201450",0.00492011476308107
"rs78223457",-0.0010377480648458
"rs62047589",0.00500059220939875
"rs34483528",-0.00364215718582273
"rs9746290",0.00491480529308319
"rs36073655",-0.00103435572236776
"rs62047592",0.004906902089715
"rs4278734",-0.00365994917228818
"rs35480808",-0.00102828675881028
"rs35959394",-0.00358482776209712
"rs149041173",0.00492425635457039
"rs4541059",-0.00429381849244237
"rs62044171",0.0049844654276967
"rs71382583",-0.00570415146648884
"rs35408730",-0.00571197690442204
"rs35970907",-0.00574363255873322
"rs4277326",-0.00349678145721555
"rs12923844",-0.000991510227322578
"rs539335677",0.0051221651956439
"rs71382585",-0.00574169447645545
"rs34639116",0.00149638345465064
"rs28661209",0.00436744466423988
"rs7201227",-0.00445057591423392
"rs7201233",0.00433883164077997
"rs4780769",-0.0043529006652534
"rs9928476",0.00427654478698969
"rs140380345",-0.0113715250045061
"rs12934402",-0.00152268912643194
"rs554240080",0.000246243085712194
"rs11644638",-0.00468544801697135
"rs71382587",-0.00298458058387041
"rs142796556",-0.00390602415427566
"rs12931466",-0.00394304981455207
"rs13333552",-0.00130884442478418
"rs12923603",-0.0042321546934545
"rs9934555",-0.00497519550845027
"rs34298709",-0.00306297559291124
"rs35831020",0.00394645938649774
"rs11074344",-0.0042755426838994
"rs59711393",0.0045311632566154
"rs62044176",-0.00392494071274996
"rs117825127",-0.00367355532944202
"rs141706900",0.00143725657835603
"rs4432257",-0.00229761376976967
"rs35047823",-0.00562650291249156
"rs4556770",0.000611120834946632
"rs118069724",-0.00381034193560481
"rs9302378",0.00338229117915034
"rs9806932",0.000291027594357729
"rs138149755",-0.00568432686850429
"rs12927397",0.0032106377184391
"rs6497301",0.000475505366921425
"rs6497302",0.000676156021654606
"rs12932945",-0.00571943679824471
"rs189398054",0.00814453978091478
"rs181986519",0.00734968343749642
"rs72777431",-0.0058627026155591
"rs12934937",0.00391160929575562
"rs139900982",0.00494446512311697
"rs12922651",0.00336246751248837
"rs7205322",-0.00557580217719078
"rs7186675",0.00386657752096653
"rs13329956",-0.00701171532273293
"rs8048623",0.00572424149140716
"rs36036327",0.00322205666452646
"rs13331115",0.00377440452575684
"rs8053376",0.00567229697480798
"rs117892687",0.00479342602193356
"rs12933625",0.00317877624183893
"rs7184905",0.00570722483098507
"rs4782178",0.00573586532846093
"rs34052281",-0.00726323435083032
"rs4782179",0.00593453645706177
"rs8049473",0.00572388898581266
"rs8049675",0.00573140289634466
"rs7192763",0.00364245707169175
"rs4782180",0.00667045265436172
"rs6497304",0.00574811687693
"rs9796998",0.00333920354023576
"rs35747409",-0.00700397044420242
"rs8055373",0.005759472027421
"rs141404035",0.00433872314170003
"rs150804333",0.000885670073330402
"rs7197797",0.00360567681491375
"rs4782181",0.00574280507862568
"rs4782182",0.00575659982860088
"rs12149814",0.00647477945312858
"rs12149948",0.00353796314448118
"rs7193523",0.00459706876426935
"rs59455016",-0.00742942653596401
"rs28380402",0.00711177894845605
"rs7193786",0.00705351028591394
"rs11074345",0.00409768940880895
"rs12923617",0.00457938620820642
"rs146025755",0.0114715248346329
"rs8047908",0.00696039805188775
"rs11074346",0.00398067198693752
"rs12444582",0.00687354197725654
"rs12447338",0.00418167188763618
"rs6497305",0.00675756530836225
"rs7195292",0.00454420503228903
"rs6497307",0.00661426223814487
"rs4782183",0.00660907197743654
"rs4782184",0.00660965265706182
"rs4780770",0.00664033135399222
"rs4780771",0.00663864566013217
"rs4780772",0.00664666621014476
"rs55803634",-8.70800577104092e-05
"rs13339252",0.00360078830271959
"rs11074347",0.00462103169411421
"rs6497308",0.00746103376150131
"rs67884063",-0.00784051977097988
"rs9932096",0.00770659372210503
"rs78227835",-0.00675909547135234
"rs7188683",0.00734810903668404
"rs7189098",0.00630643498152494
"rs11646535",0.00318752834573388
"rs7195120",0.00293461605906487
"rs4780773",-6.25383108854294e-05
"rs142778045",0.0155317299067974
"rs150742650",0.0189311597496271
"rs79772922",0.00439938344061375
"rs11649463",-0.0136372586712241
"rs11861904",-0.0109131364151835
"rs4782185",-0.0124125219881535
"rs12934663",0.015431827865541
"rs35953123",-0.0110592730343342
"rs7498412",0.0113506717607379
"rs190693692",-0.000802045688033104
"rs61125646",-0.0109279761090875
"rs59688324",-0.0103575866669416
"rs35067852",0.0165213942527771
"rs74696339",-0.00415001157671213
"rs76367248",-0.00155822932720184
"rs113742846",-0.0113556003198028
"rs4402551",0.017105283215642
"rs4605145",0.016236400231719
"rs4493031",0.0161379966884851
"rs4383130",0.0163442604243755
"rs141527388",0.00456960732117295
"rs12920413",0.0114666242152452
"rs12919370",0.0163401793688536
"rs12919500",0.0163417533040047
"rs34737930",0.0163710787892342
"rs142686927",0.00387568213045597
"rs34792334",0.0162481032311916
"rs8054604",-0.0112758651375771
"rs138947689",0.00212035933509469
"rs111995230",-0.00520856957882643
"rs5006896",0.0162098258733749
"rs56971759",-0.011480737477541
"rs11862815",0.0113336509093642
"rs6497309",0.0113401347771287
"rs12918468",0.0162729490548372
"rs76070614",-0.0073384502902627
"rs12921833",0.016416322439909
"rs76407139",0.0115745728835464
"rs4589540",-0.00509477453306317
"rs4346190",-0.0061093526892364
"rs4362374",0.0161035731434822
"rs12933603",0.0160914026200771
"rs28597816",0.016171645373106
"rs12934470",0.0161495450884104
"rs12935401",0.016154246404767
"rs35483789",0.0161312930285931
"rs12920417",0.0160038210451603
"rs117852094",-0.00340857775881886
"rs7202506",-0.00652047013863921
"rs28604426",0.018302196636796
"rs4782188",0.017516665160656
"rs72777445",-0.0114090256392956
"rs4366695",0.00945943407714367
"rs62044204",-0.012697521597147
"rs6497313",0.00948757212609053
"rs7196361",0.00949718244373798
"rs7196938",0.00963211711496115
"rs9932290",0.00960900820791721
"rs9921625",0.00947569403797388
"rs150217494",-0.0010873107239604
"rs7203397",0.0183374900370836
"rs141222234",0.00410196976736188
"rs9924612",-0.0132458368316293
"rs7186386",0.0181806012988091
"rs7186620",0.00957715418189764
"rs12929133",0.0188704878091812
"rs3935231",0.0189001467078924
"rs35826784",0.0188160296529531
"rs71373169",0.019206490367651
"rs147152908",0.0034083453938365
"rs146819718",0.00412268005311489
"rs12444151",-0.0121937226504087
"rs12922564",0.0193201974034309
"rs4782189",0.0193673074245453
"rs12448116",-0.0113589186221361
"rs9926581",-0.0137360328808427
"rs62044206",-0.0138715179637074
"rs12449116",-0.0193720199167728
"rs12449097",-0.000895260367542505
"rs145331749",0.00283310050144792
"rs181976071",-0.00305143836885691
"rs58449173",-0.0113444430753589
"rs142219777",0.000402637291699648
"rs60501576",0.0167333986610174
"rs11859885",-0.0122022228315473
"rs12444249",-0.0109126614406705
"rs12444284",-0.0109659601002932
"rs143102126",0.00209009181708097
"rs58822413",-0.011719262227416
"rs150855546",-0.00307784229516983
"rs59366033",-0.0121921449899673
"rs4782190",0.0188796482980251
"rs7403903",-0.000983336940407753
"rs7403947",0.018903449177742
"rs35662553",0.0170480404049158
"rs12446033",-0.0116066094487906
"rs35157611",0.0171920899301767
"rs12448824",-0.00834458600729704
"rs74336633",-0.000566950067877769
"rs12933490",0.0172103401273489
"rs4780774",-0.000998965464532375
"rs8056733",0.0177539084106684
"rs8056630",0.0177632588893175
"rs8056640",0.0177637133747339
"rs8056785",0.0177444741129875
"rs12919944",0.0177298672497272
"rs186836369",-0.0064069302752614
"rs12920098",0.0177210867404938
"rs12443988",-0.0124500272795558
"rs62044209",-0.0123550109565258
"rs12443995",-0.0124835502356291
"rs12925268",0.0176966786384583
"rs12926505",0.00771492859348655
"rs12926647",0.0177687928080559
"rs118031079",-0.0029084924608469
"rs117825257",-0.00263671902939677
"rs9930509",0.00955941434949636
"rs11644664",-0.012477763928473
"rs11639817",-0.0124758360907435
"rs4438288",-0.0124742183834314
"rs7184903",-0.00100152799859643
"rs7186278",-0.000999626237899065
"rs77627341",-0.00234462274238467
"rs7186119",0.00956209003925323
"rs139929860",-0.0122568681836128
"rs12932258",0.00862629525363445
"rs4444327",-0.0150389289483428
"rs8051834",-0.00588877592235804
"rs144157218",-0.00386827439069748
"rs6497314",0.0152247538790107
"rs75615247",-0.00272948853671551
"rs4077849",0.0153194181621075
"rs185299478",-0.00245177187025547
"rs55868176",-0.00103151146322489
"rs115245993",-0.00862780027091503
"rs7190740",0.0153188779950142
"rs12599856",-0.0134473629295826
"rs4780775",0.0152759002521634
"rs139437693",0.0152886128053069
"rs61351865",-0.0125180380418897
"rs7188759",0.0152899567037821
"rs11649394",-0.0134148616343737
"rs11643915",-0.0112749049440026
"rs9930066",-0.0112631199881434
"rs4322648",0.0154504962265491
"rs4426336",0.00442265998572111
"rs11074351",-0.0135847190394998
"rs4265793",0.00480663916096091
"rs34531357",0.0153872286900878
"rs4578630",0.00106442393735051
"rs4467057",-0.000408352352678776
"rs8051547",0.00461484864354134
"rs11640739",-0.0155383832752705
"rs143176519",-0.00606164103373885
"rs12149179",0.0158275552093983
"rs150100677",0.00188790168613195
"rs9926513",-0.0133791668340564
"rs35250863",0.00197805371135473
"rs115131507",-0.00257003260776401
"rs28872596",-0.0112013015896082
"rs12919754",-0.0112535692751408
"rs7190066",0.00480828061699867
"rs79495269",-0.00134495366364717
"rs61744482",-0.00251727411523461
"rs79402306",-0.00251476373523474
"rs9937539",-0.0112163759768009
"rs55743338",-0.00676069408655167
"rs142240612",-0.00100162765011191
"rs76069674",-0.00225740810856223
"rs8045260",-0.000523173715919256
"rs71382595",0.00466286391019821
"rs4782192",-0.000608996953815222
"rs4782193",0.0044776126742363
"rs8049898",0.0156155191361904
"rs7192545",0.0156498681753874
"rs145495310",-0.00236288877204061
"rs115920892",-0.00256706960499287
"rs34679951",-0.011674196459353
"rs4782194",0.0157469119876623
"rs4782195",0.0154784135520458
"rs7188889",0.00422543007880449
"rs57197173",-0.00578971300274134
"rs4600450",-0.0139469532296062
"rs28583298",-0.0138205951079726
"rs149192431",-0.00358699215576053
"rs11074353",-0.0116459708660841
"rs117206399",-0.00180905312299728
"rs138318007",-0.00493101356551051
"rs149745195",-0.00384511705487967
"rs6497318",0.000203377101570368
"rs141119412",-0.00314491894096136
"rs35725599",0.0159496553242207
"rs7204704",0.000222457107156515
"rs12930676",-0.011567753739655
"rs116899319",-0.00539573468267918
"rs72777467",-0.0161481909453869
"rs4257196",0.0168463923037052
"rs4602025",0.00187264196574688
"rs4258597",0.000239703804254532
"rs78430374",-0.00299446796998382
"rs111266882",-0.00629549287259579
"rs116628607",-0.00280021736398339
"rs80044652",-0.00295698456466198
"rs12933286",0.016813151538372
"rs117107036",8.52979719638824e-05
"rs6416605",0.00404318515211344
"rs4782198",-0.000163168180733919
"rs4782199",0.0168369524180889
"rs58521713",-0.00238918559625745
"rs56304509",-0.0111796837300062
"rs55796412",-0.0140236848965287
"rs8043993",-0.0137627758085728
"rs8045943",0.000840329565107822
"rs61704050",-0.00195122882723808
"rs12447062",-0.0134003898128867
"rs73528926",-0.00243491865694523
"rs28706644",-0.00017369631677866
"rs28695599",-0.0153679195791483
"rs35247159",0.01546651404351
"rs11074355",-0.0153963258489966
"rs36109951",0.0098533034324646
"rs8062439",-0.000151359010487795
"rs9931943",0.000223400071263313
"rs111325141",0.00969545263797045
"rs12918623",0.01578064635396
"rs12708621",0.00126435095444322
"rs34868171",0.0157843586057425
"rs7194710",0.0158831067383289
"rs117404369",-0.00678328750655055
"rs73528937",-0.0103083364665508
"rs111532128",-0.0068371114321053
"rs12597765",-0.000342537183314562
"rs55792501",-0.000238097738474607
"rs12051270",-0.0114369923248887
"rs112879713",-0.00672154035419226
"rs118040700",0.0126515757292509
"rs7185860",-7.33812339603901e-05
"rs4494519",-0.000300317537039518
"rs6497321",-0.000191137660294771
"rs115554329",0.0100974477827549
"rs113756254",-0.0021364176645875
"rs12325108",-0.000238566193729639
"rs78426844",-0.00626296550035477
"rs8062131",-0.000249926932156086
"rs8062000",-0.000239637680351734
"rs111740229",0.0102837001904845
"rs148914150",0.00734073482453823
"rs8048236",0.00994511879980564
"rs145877558",-0.00246268883347511
"rs8047839",-0.0002343924716115
"rs138696250",-0.0128029156476259
"rs4278732",0.00969969294965267
"rs11074356",0.000110501423478127
"rs12929356",0.0096758771687746
"rs12448931",-0.0132596530020237
"rs79308959",-0.00635773036628962
"rs8045418",0.00992610864341259
"rs113269063",0.00991101376712322
"rs111347356",0.00989307183772326
"rs58329396",-0.00676825456321239
"rs11646094",-0.0134179266169667
"rs4782201",-7.79186375439167e-05
"rs117491682",0.0042584422044456
"rs34360567",-0.0136812459677458
"rs62025553",-0.0126509610563517
"rs17854511",-0.011185840703547
"rs73528948",-0.00671331444755197
"rs8052249",0.00992180872708559
"rs144926435",-0.00524924136698246
"rs73528949",-0.00673039071261883
"rs55736933",0.00974842719733715
"rs114671751",-0.00238703610375524
"rs112276443",-0.00652932655066252
"rs73528950",-0.00668245553970337
"rs113394506",-0.00234794383868575
"rs4238668",0.0098886527121067
"rs11074358",-0.0131461648270488
"rs8050453",-2.24709510803223e-05
"rs184040824",0.0118019441142678
"rs8053779",-0.00940742995589972
"rs73528953",-0.00670403288677335
"rs11641522",-0.0111317317932844
"rs112879133",-0.00670321751385927
"rs112998002",-0.00227276282384992
"rs148134861",-0.00226870132610202
"rs112710471",-0.00668394146487117
"rs4567694",0.000131831970065832
"rs12922816",0.000153691507875919
"rs12447898",-0.0112927984446287
"rs12447855",0.000123943667858839
"rs12447880",-0.000248390715569258
"rs34116405",-0.0133832497522235
"rs77128985",-0.00823587831109762
"rs7500550",0.00415290100499988
"rs77833897",0.00994308013468981
"rs146556703",-0.00632058782503009
"rs72777492",0.0102353515103459
"rs17357834",0.00538417417556047
"rs4531717",0.00124513497576118
"rs35787586",0.00540691008791327
"rs118158414",-0.00231039151549339
"rs8045599",0.00637501245364547
"rs35945667",0.00540853478014469
"rs35842556",0.00542830722406507
"rs4630530",-0.00495993532240391
"rs7192898",-0.00864303298294544
"rs192809799",0.00485632149502635
"rs4346187",0.000181775540113449
"rs35450989",0.00544229475781322
"rs11642179",0.000194042455404997
"rs11646974",0.000193984713405371
"rs73528964",-0.00225331448018551
"rs12599763",-0.00706126261502504
"rs78014980",-0.00104249967262149
"rs12935719",-0.0086085544899106
"rs117361580",-0.00169446272775531
"rs12443533",-0.00493856705725193
"rs4782202",0.000254797749221325
"rs9673167",-0.00860727019608021
"rs56267950",-0.0153470197692513
"rs190619719",-0.00874991435557604
"rs4494518",0.000244177877902985
"rs35189264",0.00282047502696514
"rs11074359",-0.00871067680418491
"rs66554427",0.00934238918125629
"rs56743170",-0.00637883553281426
"rs78472936",-0.0022262423299253
"rs71382597",0.00528472708538175
"rs11643792",-0.00502893840894103
"rs73528966",-0.00197500782087445
"rs77047007",0.00665034679695964
"rs111445564",0.00639946106821299
"rs58113237",-0.00630268966779113
"rs11642064",-0.00863443780690432
"rs72777499",-0.00535932648926973
"rs35064512",0.00531776621937752
"rs7185369",0.00630888529121876
"rs11074360",0.000167808029800653
"rs8051232",0.00547858793288469
"rs74841864",-0.0102538028731942
"rs72777500",0.00641574710607529
"rs72777502",0.00637284805998206
"rs6497322",0.00120345549657941
"rs6497323",0.000100617296993732
"rs8059923",0.00932754017412663
"rs8058712",0.00539469392970204
"rs72779504",0.0063797221519053
"rs72779505",0.00637687789276242
"rs72779506",0.00632553175091743
"rs7185466",0.00124911591410637
"rs7184530",2.22702510654926e-05
"rs12445000",-0.0077607068233192
"rs12445033",-0.00858706422150135
"rs12927895",-0.0087607828900218
"rs72779510",0.0060702464543283
"rs57568760",-0.00614630291238427
"rs12446741",0.00528236432000995
"rs190251988",-0.00237103598192334
"rs8051290",0.000189919024705887
"rs4496124",0.000883529428392649
"rs112030606",-0.0022535533644259
"rs73528973",-0.00208651926368475
"rs72779511",0.00935596134513617
"rs111394075",-0.00208600144833326
"rs73528977",-0.00202957354485989
"rs12925283",0.00519230077043176
"rs111568798",-0.000895387027412653
"rs142143555",-0.00919909682124853
"rs11639588",-0.00180617067962885
"rs112689688",0.0054929438047111
"rs77406046",-0.0137424804270267
"rs4307934",-0.0045238328166306
"rs4324114",-0.00120242359116673
"rs113909610",-0.000610479153692722
"rs73528989",-0.000498471315950155
"rs12149241",0.00961052626371384
"rs117693698",-0.00274019408971071
"rs11649020",0.00299701280891895
"rs140658663",0.00279436632990837
"rs4073545",-0.000795874278992414
"rs139817463",0.0060436213389039
"rs7194975",0.00400130683556199
"rs139021038",0.0136501500383019
"rs7195308",0.00527948699891567
"rs12920711",0.00252746045589447
"rs76489119",5.97117468714714e-06
"rs145996529",-0.00351149681955576
"rs12325570",-0.00495369825512171
"rs60898595",-0.0112210521474481
"rs11645010",-0.0169693492352962
"rs11639658",-0.0169345773756504
"rs4605146",-0.00465048104524612
"rs74014455",0.00256854528561234
"rs4300631",-0.00430142786353827
"rs56064662",-0.00436060503125191
"rs74794470",0.0152811519801617
"rs58606858",-0.00321701308712363
"rs12597294",-0.00669139344245195
"rs11645375",-0.00472513353452086
"rs12920827",-0.00444529158994555
"rs140493165",-0.00491571379825473
"rs7202362",-0.00652158679440618
"rs4536454",-0.00843327585607767
"rs4567695",-0.00634863646700978
"rs4238669",-0.00755851762369275
"rs113969863",0.0146349109709263
"rs4782207",-0.00651505030691624
"rs76701082",0.00607605976983905
"rs7204536",-0.00752044748514891
"rs73530910",-0.00541866011917591
"rs11646681",-0.00651674391701818
"rs34625939",2.24239192903042e-05
"rs59651860",-0.00194928981363773
"rs12444250",-0.00265606446191669
"rs12444272",-0.00744608603417873
"rs79742219",0.00796685088425875
"rs116496443",0.000269870739430189
"rs11074362",-0.00910674314945936
"rs3210530",-0.0131624741479754
"rs16971597",-0.00869119446724653
"rs11859503",-0.00879418198019266
"rs11859503",-0.0104386974126101
"rs113821883",-0.00841227639466524
"rs56381208",-0.0107952803373337
"rs61265966",-0.0104913040995598
"rs141301863",0.0125349778681993
"rs55809104",-0.00978572387248278
"rs57236534",-0.0135066127404571
"rs117034621",0.00619919691234827
"rs3743955",-0.00970035512000322
"rs3743956",-0.00957992393523455
"rs3826249",-0.0106850974261761
"rs12927125",-0.0106764677911997
"rs77019415",-0.0108775468543172
"rs59129924",-0.0145621076226234
"rs60033928",-0.0144295571371913
"rs74011519",-0.0144054973497987
"rs76872381",-0.0161597896367311
"rs55896252",-0.0142585495486856
"rs56242541",-0.0137678245082498
"rs74011520",-0.0140914423391223
"rs74011521",-0.010834239423275
"rs77640458",-0.0108426045626402
"rs57613866",-0.0106788314878941
"rs57223913",-0.0105201760306954
"rs55747139",-0.0104366056621075
"rs78286606",-0.0281277019530535
"rs60748952",-0.0105990376323462
"rs11645238",-0.0144380843266845
"rs11860109",-0.0140748312696815
"rs6497329",0.00400422792881727
"rs9926753",-0.00197984091937542
"rs11074363",-0.0083728451281786
"rs11643885",0.00887510925531387
"rs35774808",-0.00369479740038514
"rs7184549",0.00774542521685362
"rs7185038",0.00859271548688412
"rs117253163",0.0076676057651639
"rs137985857",0.00886813923716545
"rs144439955",0.0084713427349925
"rs8049360",-0.00783609040081501
"rs8050072",-0.010245812125504
"rs76568926",0.00809417385607958
"rs4453467",0.0173169746994972
"rs11074364",-0.00634245062246919
"rs6497331",-0.00284684542566538
"rs78432389",0.0132426368072629
"rs56349873",0.00896628014743328
"rs9938775",0.0167740117758512
"rs74011523",0.00798535905778408
"rs34951904",0.0173382591456175
"rs75085516",0.00909180846065283
"rs117761659",0.00832281168550253
"rs4782209",-0.0184533931314945
"rs141190949",-0.0192308519035578
"rs4238670",-0.0185838006436825
"rs112460046",0.00844912976026535
"rs4563030",-0.020268065854907
"rs4506885",-0.0202886536717415
"rs8063914",-0.0205340310931206
"rs113993899",-0.00881805643439293
"rs59333122",-0.000415470451116562
"rs11074365",-0.0202499236911535
"rs78477578",0.00708932662382722
"rs35891999",-0.00970885436981916
"rs72779533",-0.0104147475212812
"rs72779536",-0.0181254111230373
"rs11074366",-0.0202769786119461
"rs11074367",-0.0203863438218832
"rs11074368",-0.0204832628369331
"rs4782210",-0.0203426741063595
"rs4782211",-0.00459215138107538
"rs72779540",0.0019563864916563
"rs77524331",-0.00421831384301186
"rs8060710",-0.0210719797760248
"rs117078599",0.00795238744467497
"rs147303781",-0.00593107659369707
"rs111770127",0.00795936677604914
"rs7193785",0.0209316555410624
"rs10454701",0.00567270210012794
"rs58808799",0.0139256240800023
"rs78638093",0.0109250545501709
"rs16971629",0.0202401522547007
"rs72779541",-0.00102872168645263
"rs2352966",0.00811215024441481
"rs16971637",0.0202294774353504
"rs8062326",0.00709999678656459
"rs8062697",0.00738304480910301
"rs7199411",0.0062129870057106
"rs4569261",0.00862048286944628
"rs150876947",0.00777455000206828
"rs78597708",0.00806405581533909
"rs4260042",0.00962819159030914
"rs72779543",-0.0123551171272993
"rs9925062",0.0253687519580126
"rs1017316",-0.00164399202913046
"rs1017315",-0.00850248709321022
"rs1017314",-0.00865040812641382
"rs11643105",0.01416692789644
"rs78782293",-0.0276789516210556
"rs111954339",0.0142217203974724
"rs141223705",0.0145054729655385
"rs8057109",0.0283447429537773
"rs73530971",0.0197153389453888
"rs28687735",0.0198776721954346
"rs59236230",-0.0104170823469758
"rs112054384",0.0157254561781883
"rs111601606",0.0161528736352921
"rs9922242",0.0169281885027885
"rs8049619",0.0216634720563889
"rs76485431",-0.00457608746364713
"rs2352971",0.0216984916478395
"rs4238671",0.0221669431775808
"rs2352972",0.0217012092471123
"rs735647",0.0223512258380651
"rs1075915",0.0222472436726093
"rs11074369",0.0176512263715267
"rs112866244",0.0170431472361088
"rs111874377",0.0158772058784962
"rs117544626",-0.0623299181461334
"rs74246690",0.0163122527301311
"rs7193846",0.0214076396077871
"rs16971650",0.0392732843756676
"rs4782212",0.0499345362186432
"rs4780779",0.0321038439869881
"rs17220609",0.0162770617753267
"rs72779546",0.0388062857091427
"rs28652997",0.041764210909605
"rs28532980",0.0418188534677029
"rs2352973",0.0418855845928192
"rs4782214",0.0413642935454845
"rs4782215",0.0431433208286762
"rs16971667",0.0195399932563305
"rs192665492",0.0421793758869171
"rs112591452",0.0425324328243732
"rs112301431",0.0429217703640461
"rs111844752",0.0421289950609207
"rs117572081",0.00253638345748186
"rs79436473",0.00264181988313794
"rs8054088",0.0120594892650843
"rs8060055",0.0328925512731075
"rs187040633",0.00431674206629395
"rs74609180",0.0100561250001192
"rs28556643",0.0429185144603252
"rs76602090",0.0167028978466988
"rs79696908",0.0162682645022869
"rs77275045",0.0161208752542734
"rs8062238",0.0100624989718199
"rs12917978",-0.0105939088389277
"rs570311914",0.00364499306306243
"rs76327221",0.0136370593681931
"rs17312102",0.0140374666079879
"rs74776319",0.00574266165494919
"rs7200934",0.020072877407074
"rs187895815",0.0301726963371038
"rs9673444",0.0307322982698679
"rs9673453",0.00617953669279814
"rs80082763",0.0303507763892412
"rs9674129",0.0214025992900133
"rs77671079",0.0302954372018576
"rs17312221",0.0168603286147118
"rs145488443",0.0111910775303841
"rs62027695",0.00255068344995379
"rs78388699",0.0147242648527026
"rs7202905",0.02418152987957
"rs13336280",-0.00462323054671288
"rs16971672",0.00343917356804013
"rs75014745",0.0259929820895195
"rs4627325",0.0381254479289055
"rs4780781",0.0851054936647415
"rs13330387",0.00539019051939249
"rs2059873",0.0994369238615036
"rs78637824",-0.0164633430540562
"rs11541511",-0.0526639856398106
"rs117509193",0.0249776989221573
"rs10221158",-0.0518660098314285
"rs62027696",-0.0825316607952118
"rs35375892",0.0955516472458839
"rs11644291",-0.0447418615221977
"rs2239975",-0.0408727005124092
"rs149738168",-0.000597761478275061
"rs2239976",0.040837649255991
"rs145806485",-0.0433028005063534
"rs2352976",0.0542814284563065
"rs2352977",0.054679412394762
"rs148705007",0.0187679268419743
"rs113708492",-0.0737224519252777
"rs117998332",0.0419211648404598
"rs8062764",-0.0543097294867039
"rs11642581",-0.0496106669306755
"rs2239977",0.042414054274559
"rs2239978",-0.0394856780767441
"rs150208881",-0.0243127569556236
"rs80202052",-0.0831676498055458
"rs71382602",0.122058413922787
"rs142545445",0.0107403146103024
"rs7190966",0.0497477501630783
"rs73532737",0.0449685007333755
"rs11639758",-0.0477209389209747
"rs10852223",0.0406425595283508
"rs8049959",0.048753309994936
"rs11640998",-0.054477509111166
"rs147669240",-0.0211288873106241
"rs8050959",0.0781983062624931
"rs4780782",0.0457180775702
"rs4782216",0.0870978608727455
"rs4782217",0.0780963450670242
"rs1544354",0.00141479168087244
"rs28707427",-0.0378145091235638
"rs916767",-0.0220388136804104
"rs9932538",-0.0536264814436436
"rs62027729",-0.0546946227550507
"rs1544355",0.0445688776671886
"rs1544357",0.0449045449495316
"rs12929451",0.0847828388214111
"rs12929205",0.00279082171618938
"rs7188617",0.0805916264653206
"rs11648287",-0.0535750761628151
"rs6497334",0.0795332416892052
"rs11649529",-0.0562408976256847
"rs11649652",-0.0561938658356667
"rs11644778",-0.0562543198466301
"rs2106670",0.00293131917715073
"rs2239979",0.00929926801472902
"rs144693631",0.0105027845129371
"rs117522187",0.0590813644230366
"rs4258598",0.0434747152030468
"rs229005",0.0181897487491369
"rs891056",0.0191623028367758
"rs229006",0.0139972986653447
"rs7191687",0.0453640408813953
"rs140364396",-0.0548717193305492
"rs229007",0.030617842450738
"rs229008",0.031465407460928
"rs229009",0.0314219035208225
"rs147315127",-0.0768678188323975
"rs229010",0.0190416090190411
"rs117475563",0.0201364308595657
"rs229011",0.0439789518713951
"rs229012",0.0188611932098866
"rs34565350",0.016427094116807
"rs229013",0.0445527099072933
"rs229014",0.0176399517804384
"rs229015",0.0175913851708174
"rs229016",0.0253724586218596
"rs8056065",0.011442519724369
"rs12923466",0.0187472831457853
"rs148657135",0.102036640048027
"rs143774710",0.00965048652142286
"rs229017",0.0165288280695677
"rs8061327",-0.0639753341674805
"rs229018",0.0184761565178633
"rs28668781",0.0238997004926205
"rs229020",0.0190688520669937
"rs78757930",-0.021626828238368
"rs62027731",-0.0969246029853821
"rs142161442",0.0328399613499641
"rs229021",0.0478062033653259
"rs11074371",0.0322511717677116
"rs3815043",0.0306089352816343
"rs739581",0.0308398976922035
"rs81107",0.0188732743263245
"rs10444987",0.0786019042134285
"rs229023",-0.0709337890148163
"rs229024",0.0495289787650108
"rs229025",0.0496113561093807
"rs112318577",0.00895374268293381
"rs81108",0.016960971057415
"rs229027",0.017493050545454
"rs59553975",0.0231168307363987
"rs138209186",-0.0498718246817589
"rs229028",0.0501053296029568
"rs3785348",-0.0177076626569033
"rs3785349",-0.0174444690346718
"rs117972019",-0.0812503322958946
"rs55905291",0.0158923640847206
"rs74364489",-0.0212865509092808
"rs3826250",-0.0516084916889668
"rs3785350",-0.0506966896355152
"rs77727158",-0.0546918176114559
"rs12925834",0.0188164319843054
"rs9652578",0.0245775710791349
"rs9652587",-0.0142235867679119
"rs143655224",-0.019695620983839
"rs72779567",0.0586634576320648
"rs2214187",-0.0145177179947495
"rs2269785",0.0269668493419886
"rs2072076",0.0392932631075382
"rs138223631",0.00482650054618716
"rs7189755",0.0386868007481098
"rs7188447",0.0217025708407164
"rs8063628",0.0216966681182384
"rs117644952",0.0159756112843752
"rs181043576",-0.0414216555655003
"rs7189625",-0.0148167535662651
"rs7189626",0.017501175403595
"rs2015512",-0.0142272766679525
"rs62027733",-0.0966130718588829
"rs17221686",0.0156542919576168
"rs11647903",-0.027631713077426
"rs2352982",0.0364735051989555
"rs9931239",0.0213135313242674
"rs116986947",0.0130370203405619
"rs34085308",0.0496871806681156
"rs6497336",-0.0264348033815622
"rs2285605",0.00660719396546483
"rs111451719",-0.0848150253295898
"rs7197793",-0.0366803221404552
"rs2269786",0.140697047114372
"rs2269787",-0.0139469113200903
"rs75194498",0.088837631046772
"rs35058660",-0.00323176616802812
"rs2269789",0.0508328452706337
"rs916768",0.114738591015339
"rs2269790",0.18972136080265
"rs6497337",0.752934217453003
"rs71384403",-0.114393502473831
"rs28591572",0.0804998353123665
"rs8054636",0.685049593448639
"rs8054025",0.686395823955536
"rs8055201",0.756050884723663
"rs8054408",0.754991888999939
"rs11074372",0.797693014144897
"rs12444661",0.676058828830719
"rs11074373",0.684696614742279
"rs72779568",0.094627670943737
"rs72779569",0.125400468707085
"rs72779570",0.125508457422256
"rs72779572",0.125853806734085
"rs2269791",0.687389433383942
"rs3785351",0.689013421535492
"rs11645789",0.686928749084473
"rs7192499",0.778136134147644
"rs7192925",0.111921139061451
"rs7193750",0.0458833537995815
"rs2352986",0.779551327228546
"rs72779575",0.0917177423834801
"rs35474495",-0.120578564703465
"rs2239980",0.657837450504303
"rs150965751",0.0826443731784821
"rs11074374",0.780394375324249
"rs11074375",0.718637049198151
"rs150281459",-0.132552027702332
"rs62025397",0.0981168374419212
"rs72779578",0.0981937870383263
"rs62025398",0.0962557345628738
"rs62025399",0.0882507413625717
"rs62025399",0.0116234514862299
"rs56176085",0.0893909558653831
"rs150811255",-0.120818696916103
"rs1985986",0.796525716781616
"rs1011479",0.804065704345703
"rs8062263",0.0875221639871597
"rs1015449",0.803766250610352
"rs67717272",-0.0912824273109436
"rs62025401",0.0879847183823586
"rs62025402",0.0876596122980118
"rs148064554",0.131433829665184
"rs60140406",0.0879403278231621
"rs112978791",0.0877348780632019
"rs11641273",0.825876593589783
"rs60400813",0.0462964475154877
"rs61167141",0.0885855555534363
"rs55705128",0.0880220755934715
"rs118076536",0.0830861553549767
"rs62025406",0.0879482999444008
"rs7359333",0.799859583377838
"rs11645516",0.807289838790894
"rs11645520",0.834552407264709
"rs796354174",0.0561283528804779
"rs796906355",0.0511399991810322
"rs62025407",0.0888278111815453
"rs12447791",0.0479845590889454
"rs7198090",0.832872629165649
"rs34324756",0.0861261114478111
"rs79516461",0.107878983020782
"rs78783180",-0.182675272226334
"rs3826252",0.829552054405212
"rs2352795",0.836513876914978
"rs724307",0.829984366893768
"rs2239981",0.829468429088593
"rs62025408",0.00322900433093309
"rs144640645",0.0608129054307938
"rs9924031",0.837094783782959
"rs117600517",0.170189544558525
"rs56043504",0.829703390598297
"rs11645004",0.830648720264435
"rs732999",0.837333619594574
"rs756976",0.836554825305939
"rs2239982",0.758656322956085
"rs2239984",0.758678197860718
"rs62025410",0.0866965129971504
"rs72779588",0.0876641348004341
"rs10852224",0.758939266204834
"rs2106671",0.759127557277679
"rs8045829",0.837025165557861
"rs11649607",0.760790705680847
"rs11644703",0.76082456111908
"rs113329520",0.0869503766298294
"rs11640489",0.761293828487396
"rs7186394",0.84047919511795
"rs12921478",0.762077331542969
"rs62025412",0.0892357528209686
"rs143144594",0.0424507968127728
"rs2269793",0.0972241759300232
"rs2269794",0.0496076457202435
"rs727747",0.791597068309784
"rs75009939",0.0794905945658684
"rs6497338",0.859839737415314
"rs2352796",0.861154198646545
"rs12325307",0.246105998754501
"rs12325310",0.245726600289345
"rs2023762",0.861995935440063
"rs6497339",1
"rs72779595",0.24691404402256
"rs7197580",0.869719684123993
"rs12445464",0.869440376758575
"rs12445535",0.867068707942963
"rs1051547",0.981570720672607
"rs11343",0.98010665178299
"rs60766628",0.488743633031845
"rs11644587",0.169896513223648
"rs9921912",-0.00115371868014336
"rs11074377",0.058709803968668
"rs77108238",0.0653484910726547
"rs67201512",0.00955204851925373
"rs56686370",0.0582184568047523
"rs9936560",-0.0511394366621971
"rs55792920",0.106622919440269
"rs7195725",0.0255709756165743
"rs12596726",0.0250032134354115
"rs7196430",0.0150110004469752
"rs2106672",0.0149098979309201
"rs148726581",-0.0139228040352464
"rs79705676",0.0534399598836899
"rs74984200",-0.0876161977648735
"rs62025414",-0.0829608887434006
"rs1120042",0.0412854328751564
"rs7187528",-0.0559516362845898
"rs2352798",0.0521703399717808
"rs7194707",-0.0955783724784851
"rs34191163",-0.00256116921082139
"rs11645436",0.0123239029198885
"rs72640453",0.0947279632091522
"rs74740115",-0.00699161039665341
"rs4782222",0.101082168519497
"rs55917186",0.0809497162699699
"rs56015626",0.0807461142539978
"rs111716221",-0.0613077841699123
"rs6497341",0.100573264062405
"rs9935946",-0.0415024980902672
"rs9926232",-0.0452362149953842
"rs113246870",-0.0484796091914177
"rs111328971",-0.0481834709644318
"rs12599790",0.0799159333109856
"rs2023763",-0.0501996837556362
"rs2023764",-0.0414277240633965
"rs2023765",-0.0481091141700745
"rs2023766",-0.0482626408338547
"rs2023767",-0.0613145716488361
"rs146592854",-0.011262459680438
"rs8055532",0.0135012986138463
"rs7198839",0.0209241937845945
"rs6497342",-0.00129016116261482
"rs56761374",0.0958418101072311
"rs72781303",0.0692905411124229
"rs11642701",-0.0411468558013439
"rs7188653",-0.0632483512163162
"rs60186533",0.0860516875982285
"rs11648236",0.035690750926733
"rs11644013",-0.0739572942256927
"rs179196",0.0396061427891254
"rs117658655",-0.00508155906572938
"rs117917265",-0.0689986497163773
"rs179197",0.0364943221211433
"rs179198",-0.0542832463979721
"rs79444078",0.112033747136593
"rs6367",-0.0276814755052328
"rs179200",0.0779158920049667
"rs11074381",0.0113934064283967
"rs75892822",0.0866763815283775
"rs179201",0.0252051837742329
"rs77784518",-0.0384827479720116
"rs9926022",0.0909241959452629
"rs179202",0.0273111406713724
"rs179203",0.0277126953005791
"rs179204",0.0296920463442802
"rs7197635",0.0182143319398165
"rs179205",0.0280397702008486
"rs179205",-0.0135557483881712
"rs179206",-0.013038526289165
"rs74812070",0.111663818359375
"rs179207",-0.0243779327720404
"rs113339989",-0.11168035119772
"rs56298416",-0.0503105632960796
"rs10852225",0.0534927360713482
"rs2521491",-0.0134252216666937
"rs179208",0.0172992777079344
"rs179209",0.0266017317771912
"rs17222822",-0.0497051291167736
"rs56201878",0.0272190794348717
"rs16971792",0.0700020268559456
"rs1557514",0.028870640322566
"rs179210",-0.0135297635570168
"rs179211",0.00199687108397484
"rs179212",0.027789480984211
"rs179213",-0.0135256685316563
"rs57662278",0.00877026561647654
"rs179214",0.00474278582260013
"rs1548448",0.0598775520920753
"rs1548450",-0.0128652481362224
"rs66465307",0.0701018422842026
"rs77174691",-0.0471279472112656
"rs76213137",-0.0469046421349049
"rs78185091",0.0904339775443077
"rs113405410",-0.0468150116503239
"rs57027562",-0.0466804578900337
"rs179215",0.00188205344602466
"rs11860712",-0.0241321474313736
"rs179218",-0.0203185491263866
"rs179219",0.00229045329615474
"rs179220",0.0211911574006081
"rs179221",-0.0206079985946417
"rs16971804",-0.0178011190146208
"rs11864239",-0.0463837385177612
"rs58536649",-0.0464668683707714
"rs73534543",-0.0462815053761005
"rs179223",-0.0202983058989048
"rs2078948",0.0151091599836946
"rs111532635",-0.0462175719439983
"rs179224",-0.0212674178183079
"rs179225",-0.0212933998554945
"rs179226",-0.00957424566149712
"rs179227",-0.0214269962161779
"rs150196116",0.101732164621353
"rs13338270",0.0248801149427891
"rs179228",-0.0185578595846891
"rs179229",0.028329823166132
"rs720472",0.0447654910385609
"rs2078498",0.0486702471971512
"rs117216181",-0.109329000115395
"rs720473",0.0160044245421886
"rs179230",0.0129065858200192
"rs28575340",0.019985930994153
"rs8058432",0.0162089988589287
"rs67094288",0.0163981784135103
"rs179231",0.0386927463114262
"rs179232",0.0386621132493019
"rs68013137",0.0683583542704582
"rs179233",0.0384696424007416
"rs28470926",0.0150221502408385
"rs179234",0.0252093952149153
"rs4782223",0.0369308963418007
"rs179235",-0.0157467816025019
"rs179236",0.0251708477735519
"rs4617844",0.0155146103352308
"rs4617845",0.0155311049893498
"rs4617846",0.015445907600224
"rs4441251",0.0155707420781255
"rs4436760",-0.0301333982497454
"rs4238672",0.0157424435019493
"rs4782224",0.01566874794662
"rs117542875",0.0236814878880978
"rs2353651",-0.0257361903786659
"rs571708807",0.0433722920715809
"rs186415525",0.0433708131313324
"rs8044531",0.0108803808689117
"rs2353658",0.0175683032721281
"rs16951219",0.00825960747897625
"rs8045533",0.0149859050288796
"rs28527477",0.0150011535733938
"rs28475632",0.0150007251650095
"rs8047554",0.014965308830142
"rs2883246",0.0151165332645178
"rs8052275",0.0149867655709386
"rs8051268",0.0149847362190485
"rs8051165",0.014984511770308
"rs8051503",0.0513362698256969
"rs2157033",-0.0386068448424339
"rs2157034",0.0151951210573316
"rs978463",0.0150149594992399
"rs978464",0.0258910059928894
"rs1023439",0.0144624011591077
"rs1023440",0.014981422573328
"rs1023441",0.0148834083229303
"rs1023442",-0.04561797529459
"rs2027818",0.0149328531697392
"rs2027819",0.0149335507303476
"rs4780786",0.0149329248815775
"rs4782225",0.0149320652708411
"rs9929282",0.0518114678561687
"rs9929353",0.0518664792180061
"rs4309376",0.0149309281259775
"rs34468412",0.0514508374035358
"rs11863382",0.0154131511226296
"rs8049175",0.0149307288229465
"rs8047832",0.0148624693974853
"rs79117596",0.0223815273493528
"rs8048432",-0.0389075390994549
"rs6497343",0.014929162338376
"rs7189991",0.0261683855205774
"rs7196020",0.0144195798784494
"rs7195191",0.0588029883801937
"rs6497344",-0.0233856867998838
"rs78025025",-0.0877552628517151
"rs8059096",0.0543499737977982
"rs12448236",-0.000760890543460846
"rs12445623",0.0565546005964279
"rs6497345",0.0810955539345741
"rs6497346",0.056339118629694
"rs11074383",-0.0709352865815163
"rs7203061",0.0638333410024643
"rs7202582",0.0631065592169762
"rs62025429",-0.0771930515766144
"rs8062115",0.0237992312759161
"rs72781352",0.0161620546132326
"rs6497347",0.0818022787570953
"rs12922338",0.0150665948167443
"rs9934146",0.0573609061539173
"rs72781354",-0.0421124361455441
"rs13337319",0.0639650747179985
"rs11865390",0.0564531497657299
"rs12599495",0.0153525779023767
"rs12599530",0.00667202100157738
"rs8063892",0.0864367261528969
"rs7206548",0.0638944655656815
"rs7184450",0.0631166473031044
"rs7185811",0.0638096407055855
"rs2213275",0.0571121796965599
"rs2213276",0.0630543977022171
"rs8049319",0.0630343034863472
"rs9935847",0.0163448043167591
"rs9935850",0.0162705350667238
"rs13332039",0.0638721212744713
"rs8061318",0.0638650506734848
"rs1475965",0.0247891321778297
"rs4782227",0.0806464925408363
"rs1475966",0.0259191729128361
"rs7185896",-0.0786540657281876
"rs1003796",0.0259922277182341
"rs13330097",0.0198507085442543
"rs62025430",-0.0785765573382378
"rs56141588",-0.0571487806737423
"rs1004101",-0.0575608909130096
"rs12708622",0.0172517504543066
"rs1985395",0.0607852824032307
"rs4780788",0.00581738352775574
"rs62025432",-0.054584376513958
"rs4566149",-0.0565594211220741
"rs763801",0.0072846501134336
"rs9934966",0.0201961640268564
"rs763800",0.00648684101179242
"rs13331448",0.0611485280096531
"rs9302379",0.0565677508711815
"rs4141316",0.0564380064606667
"rs1156327",0.00707049947232008
"rs11642565",-0.0772767812013626
"rs113275067",-0.0395750477910042
"rs11643941",0.0170147363096476
"rs12933352",0.0170150380581617
"rs9930053",0.0117607852444053
"rs11074385",0.0165085345506668
"rs4300632",-0.0167403407394886
"rs11862829",0.0161779206246138
"rs11862912",0.0161604825407267
"rs35628104",0.0103209242224693
"rs4780791",0.0103131094947457
"rs11074386",-0.0157981347292662
"rs11646797",0.0160088166594505
"rs11074387",-0.0149662867188454
"rs4782229",-0.0150748016312718
"rs755387",0.0738010406494141
"rs755385",-0.0271760933101177
"rs755386",-0.0231175292283297
"rs4782231",0.0102979214861989
"rs117278113",-0.043252632021904
"rs916077",-0.0149493748322129
"rs2353661",-0.0149502111598849
"rs2353664",-0.014927183277905
"rs916078",-0.0147832250222564
"rs2097266",-0.016901383176446
"rs762761",-0.0149083351716399
"rs16971906",-0.10555549710989
"rs762762",-0.0148490173742175
"rs4238673",-0.0149242430925369
"rs12448655",0.0738147273659706
"rs4782232",-0.0149302743375301
"rs2213278",-0.0149194393306971
"rs2213279",-0.0148522406816483
"rs2213280",-0.0149271059781313
"rs2227005",-0.0149072678759694
"rs2353668",-0.0148896966129541
"rs2353669",0.073815830051899
"rs1467892",-0.0230667777359486
"rs1467895",-0.0230846516788006
"rs2187661",0.0164077617228031
"rs738939",-0.0288466680794954
"rs11864583",0.0221116617321968
"rs738940",-0.023072661831975
"rs12923744",0.0163161084055901
"rs12924062",0.01639767549932
"rs11641242",0.0174726024270058
"rs11646675",0.0173871554434299
"rs11074388",-0.0148318940773606
"rs12928219",0.0163113810122013
"rs1467896",-0.0637952014803886
"rs1004893",0.0164204277098179
"rs1467897",-0.063811331987381
"rs1004892",-0.0148309757933021
"rs9927268",-0.023003064095974
"rs4371137",-0.0287601705640554
"rs7196058",-0.0279923509806395
"rs6497348",-0.0278148055076599
"rs1004928",-0.0148159377276897
"rs9940481",-0.0163300186395645
"rs79101603",0.000942472834140062
"rs79019710",0.00106636621057987
"rs8047186",-0.0297931507229805
"rs2353671",-0.0157265942543745
"rs8050878",-0.0699030980467796
"rs12922219",0.0158673748373985
"rs28527796",0.00996578205376863
"rs79896548",0.000987119507044554
"rs78283523",0.00489143840968609
"rs142472220",0.0414344929158688
"rs12927170",0.0158664248883724
"rs12325105",0.0148116583004594
"rs146577656",-0.0179788153618574
"rs9926536",-0.0229160059243441
"rs2227006",-0.0691158771514893
"rs4577070",0.015886552631855
"rs2213281",0.0668859332799911
"rs7206613",0.000869009178131819
"rs7205067",-0.0157188009470701
"rs12932765",0.0157922636717558
"rs191859503",0.0271267332136631
"rs11643704",0.0152134373784065
"rs11643663",0.01551594119519
"rs111687829",0.000753895845264196
"rs4780794",-0.015672255307436
"rs8047266",-0.0689421445131302
"rs4780795",-0.0156958494335413
"rs4780796",-0.068898431956768
"rs6497350",-0.0156673695892096
"rs12446756",0.0706120878458023
"rs10852226",0.0155691085383296
"rs6497351",-0.0162434875965118
"rs10852227",0.0157327633351088
"rs10852228",0.0158269666135311
"rs2157035",0.0156342331320047
"rs2157037",-0.016463365405798
"rs2353673",-0.0164197534322739
"rs4378599",0.015627808868885
"rs7202476",-0.0230076611042023
"rs762763",-0.0160853732377291
"rs762764",0.0159156862646341
"rs74534225",0.0409780666232109
"rs2353674",0.015885703265667
"rs7185117",-0.0163850523531437
"rs7185167",-0.0300048217177391
"rs12449141",0.0160592067986727
"rs10492784",0.0162788275629282
"rs60095471",0.0697205886244774
"rs8062114",-0.0243411846458912
"rs8060910",0.077785961329937
"rs8061101",0.0694695115089417
"rs73536214",0.06953514367342
"rs8046912",0.0520225055515766
"rs111820529",0.0778800919651985
"rs113154989",0.0778159573674202
"rs7193889",0.0122978053987026
"rs17224504",0.0778525099158287
"rs187018184",-0.0292117856442928
"rs72783314",0.0480785369873047
"rs150512301",0.0657500773668289
"rs1894382",-0.0437011793255806
"rs148727873",-0.102915577590466
"rs1894383",-0.0436546057462692
"rs7189051",-0.0438096821308136
"rs77891159",0.103291265666485
"rs59562539",0.0555371679365635
"rs8050033",-0.0437603518366814
"rs8050172",-0.030357014387846
"rs2353675",-0.00649232557043433
"rs11510264",-0.0292731858789921
"rs139025748",-0.0093707824125886
"rs12445488",-0.046007763594389
"rs140765053",0.0383665524423122
"rs7186346",-0.0512832552194595
"rs12443654",0.0414891019463539
"rs180813032",0.0355699099600315
"rs142143081",-0.0249686203896999
"rs8050983",-0.00536834867671132
"rs78172815",0.0357897728681564
"rs143144984",0.0242643281817436
"rs12445138",0.036418367177248
"rs7195295",0.0343262515962124
"rs115172086",0.035231277346611
"rs9930193",0.0367480665445328
"rs8044024",0.0377808250486851
"rs150266419",0.0238714199513197
"rs72783331",-0.0296110678464174
"rs1557513",-0.0291536152362823
"rs762765",-0.0318971984088421
"rs148748327",0.0159200672060251
"rs12917761",-0.0288311317563057
"rs7194414",0.0556988604366779
"rs190423275",0.0357273481786251
"rs74514492",0.00210890453308821
"rs74412750",-0.0423050299286842
"rs142697323",0.0277280751615763
"rs2213282",-0.0282237455248833
"rs76032233",0.0539203099906445
"rs11647991",-0.028261836618185
"rs8048705",-0.0616531781852245
"rs60272686",0.0731922313570976
"rs4457974",-0.0613034479320049
"rs8049015",-0.0779846683144569
"rs8048145",-0.0661922916769981
"rs141259314",-0.0207797326147556
"rs114520048",0.0288324300199747
"rs56305847",-0.0235292352735996
"rs11648164",-0.0372932963073254
"rs34720465",-0.0565228387713432
"rs34131563",-0.0533350482583046
"rs56102907",-0.043635468930006
"rs11644537",0.0689713582396507
"rs11649415",0.0225948486477137
"rs11644570",0.0189761221408844
"rs7196425",0.0284977219998837
"rs2883249",0.0253376923501492
"rs35161427",0.0174107626080513
"rs7195865",0.02614950761199
"rs7196360",0.0181292593479156
"rs7196060",0.0181641131639481
"rs9923237",0.0174717791378498
"rs6497353",0.0174210909754038
"rs6497354",0.017298761755228
"rs6497355",0.017390051856637
"rs11640821",0.0204122774302959
"rs72783354",-0.027078116312623
"rs11865321",0.01682816632092
"rs60830300",0.0167464762926102
"rs57412737",0.016699543222785
"rs8044417",0.0172976423054934
"rs8044798",0.0175141114741564
"rs190281630",-0.012667253613472
"rs9926851",0.0175588242709637
"rs80248889",-0.0273548513650894
"rs79539644",0.00846233684569597
"rs4780803",0.0174514073878527
"rs4782241",0.0174244064837694
"rs4782242",0.017600953578949
"rs11643700",0.0150504047051072
"rs145882462",-0.0203314553946257
"rs35659432",-0.0231948569417
"rs34834056",0.0173756219446659
"rs8045821",0.0261484142392874
"rs139725614",-0.000444884411990643
"rs6497357",0.0297357961535454
"rs12050943",0.00941090099513531
"rs62023737",0.0241499822586775
"rs4780804",0.0291810221970081
"rs2353680",0.0113898515701294
"rs8049656",0.0296395942568779
"rs140119109",0.0481267012655735
"rs11643326",0.0333044268190861
"rs8049691",0.0332984551787376
"rs11639691",0.0200656820088625
"rs111259689",-0.00681905588135123
"rs8059797",0.0299694892019033
"rs111693382",0.0086287334561348
"rs11646223",0.00968443229794502
"rs4780805",0.0727195292711258
"rs35638003",0.0113514950498939
"rs2227001",0.0297789555042982
"rs117689684",-0.00878293160349131
"rs4782243",0.0301194842904806
"rs4782244",0.0299983080476522
"rs11640174",-0.0269382651895285
"rs75594253",0.0608507469296455
"rs4782245",0.030493576079607
"rs2105840",0.00957124307751656
"rs12597979",0.0307529475539923
"rs11074392",0.0307082068175077
"rs7194681",0.030543951317668
"rs2353681",0.0105742989107966
"rs11644356",-0.00420678034424782
"rs2353682",0.0305133275687695
"rs11645424",0.00962013192474842
"rs8058219",0.00968391727656126
"rs8059680",0.0305184833705425
"rs8060169",0.0301224160939455
"rs8060175",0.0301460269838572
"rs4468595",0.0304495841264725
"rs2097265",0.0329809188842773
"rs8059760",0.0304560866206884
"rs4257194",0.0304492153227329
"rs4567696",0.0304552912712097
"rs11861231",0.0304557401686907
"rs11865082",0.0304557401686907
"rs2227002",0.0304578635841608
"rs2213268",0.0304727721959352
"rs2353683",0.0304557774215937
"rs117077811",-0.0697449222207069
"rs2227003",0.0322456061840057
"rs2213271",0.0304598081856966
"rs2213272",0.0304635595530272
"rs146566772",-0.00554042588919401
"rs6497361",0.0304555892944336
"rs6497362",0.0329876840114594
"rs141801326",-0.03991324827075
"rs6497363",0.0304242484271526
"rs6497364",0.030444398522377
"rs6497365",0.030444398522377
"rs6497366",0.0304391365498304
"rs6497367",0.030439093708992
"rs8056383",0.030439093708992
"rs8056387",0.0304757542908192
"rs8056278",0.0304314140230417
"rs11859428",0.0304165966808796
"rs11860276",0.0304314140230417
"rs11860233",0.030413156375289
"rs11860364",0.030413156375289
"rs9924376",-0.0270299389958382
"rs11860382",0.030415216460824
"rs62023754",0.0379736833274364
"rs35069183",0.028745150193572
"rs28520736",0.0304218754172325
"rs28583716",0.0304236672818661
"rs12924584",0.00963444635272026
"rs9924944",-0.0272790268063545
"rs4782246",0.0304467994719744
"rs28433067",0.030421881005168
"rs8062509",0.030421881005168
"rs1023443",0.0304907821118832
"rs1023444",0.0304638091474771
"rs1023445",0.0304353497922421
"rs1023446",0.0304581969976425
"rs1974446",0.0304159596562386
"rs1974447",0.0330490991473198
"rs2157030",0.0304007232189178
"rs2157031",0.0304060503840446
"rs11643839",0.00963032897561789
"rs2157032",0.0329629667103291
"rs11862693",0.0303870774805546
"rs11862732",0.0303864981979132
"rs6497368",0.0303803123533726
"rs6497369",0.0303843207657337
"rs80228969",0.0353792123496532
"rs8060092",0.0329037085175514
"rs147750260",-0.00561467511579394
"rs117821300",0.0149293495342135
"rs141745387",-0.026019100099802
"rs7185046",-0.0026332875713706
"rs13380535",0.0239774323999882
"rs1981454",0.0303292088210583
"rs1981455",0.0303280707448721
"rs7192312",0.0305064078420401
"rs9931959",-0.0269723422825336
"rs7197946",0.0303363800048828
"rs4780807",0.0305937454104424
"rs4780808",0.0306571666151285
"rs145255598",0.00489700306206942
"rs4780809",0.0304091107100248
"rs11863794",0.0302367899566889
"rs11864573",0.0304460618644953
"rs35238418",0.0305691566318274
"rs9934889",0.0361437648534775
"rs9935123",-0.0271597467362881
"rs2285045",0.0319500342011452
"rs2285046",0.0316220670938492
"rs7190778",0.034233134239912
"rs72783381",0.0494579486548901
"rs12934669",0.0318119041621685
"rs12935349",0.0318665131926537
"rs181530498",-0.0424751006066799
"rs11859862",0.0317449495196342
"rs12923298",-0.0228054914623499
"rs7201592",0.0320554561913013
"rs9926133",-0.0266432389616966
"rs72640458",0.0139615116640925
"rs12448160",-0.0107909590005875
"rs2213273",0.0356876961886883
"rs2213274",0.0249021518975496
"rs4499218",0.0356562174856663
"rs62023757",0.030468313023448
"rs62023758",0.0430577769875526
"rs62023759",0.00865006726235151
"rs7191524",0.0337323918938637
"rs72783384",0.0489721409976482
"rs7196546",0.0332356505095959
"rs7197207",-0.0261915009468794
"rs148773438",0.00824164506047964
"rs34423325",0.022858077660203
"rs140933623",-0.0262326765805483
"rs8055972",0.0288491379469633
"rs28633935",-0.027137104421854
"rs3905363",-0.0021883943118155
"rs2301209",-0.0241504684090614
"rs2301210",-0.00201430497691035
"rs9931384",-0.0270283594727516
"rs2301211",0.0280171670019627
"rs11645923",-0.0271965935826302
"rs118099348",-0.0197890996932983
"rs13337514",-0.0273373164236546
"rs2353684",-0.000596984289586544
"rs138419335",-0.02754120901227
"rs56314258",-0.0241540726274252
"rs9888971",0.00135917169973254
"rs72783389",-0.0275579057633877
"rs60432736",-0.0274074710905552
"rs138445434",-0.0653285756707191
"rs2301213",-0.00217515975236893
"rs9922645",-0.0275933612138033
"rs74815740",-0.0292543713003397
"rs724855",-0.0237104669213295
"rs9929961",-0.0277345646172762
"rs72783392",-0.0191291850060225
"rs11645597",-0.0275637246668339
"rs6497372",-0.000949717126786709
"rs34703505",0.0292719770222902
"rs9933588",-0.0276317242532969
"rs11864964",-0.0276588369160891
"rs2040387",-0.023849593475461
"rs2269433",-0.00952539965510368
"rs72783394",-0.0277483649551868
"rs72783397",-0.0277581829577684
"rs74013771",-0.0215867292135954
"rs113491918",-0.0224331468343735
"rs2010127",-0.0120310317724943
"rs67423665",-0.0285472739487886
"rs2353685",0.0155547382310033
"rs57766039",-0.047673225402832
"rs76240257",-0.00345244910567999
"rs76028764",-0.010544759221375
"rs74013772",-0.0477144531905651
"rs28576302",0.0188316851854324
"rs79369583",-0.057830348610878
"rs56293047",0.00520956655964255
"rs72783401",-0.00302853900939226
"rs12597885",0.00314911594614387
"rs12598563",-0.00977526977658272
"rs11645721",-0.0519464239478111
"rs11646732",-0.00983033422380686
"rs138368449",0.0435872413218021
"rs74013774",-0.0204896256327629
"rs74013775",-0.0475557446479797
"rs1894381",0.0036251125857234
"rs12921675",0.00152710173279047
"rs72785305",-0.00315676722675562
"rs66993071",-0.028200825676322
"rs28376724",-0.000317196361720562
"rs143248181",0.0089455870911479
"rs9929533",-0.00958125572651625
"rs933197",0.00391668360680342
"rs76073673",0.0225963834673166
"rs74013776",-0.0461339801549911
"rs11074394",-0.00930154602974653
"rs727187",-0.0444483123719692
"rs142462236",-0.0160319153219461
"rs148052684",-0.018677981570363
"16:19452613_GT_G",0.00246705207973719
"rs9935545",-0.027269821614027
"rs7202892",-0.00112978415563703
"rs7201534",-0.000915797892957926
"rs7202048",-0.000912260729819536
"rs9788935",0.0039524300955236
"rs114945646",0.0252701714634895
"rs16972008",-0.00147545710206032
"rs12934969",-0.00569156836718321
"rs76042989",0.0243067964911461
"rs8052298",0.00172551348805428
"rs72785308",-0.027456721290946
"rs4782247",-0.0120352804660797
"rs4782248",-0.01041164342314
"rs9925965",-0.0281228460371494
"rs9926178",-0.0277924388647079
"rs68125905",-0.00112069956958294
"rs76535357",-0.02025356143713
"rs60530653",-0.0201915819197893
"rs78660367",0.0251431129872799
"rs115978729",0.0153899742290378
"rs8058232",0.0150975184515119
"rs8058400",-0.0125923380255699
"rs56372421",-0.00143260322511196
"rs78824084",-0.0201894845813513
"rs13338936",-0.0281777940690517
"rs79364871",-0.0201983135193586
"rs7498215",-0.0242697149515152
"rs112488593",-0.0201692562550306
"rs76487101",-0.0202336199581623
"rs74013779",-0.0202881470322609
"rs151047400",-0.0202224235981703
"rs116692418",-0.0202823411673307
"rs112049575",-0.0202569644898176
"rs7184765",-0.0257754735648632
"rs144887054",-0.00149591080844402
"rs57810559",-0.001519117038697
"rs112801219",-0.0202413275837898
"rs147331486",-0.0204282086342573
"rs79545455",-0.02023920789361
"rs78343314",-0.0202399585396051
"rs35192636",-0.0172694064676762
"rs113943607",-0.0202516950666904
"rs141242673",0.0240567829459906
"rs144953985",0.0124071529135108
"rs56293144",-0.000935150776058435
"rs74013780",-0.0202226638793945
"rs6497373",-0.0257870461791754
"rs74792823",-0.0201905947178602
"rs76105554",-0.0202094148844481
"rs16972016",-0.0202458631247282
"rs12596845",-0.00409278692677617
"rs16972023",-0.0202404875308275
"rs74013781",-0.020151611417532
"rs74013782",-0.0202174782752991
"rs74013783",-0.0210922639816999
"rs60300975",-0.0211372375488281
"rs59370144",-0.0210320632904768
"rs143600222",0.0153275616466999
"rs16972025",-0.0202169381082058
"rs11866140",-0.000865474808961153
"rs16972029",-0.0211231764405966
"rs74013784",-0.0211106296628714
"rs74013785",-0.0211135372519493
"rs74013786",-0.021056255325675
"rs1557515",-0.0210821591317654
"rs1557516",-0.0210819132626057
"rs1557517",-0.0210816375911236
"rs1557518",-0.0210133362561464
"rs72785311",-0.0281478520482779
"rs116081301",0.0154006062075496
"rs144818047",-0.0210863575339317
"rs113104271",-0.0210135690867901
"rs111824008",-0.0210114903748035
"rs146802116",0.0155927110463381
"rs35940436",-0.00408736476674676
"rs74246696",-0.0210607126355171
"rs76109315",-0.0209741685539484
"rs75464028",-0.0213532187044621
"rs74633443",-0.0210806950926781
"rs145915415",-0.0282486081123352
"rs9924242",-0.0159332174807787
"rs55802597",-0.0210247542709112
"rs7194522",-0.0281400084495544
"rs140129197",-0.0526525378227234
"rs57778388",-0.0210899338126183
"rs77076015",-0.0210940483957529
"rs113555678",-0.0210098195821047
"rs6497374",-0.0120771210640669
"rs7200688",0.0119079668074846
"rs79337881",0.0195498894900084
"rs78640313",0.0418903492391109
"rs568192803",-0.0163930654525757
"rs11644237",-0.0280991923063993
"rs74736698",-0.00460478756576777
"rs79342129",0.0195226725190878
"rs7192082",-0.0356239229440689
"rs140793002",-0.021300045773387
"rs2353691",-0.00260353088378906
"rs28448509",-0.0281964316964149
"rs76702599",-0.020943270996213
"rs16972042",-0.0199651811271906
"rs4644849",-0.0209512449800968
"rs4583227",-0.0210237018764019
"rs9936198",-0.028206204995513
"rs72785315",-0.00183900818228722
"rs7198723",0.00456229457631707
"rs12930873",-0.00913159549236298
"rs36019638",0.0115339076146483
"rs6497375",0.00476123671978712
"rs9921076",-0.0272662714123726
"rs6497376",-0.00882044900208712
"rs147435619",0.0233527924865484
"rs79213302",0.0139890257269144
"rs12924813",0.000492485705763102
"rs9924532",-0.0274450592696667
"rs112378903",-0.0116456709802151
"rs61737709",0.0130168749019504
"rs79310801",0.0671331658959389
"rs8044419",-0.00310129811987281
"rs113274232",-0.0205030646175146
"rs74981560",-0.00333277555182576
"rs67478745",-0.027474794536829
"rs7185258",-0.00500313472002745
"rs118174930",0.0581312514841557
"rs28415691",-0.000399258453398943
"rs1812003",0.0118393385782838
"rs28759224",-0.00442616362124681
"rs55970477",-0.00562004698440433
"rs28372433",-0.0203743539750576
"rs12922495",-0.00561582436785102
"rs6497377",-0.00293377507477999
"rs6497378",-0.00300562055781484
"rs6497379",-0.0030708946287632
"rs56236663",0.0113040385767817
"rs8057205",-0.00311659416183829
"rs12445064",0.0118284216150641
"rs8057910",-0.0056007644161582
"rs8062533",-0.00554565573111176
"rs149551174",-0.00388059346005321
"rs60833668",0.011729191057384
"rs28415977",-0.0205571670085192
"rs11643708",-0.00402184203267097
"rs4782250",0.00990386959165335
"rs74246699",0.0123366136103868
"rs149226264",0.0153300603851676
"rs72785319",-0.00195910735055804
"rs7202676",-0.00124387256801128
"rs67235058",-0.0300765242427588
"rs12934588",-0.00526045309379697
"rs7185465",-0.020282344892621
"rs138698022",0.0443036630749702
"rs8045799",-0.0052855247631669
"rs56666239",1.13840214908123e-05
"rs12596274",-0.00675717368721962
"rs7191783",-0.0293921492993832
"rs78883216",0.0467016659677029
"rs9925709",-0.0190606024116278
"rs28687478",-0.0306889191269875
"rs7200119",-0.0195757709443569
"rs188333303",-0.0482712052762508
"rs11865534",-0.0053861360065639
"rs11862080",-0.0195886809378862
"rs35145515",-0.00504013616591692
"rs11862127",-0.00537504954263568
"rs79081807",0.0119175193831325
"rs8053201",-0.0194683913141489
"rs16972052",0.0120443943887949
"rs13330677",-0.0199314132332802
"rs12596315",0.0171362534165382
"rs113535974",0.0384084060788155
"rs78286881",0.0164885763078928
"rs13338528",-0.0296967960894108
"rs7189972",0.0118192890658975
"rs3743957",0.0118226893246174
"rs3743958",0.0119897155091166
"rs11863290",-0.0189121495932341
"rs79533449",0.0108364438638091
"rs11864289",-0.00562815787270665
"rs11864410",-0.00554459216073155
"rs35421097",0.0378184765577316
"rs7185836",-0.0197689458727837
"rs12928241",-0.00556108728051186
"rs13338968",-0.018839230760932
"rs6497380",0.0117308031767607
"rs11074396",-0.030589334666729
"rs34776130",-0.00537999253720045
"rs8053255",0.0117149874567986
"rs6497381",-0.0294213201850653
"rs28611132",-0.0192309468984604
"rs72785323",-0.0305160861462355
"rs16972060",0.0115277823060751
"rs8063463",-0.029211888089776
"rs72785324",-0.0299840942025185
"rs79694829",0.0117539130151272
"rs8059721",-0.00902689062058926
"rs34319910",-0.0144311990588903
"rs58289429",0.0309619419276714
"rs4780810",-0.00575559679418802
"rs9674106",-0.030109167098999
"rs12927099",-0.0144405104219913
"rs34170384",0.0241686999797821
"rs11866114",-0.014577372930944
"rs150698683",0.0312340501695871
"rs77606876",0.013313066214323
"rs8050874",-0.0145898228511214
"rs8050884",-0.0144452806562185
"rs16972065",0.0313259027898312
"rs16972066",0.0313661843538284
"rs9924152",0.0310458894819021
"rs9888809",-0.00747861200943589
"rs9888817",-0.014318810775876
"rs11860379",0.0201734155416489
"rs3830052",-0.0027593681588769
"rs117445340",0.0207638461142778
"rs78926797",-0.00997001212090254
"rs7193317",-0.00470810895785689
"rs6497382",-0.00702168745920062
"rs4782251",0.016006438061595
"rs55839016",-0.00469452142715454
"rs1475962",0.0160194616764784
"rs1967950",-0.00747583294287324
"rs1967951",0.0162907671183348
"rs1967952",0.0160245131701231
"rs78902873",0.0131782265380025
"rs58162891",0.0312371831387281
"rs8059179",0.0160391218960285
"rs1974448",0.0159395840018988
"rs1475963",0.0160101186484098
"rs1475964",0.0160042196512222
"rs2245423",0.0160056333988905
"rs2856608",0.0160111784934998
"rs2353696",0.0160083100199699
"rs4421962",0.0160063225775957
"rs142702561",0.0312222465872765
"rs11866183",-0.0139157939702272
"rs7499214",0.0160039514303207
"rs11074398",-0.0301028396934271
"rs62026181",0.0160059351474047
"rs2856609",0.0160059817135334
"rs2856610",0.0160065423697233
"rs2856611",0.0160171948373318
"rs145122295",-0.029559412971139
"rs2187659",0.0160316228866577
"rs2187660",0.0160318557173014
"rs2521791",0.0160446558147669
"rs72785332",-0.0294621251523495
"rs2245086",-0.00702295172959566
"rs2256152",-0.00688709272071719
"rs9925444",-0.0139473425224423
"rs12924965",-0.0140034612268209
"rs1134662",0.0160421710461378
"rs2521792",0.0312267821282148
"rs72785333",-0.0298816449940205
"rs2856613",0.0160424001514912
"rs2521793",0.0160326678305864
"rs2521794",0.0086925346404314
"rs74213230",0.013209673576057
"rs2856614",0.0160420797765255
"rs12708624",-0.0140029303729534
"rs916073",0.0160423144698143
"rs2010420",-0.00697050616145134
"rs2010416",0.0158666111528873
"rs916076",-0.0081095639616251
"rs35132880",-0.0138912312686443
"rs10572",-0.0274258088320494
"rs2521795",-0.00685680517926812
"rs76065554",0.0281947162002325
"rs7135",0.0158058926463127
"rs9929386",-7.94613733887672e-05
"rs72785337",-0.0298841968178749
"rs78394754",-0.0819484516978264
"rs2072087",-0.00698501523584127
"rs2285658",0.0158914308995008
"rs9302382",-0.0135982101783156
"rs11640241",-0.0298634357750416
"rs11640243",-0.0296687744557858
"rs148068853",-0.0538207031786442
"rs11860778",-0.0137001276016235
"rs3794697",-0.0158612430095673
"rs62026182",0.024009870365262
"rs117631586",-0.00245033670216799
"rs184770389",-0.0480867885053158
"rs4780814",-0.0158983580768108
"rs12598217",0.00703213317319751
"rs2074167",0.00685629341751337
"rs11641136",-0.0298936869949102
"rs2074168",0.0132022500038147
"rs2074169",-0.0158949326723814
"rs9924305",-0.0312870740890503
"rs2074170",-0.0158941596746445
"rs2074171",-0.0136679615825415
"rs12923369",-0.0158905480057001
"rs9927409",-0.0135721424594522
"rs118050865",-0.029870543628931
"rs72785345",-0.0298540331423283
"rs77192439",0.00740356976166368
"rs6497383",-0.0158929247409105
"rs8053672",-0.0158929247409105
"rs11640077",-0.0158929247409105
"rs117178630",0.00134789338335395
"rs8057970",-0.0158933643251657
"rs11640464",0.00701887160539627
"rs8057980",-0.0158577654510736
"rs12926048",0.00704941246658564
"rs11860735",-0.0136314509436488
"rs12599214",-0.0104771852493286
"rs72767507",-0.0298396479338408
"rs9925774",-0.0139550641179085
"rs2353912",0.00703016063198447
"rs2353913",-0.0158825032413006
"rs2353914",0.00702979834750295
"rs17226664",-0.0328293815255165
"rs739639",-0.00483014481142163
"rs2009787",-0.0158353354781866
"rs2074172",-0.0158355534076691
"rs11074400",0.00745364930480719
"rs226886",0.0048914197832346
"rs9932630",-0.0158468913286924
"rs72767511",-0.029820391908288
"rs72767512",-0.029820391908288
"rs9935304",-0.0158501118421555
"rs150011029",-0.0373973250389099
"rs12051433",0.00747600430622697
"rs75033720",-0.025339649990201
"rs72767514",-0.0298379063606262
"rs2074173",-0.0100844213739038
"rs67663649",-0.00929142907261848
"rs9933337",-0.0161822699010372
"rs3764315",-0.0147969499230385
"rs3764316",-0.0161184500902891
"rs11646941",0.00704257376492023
"rs72767516",-0.0296470932662487
"rs8057847",0.0068737892434001
"rs2285659",0.00735128251835704
"rs61351711",-0.0173037648200989
"rs80055487",-0.0183502659201622
"rs55882221",-0.0296780113130808
"rs35453590",-0.00800089444965124
"rs226887",0.031132148578763
"rs13333955",-0.000451111234724522
"rs116846951",-0.0504895746707916
"rs184596924",0.0179782956838608
"rs226888",-0.0282833445817232
"rs11645120",-0.0296474043279886
"rs12446804",-0.00801357347518206
"rs72767517",-0.0296469479799271
"rs12447418",-0.00800082366913557
"rs56092191",-0.029636500403285
"rs77096888",0.058025062084198
"rs12929603",0.00746749201789498
"rs8060735",-0.0158193055540323
"rs226889",0.0136227058246732
"rs1821911",-0.0297840479761362
"rs1821912",-0.0158200208097696
"rs11649604",-0.0296686720103025
"rs11639559",-0.0296454355120659
"rs74791040",0.0229256916791201
"rs34022665",0.0074759186245501
"rs146203264",-0.0296503826975822
"rs13330940",-0.0148914456367493
"rs55649520",-0.0296098496764898
"rs12927277",0.00751625327393413
"rs2067655",-0.0295409150421619
"rs226890",0.031065970659256
"rs78709735",0.0134861785918474
"rs10521108",0.00473396340385079
"rs17324665",0.0576646104454994
"rs8048122",-0.0283883009105921
"rs11074401",-0.0156968999654055
"rs77581424",0.0228909328579903
"rs12447447",0.00758066913112998
"rs10492785",-0.0147746633738279
"rs3751821",-0.0146181378513575
"rs226891",-0.0165390595793724
"rs11645625",-0.0287299901247025
"rs7190666",0.00760550890117884
"rs179050",0.0310588032007217
"rs7191012",0.00760389352217317
"rs62000395",0.0213948041200638
"rs17227190",0.0066036875359714
"rs2240015",0.00760453008115292
"rs75964070",0.0130079826340079
"rs56262610",-0.029529333114624
"rs72767534",-0.029529333114624
"rs226892",0.0310817174613476
"rs35569797",0.00777433672919869
"rs149690336",-0.0296554081141949
"rs143405353",-0.0471396408975124
"rs226893",-0.0170837137848139
"rs8046822",-0.0295252744108438
"rs8046828",-0.0295252744108438
"rs2285660",0.00775185972452164
"rs2285661",-0.0150182098150253
"rs4782253",-0.0157252047210932
"rs7199035",-0.0156872253865004
"rs17325092",-0.0225405097007751
"rs72767539",-0.029537046328187
"rs12446928",0.00777941616252065
"rs1898678",-0.0295446086674929
"rs1898677",-0.0157357919961214
"rs2005686",-0.0157422944903374
"rs11640277",-0.00783881824463606
"rs2005687",-0.014909390360117
"rs2005688",-0.0157617032527924
"rs2005396",0.0328898690640926
"rs2014500",-0.0157295949757099
"rs11641635",-0.0295757651329041
"rs2301687",0.0076040648855269
"rs2301688",-0.00429247366264462
"rs2301688",-0.0173290241509676
"rs8182156",0.0075650792568922
"rs11648696",0.00994947832077742
"rs140529793",0.0228893049061298
"rs2158068",0.00771999964490533
"rs34943733",-0.0149553706869483
"rs4238674",-0.0149560337886214
"rs12599884",0.00775264669209719
"rs7205256",-0.0295361559838057
"rs7204821",-0.029524452984333
"rs2240016",-0.01573321595788
"rs146197753",-0.00149123044684529
"rs12934510",0.00756344152614474
"rs117378998",-0.0295220967382193
"rs17227624",-0.0334839895367622
"rs16972174",-0.0149544915184379
"rs4782256",-0.0149077493697405
"rs59681910",-0.0111609911546111
"rs4782257",-0.0156957674771547
"rs11648414",-0.0295287985354662
"rs12599825",0.00769232166931033
"rs12597762",0.00758180813863873
"rs2285662",0.00758305797353387
"rs2285663",-0.0148934097960591
"rs2028265",-0.00786245428025723
"rs2028264",0.00773478159680963
"rs11644848",-0.0155558828264475
"rs79038844",0.022935701534152
"rs72767547",-0.0146395182237029
"rs72767548",0.00773277133703232
"rs12919498",0.00762474071234465
"rs16972190",-0.0173390489071608
"rs17227921",-0.0227936953306198
"rs76153218",-0.0479738563299179
"rs226885",0.031002240255475
"rs226884",0.0308990590274334
"rs148038747",-0.0296590849757195
"rs150717401",-0.0297200083732605
"rs11865920",-0.0148299196735024
"rs147987192",-0.0538840182125568
"rs118140308",-0.0335030257701874
"rs142821568",-0.031442116945982
"rs7187771",-0.0166205167770386
"rs226883",0.0309141557663679
"rs1898676",-0.0149886235594749
"rs72767551",-0.0314450711011887
"rs72767552",-0.031459603458643
"rs12927012",-0.0162613894790411
"rs13337567",-0.0318742245435715
"rs12600013",0.00779864843934774
"rs226882",0.0307453442364931
"rs226881",0.0308127719908953
"rs2353916",0.00765567645430565
"rs13334972",-0.0149694662541151
"rs2353917",-0.00884416606277227
"rs226880",0.0309479553252459
"rs115104029",-0.0315337218344212
"rs141640166",-0.0315041430294514
"rs7184497",-0.0166954211890697
"rs138061901",-0.0315337292850018
"rs11646464",0.00755628710612655
"rs139378719",-0.0372993797063828
"rs226879",0.0388492979109287
"rs12919749",-0.0090482709929347
"rs66732788",0.00758024072274566
"rs9922674",-0.0170919299125671
"rs226878",0.00957867782562971
"rs8054768",-0.01494419015944
"rs2079012",0.00738463643938303
"rs7500037",-0.0319211930036545
"rs12597516",0.00744958501309156
"rs2353918",-0.0168934743851423
"rs62026186",-0.0215226262807846
"rs121235",0.0174208655953407
"rs8062210",-0.0261385999619961
"rs8046566",0.00735205365344882
"rs8046586",-0.00897460617125034
"rs67973727",0.00727573409676552
"rs226877",0.031772430986166
"rs226876",0.00944268144667149
"rs12923813",-0.00896447338163853
"rs226875",0.00916470214724541
"rs12927813",0.00734825571998954
"rs139612185",0.013128031976521
"rs2057648",-0.009031742811203
"rs391065",0.00914296042174101
"rs371889",0.00932138785719872
"rs12919821",0.00775931170210242
"rs7189880",0.00777244521304965
"rs36109220",0.00785094778984785
"rs574869",0.0310117807239294
"rs7191449",0.00775924092158675
"rs117106264",-0.00557675771415234
"rs7195875",-0.000516541302204132
"rs12444628",0.0228694453835487
"rs415491",0.0310529507696629
"rs12925996",0.00795037671923637
"rs9673542",-0.0261286161839962
"rs9745880",-0.0316100940108299
"rs9673568",-0.000402530189603567
"rs383481",-0.0338289365172386
"rs34238668",0.00796720385551453
"rs79269924",0.040837399661541
"rs77656542",0.0328029468655586
"rs12929106",0.00476377364248037
"rs11642738",0.00805862713605165
"rs2289288",-0.0180167574435472
"rs11861774",-0.000458292197436094
"rs11866050",-0.000457593705505133
"rs150203563",-0.0640924572944641
"rs79029871",-0.0163492020219564
"rs75876027",-0.0164968501776457
"rs226848",0.0305574685335159
"rs12446317",0.0228535160422325
"rs16972219",0.00801394693553448
"rs35753118",0.00907717645168304
"rs72767555",-0.0317355655133724
"rs8060828",-0.00856130290776491
"rs9935995",-0.00850326661020517
"rs739640",-0.00436059618368745
"rs7184710",0.00797455571591854
"rs9936286",-0.000454646535217762
"rs72767557",-0.0317397490143776
"rs78527522",0.0228181798011065
"rs34547222",0.00752544542774558
"rs6497384",-0.00905554927885532
"rs72767558",-0.0317436344921589
"rs6497385",-0.00862447265535593
"rs7190644",-0.0262455362826586
"rs9929848",-0.0262426342815161
"rs6497386",-0.00856352504342794
"rs34850685",-0.00679127173498273
"rs226849",0.0123737584799528
"rs226850",-0.00539992656558752
"rs226851",0.0147493677213788
"rs150574053",0.0226660948246717
"rs226852",-0.00567260850220919
"rs72767559",-0.0504433363676071
"rs170537",-0.00571070611476898
"rs12924699",0.0173648223280907
"rs226853",-0.0056796888820827
"rs11642539",-0.0320594906806946
"rs7198671",0.00777813512831926
"rs66565871",0.00780908390879631
"rs12929400",0.0174476616084576
"rs111284870",0.0081206988543272
"rs8058161",-1.99857167899609e-05
"rs172889",-0.00565521372482181
"rs226855",-0.00562585145235062
"rs111461972",-0.0150933125987649
"rs226856",-0.0103035541251302
"rs4780816",-0.00565133616328239
"rs179049",0.00810666382312775
"rs226874",0.0120103964582086
"rs58932375",0.0173912066966295
"rs226873",-0.00556761445477605
"rs226872",-0.00563708506524563
"rs226871",-0.00560249108821154
"rs226870",0.0112449899315834
"rs226869",-0.00560179958119988
"rs226868",-0.0057787299156189
"rs226867",-0.0104496516287327
"rs75401997",0.0225991290062666
"rs71384420",0.0174717623740435
"rs226866",0.0283189229667187
"rs12325023",-0.0116161769255996
"rs179048",-0.00493679288774729
"rs226865",0.00637727836146951
"rs226864",-0.00845999922603369
"rs12445994",0.0200138166546822
"rs141169213",0.0655010044574738
"rs150713575",-0.0572413057088852
"rs1007459",-0.00207310868427157
"rs2218072",0.0199917573481798
"rs226861",-0.00479113729670644
"rs11649479",-0.0202900134027004
"rs11649411",-0.0200618021190166
"rs4782261",-0.0184621512889862
"rs80185479",-0.0100043220445514
"rs226860",-0.0300543047487736
"rs226859",-0.0111292023211718
"rs114444",-0.0291937254369259
"rs114443",-0.0180846247822046
"rs186584",-0.0178706832230091
"rs170538",-0.0179481822997332
"rs226858",-0.0292201898992062
"rs182738",-0.0291144829243422
"rs72767563",-0.0337788425385952
"rs226857",-0.0121634798124433
"rs62026187",-0.0198419168591499
"rs62026188",-0.0199029538780451
"rs17326483",-0.0189756192266941
"rs12448875",0.0148081388324499
"rs12448855",-0.00710723316296935
"rs35448130",-0.00498485192656517
"rs7194291",-0.0300680194050074
"rs16972232",-0.0127807250246406
"rs72767567",-0.0366237498819828
"rs116989309",-0.0365937575697899
"rs1231839",-0.021100914105773
"rs190128",-0.0210913885384798
"rs142572868",-0.000238794833421707
"rs62026210",-0.0307724978774786
"rs142058557",0.0147867342457175
"rs226895",-0.0389812327921391
"rs16972236",-0.0126506220549345
"rs226896",-0.0111414156854153
"rs62026211",-0.00327380886301398
"rs8061059",-0.0127355717122555
"rs226897",-0.0391076393425465
"rs6497388",-0.0126069504767656
"rs2040638",0.00165551109239459
"rs2353933",0.0142232328653336
"rs226898",0.00485861161723733
"rs226899",-0.0189579632133245
"rs17326812",-0.0103785246610641
"rs6497389",-0.0159261357039213
"rs80214103",0.00851499941200018
"rs8049073",-0.00670481100678444
"rs138106923",0.0164506006985903
"rs8049383",-0.015467650257051
"rs75199663",-0.0111348796635866
"rs8056025",-0.025804141536355
"rs72767572",-0.0303601995110512
"rs146323079",-0.00102595752105117
"rs16972263",-0.00372950453311205
"rs8060000",0.00788503792136908
"rs75054293",-0.00127946073189378
"rs62024061",0.00911510922014713
"rs62024062",0.00888484716415405
"rs11640726",-0.0375300757586956
"rs35818379",0.0089711369946599
"rs1025732",0.00900012161582708
"rs143155055",0.0438339188694954
"rs6497390",-0.0236265603452921
"rs75508170",0.00377430766820908
"rs35159009",-0.0525517202913761
"rs7195288",-0.0544371455907822
"rs35486742",0.00119750387966633
"rs116873254",0.0168988946825266
"rs9889138",0.016855226829648
"rs12325175",-0.0524299070239067
"rs11648108",-0.054353129118681
"rs7197584",-0.0491959825158119
"rs8056302",0.0167500842362642
"rs72767575",-0.0210640151053667
"rs11865422",-0.0363545268774033
"rs9937040",-0.0121758934110403
"rs8063852",-0.0362981520593166
"rs8064165",-0.0167620740830898
"rs72767577",-0.0548583790659904
"rs75819549",-0.0122883720323443
"rs137856196",0.0320075787603855
"rs72767578",0.00537832174450159
"rs9922571",-0.0362155400216579
"rs79025769",-0.01169812399894
"rs9922803",0.0167672745883465
"rs11640411",-0.0549617186188698
"rs9922967",0.0167342480272055
"rs79367107",0.0369838029146194
"rs74666248",-0.0120373228564858
"rs6497393",0.0168749392032623
"rs139478753",-0.0229802262037992
"rs72767580",-0.0315844975411892
"rs62024066",0.0168803241103888
"rs2353937",-0.036220621317625
"rs112856678",-0.0549149066209793
"rs28847111",-0.0439994931221008
"rs8046353",-0.0361816845834255
"rs8046240",-0.0443476103246212
"rs7187941",-0.0388200916349888
"rs55898910",-0.0548314526677132
"rs16972272",-0.0121088838204741
"rs16972275",-0.011759459041059
"rs16972278",-0.0120264766737819
"rs6497394",0.0168618764728308
"rs34915399",-0.0548496507108212
"rs12928446",-0.00252678245306015
"rs62024068",0.0168258138000965
"rs72767582",-0.0547523982822895
"rs11642898",0.00389956030994654
"rs77706575",0.016827430576086
"rs12934226",-0.0255580227822065
"rs12935562",-0.0255629494786263
"rs2304618",0.0168699249625206
"rs67415302",-0.054794754832983
"rs113756314",-0.0548100471496582
"rs75731466",-0.0116058634594083
"rs11647156",-0.0548463277518749
"rs11643482",-0.0548706762492657
"rs2304619",-0.0548443384468555
"rs11866321",-0.0438845008611679
"rs11859061",-0.044156264513731
"rs11859064",-0.0345635749399662
"rs9921467",-0.0449843592941761
"rs57587178",0.037253811955452
"rs149277375",-0.0471075884997845
"rs62024069",-0.0442037731409073
"rs61453609",-0.0361150503158569
"rs72767586",-0.054771788418293
"rs112132917",-0.054834146052599
"rs12102515",-0.0344408117234707
"rs113172921",-0.0558801107108593
"rs146610790",-0.00620312802493572
"rs7197579",-0.037121195346117
"rs7196565",-0.036171592772007
"rs3764319",-0.0380188710987568
"rs9938513",-0.0363423526287079
"rs9940590",-0.0343816764652729
"rs9940708",0.0167262069880962
"rs9940881",-0.0424089431762695
"rs138255731",-0.00606083124876022
"rs72767589",-0.0547967813909054
"rs61611363",0.0237068124115467
"rs7192824",-0.0361759960651398
"rs13333572",0.0167073644697666
"rs72767590",-0.0318004712462425
"rs7206712",0.0232045240700245
"rs875648",-0.0440602414309978
"rs13335136",0.0271971710026264
"rs13330396",0.0271971710026264
"rs875649",-0.0386808589100838
"rs72767592",-0.0552504174411297
"rs56180801",0.0237087588757277
"rs7195836",0.0177665743976831
"rs144795663",0.00168213807046413
"rs34729243",-0.0213669445365667
"rs72767593",-0.0550791956484318
"rs9937868",0.0269355420023203
"rs9937808",0.0175930913537741
"rs7202969",0.0269824862480164
"rs72767594",-0.0549225620925426
"rs55856517",-0.0548638664186001
"rs1545171",0.0269756726920605
"rs57757272",0.0237768143415451
"rs140397541",-0.0464252196252346
"rs7203033",0.0121708884835243
"rs7203851",0.0269976668059826
"rs143452172",-0.021210340783
"rs9930800",-0.0438362620770931
"rs16972295",-0.0213125739246607
"rs57223667",0.0237225443124771
"rs226901",0.00972019601613283
"rs9922084",0.0271612573415041
"rs28758411",0.0178724192082882
"rs28582219",0.0271680727601051
"rs72767596",-0.0548751950263977
"rs72767597",-0.0551645271480083
"rs62024093",0.009952737018466
"rs13336174",0.0181232746690512
"rs13336298",0.0180092304944992
"rs74379290",0.0283143762499094
"rs76862484",-0.0542873777449131
"rs9934689",0.0272291824221611
"rs10048135",-0.0387154668569565
"rs62024094",0.0178015176206827
"rs140298815",0.0258421208709478
"rs9923035",0.0174776874482632
"rs9924919",0.0173766855150461
"rs9925675",0.0173074044287205
"rs9936409",-0.0249029044061899
"rs9936413",-0.0308681428432465
"rs9928414",-0.036131214350462
"rs9928303",-0.0359193980693817
"rs11644491",-0.0363956764340401
"rs111597809",-0.0465927310287952
"rs11863082",-0.0435169599950314
"rs58277580",-0.0367729812860489
"rs67373737",-0.0467638559639454
"rs28768227",-0.0374687910079956
"rs9924508",0.0177004765719175
"rs55672624",-0.0205541886389256
"rs55892021",-0.0371133461594582
"rs17676241",-0.0473824292421341
"rs72769506",-0.0371220372617245
"rs35743011",-0.022720305249095
"rs4597301",-0.0473340824246407
"rs138859763",0.00246678106486797
"rs16972299",-0.0224370583891869
"rs2354582",-0.0391879826784134
"rs957675",-0.0490900799632072
"rs957676",-0.0388259179890156
"rs61631025",-0.0387016385793686
"rs8064096",-0.0385977178812027
"rs62024104",0.0102874077856541
"rs9930195",0.0175288915634155
"rs13336974",-0.03881511464715
"rs13332414",-0.0390115529298782
"rs11866218",0.0174301601946354
"rs11863589",-0.0374746434390545
"rs11859198",-0.0374880768358707
"rs28678274",0.0172793660312891
"rs117541623",0.0441259816288948
"rs117173807",0.0174179393798113
"rs28525483",-0.0369931720197201
"rs9924363",-0.0357158817350864
"rs61498115",0.0170618984848261
"rs72769513",-0.0474320985376835
"rs62024106",0.0170597545802593
"rs190017805",0.0454500392079353
"rs112653628",-0.0474324189126492
"rs57672772",-0.0474289581179619
"rs12928663",0.0240931585431099
"rs60585236",-0.00822937022894621
"rs60603648",-0.0473459549248219
"rs143694112",-0.0461713783442974
"rs55731626",-0.0474607422947884
"rs8053732",-0.0376265309751034
"rs8053738",0.0172962751239538
"rs8059936",-0.0391044802963734
"rs72769514",-0.0471745543181896
"rs72769515",-0.0496769659221172
"rs9933924",0.0169898308813572
"rs55864375",0.0172406397759914
"rs9936712",0.0172318816184998
"rs116060500",-0.00867250747978687
"rs1548447",0.0177387949079275
"rs1548446",-0.0398475266993046
"rs1548445",0.0115536628291011
"rs62024110",0.017543613910675
"rs11646090",-0.0471008792519569
"rs117079951",0.00837506726384163
"rs117014682",0.0384894274175167
"rs3815036",-0.0494410619139671
"rs11642806",-0.0378286428749561
"rs58952744",-0.0492639243602753
"rs56029997",0.0175533574074507
"rs77715119",0.0215943474322557
"rs11644196",-0.0645288601517677
"rs62024111",0.0231356825679541
"rs62024112",-0.0312697887420654
"rs145938986",-0.0353453978896141
"rs55989139",-0.0488129146397114
"rs739566",-0.0402817204594612
"rs2019186",-0.0485402345657349
"rs1076175",-0.0428017303347588
"rs142396566",0.031164551153779
"rs17676607",-0.0516567938029766
"rs35189080",-0.0184493400156498
"rs112261551",-0.0498265475034714
"rs7194298",-0.0393615551292896
"rs2078936",-0.0382802039384842
"rs58568604",-0.0121652036905289
"rs7184323",0.0458749867975712
"rs13331770",0.0448668077588081
"rs13333029",-0.0479544475674629
"rs150699629",-0.0246763322502375
"rs117371680",0.0358001515269279
"rs139991664",-0.0172204468399286
"rs71384424",-0.0327648818492889
"rs11644432",-0.0154544813558459
"rs568777542",0.00362187530845404
"rs73541409",-0.0252651255577803
"rs186939219",0.0149533050134778
"rs112324736",-0.0211678184568882
"rs8063310",-0.0230192914605141
"rs78179060",-0.0373993888497353
"rs7187976",-0.0228119995445013
"rs191727842",0.0355053953826427
"rs62024154",-0.0199708100408316
"rs28415871",-0.0228215418756008
"rs55781242",-0.0220728404819965
"rs56100071",-0.0220271684229374
"rs56108048",-0.022289115935564
"rs11859776",-0.0228114537894726
"rs9935063",-0.0228320546448231
"rs150300279",0.0364602841436863
"rs11646891",-0.0220275688916445
"rs2239973",-0.0221188813447952
"rs6497395",-0.0227678511291742
"rs111425148",-0.00307107530534267
"rs61738005",0.00829600263386965
"rs1544352",-0.0228901468217373
"rs8061759",0.00415733736008406
"rs72769523",-0.0221346262842417
"rs739565",0.0140262618660927
"rs34069083",0.012402119114995
"rs75908241",0.0409867689013481
"rs1016971",-0.0219100192189217
"rs12922373",-0.0403750501573086
"rs8044413",-0.00827931798994541
"rs8044607",-0.022049592807889
"rs56064636",-0.0221061073243618
"rs11641968",-0.0222741104662418
"rs145886273",-0.0381499528884888
"rs720176",-0.0220324248075485
"rs720175",-0.0221003424376249
"rs720174",-0.0220078099519014
"rs720173",-0.0219130422919989
"rs59522553",-0.0228812023997307
"rs11644834",-0.0227171741425991
"rs3829539",-0.0220782738178968
"rs150402457",-0.00710477400571108
"rs62024159",-0.0219938457012177
"rs117278592",0.0124325500801206
"rs55996374",-0.0222037378698587
"rs4782269",-0.0227981228381395
"rs141653862",0.0141757130622864
"rs2074037",-0.0221054591238499
"rs79810083",-0.00253594340756536
"rs71384425",0.00721077993512154
"rs11640454",0.00944910757243633
"rs8060355",-0.0304008573293686
"rs4780822",-0.0212140884250402
"rs11645910",-0.0220786370337009
"rs4782270",-0.0218915976583958
"rs4782272",-0.0213071275502443
"rs111355075",-0.000460538547486067
"rs8063404",-0.0211392305791378
"rs62024961",-0.0209805741906166
"rs59193330",-0.0218391921371222
"rs62024964",-0.0215906873345375
"rs150651678",-0.0131135853007436
"rs62024965",-0.0256754029542208
"rs62024966",-0.0257269609719515
"rs6497396",-0.0217049270868301
"rs149096423",0.0219019316136837
"rs4780823",-0.0192125551402569
"rs137867231",-0.0258322823792696
"rs149626751",-0.000110727734863758
"rs118143864",-0.0343992039561272
"rs4780824",-0.0184218268841505
"rs2106638",-0.0057987286709249
"rs7206184",-0.018554775044322
"rs739564",-0.0195518862456083
"rs739563",-0.018493564799428
"rs148695213",0.0644117519259453
"rs142206469",0.0112787410616875
"rs78731084",-0.0054448526352644
"rs56344690",-0.00996584910899401
"rs78541655",0.0124568687751889
"rs1858973",-0.0185649078339338
"rs1858972",-0.00426914589479566
"rs62624481",-0.00195220345631242
"rs16972322",-0.0186010394245386
"rs141883728",0.0185264591127634
"rs55687948",-0.0185655895620584
"rs13331873",-0.0193390194326639
"rs8055485",-0.0185723695904016
"rs8056301",-0.0193394515663385
"rs145431631",-0.044124647974968
"rs72769533",-0.00577465677633882
"rs56192546",-0.0353484898805618
"rs17733843",-0.0396175011992455
"rs143563563",0.032687496393919
"rs79754670",-0.026637015864253
"rs78083546",-0.0258377511054277
"rs118002018",0.0290893260389566
"rs8053999",-0.0193680319935083
"rs2354583",-0.0193713735789061
"rs1858975",-0.0193532574921846
"rs1858974",-0.0193310976028442
"rs182851563",-0.0350791923701763
"rs12920403",0.0276288576424122
"rs4782276",-0.0283716656267643
"rs924815",-0.0299371127039194
"rs62024971",-0.0258660744875669
"rs4782277",-0.0189004372805357
"rs4782278",-0.0185109283775091
"rs4782279",-0.0188894867897034
"rs4780826",-0.0187937095761299
"rs4782280",-0.018899092450738
"rs8053400",-0.0193157661706209
"rs16951276",-0.0184956509619951
"rs62025010",-0.000225192401558161
"rs76608406",0.0386627055704594
"rs6497401",-0.0187580455094576
"rs8053136",-0.0294747967272997
"rs7195053",-0.0188177153468132
"rs11642322",-0.0187651589512825
"rs62025012",-0.0186586882919073
"rs6497402",-0.018831055611372
"rs4782281",-0.0188602637499571
"rs144609455",-0.0318933986127377
"rs11646817",-0.0189000684767962
"rs11647001",-0.018647151067853
"rs73543604",-0.0268345940858126
"rs79590005",-0.0268243104219437
"rs11074407",-0.0184758212417364
"rs150461419",0.0145045574754477
"rs78968421",-0.0383475534617901
"rs8052404",-0.0190037991851568
"rs117861004",-0.0374189391732216
"rs10500403",-0.0189193859696388
"rs62025014",-0.0258304253220558
"rs72769541",-0.0190200973302126
"rs72769543",-0.0188235566020012
"rs72769544",-0.0188083034008741
