"SNP","rs6476434"
"rs10971557",0.0464088805019855
"rs10971558",0.046408124268055
"rs144085091",-0.0719567611813545
"rs148631466",-0.111995041370392
"rs66673638",-0.0692535117268562
"rs56170862",-0.0789373740553856
"rs141226747",-0.0718935579061508
"rs58727961",0.025580195710063
"rs41303231",0.0284477677196264
"rs41304751",-0.0789639055728912
"rs41313776",-0.071752518415451
"rs7040150",-0.0790068954229355
"rs117731525",-0.130869761109352
"rs7025859",-0.0825683996081352
"rs12377320",0.069808691740036
"rs138787645",-0.131001517176628
"rs12379584",0.0129515873268247
"rs12375557",0.0220418944954872
"rs141700804",-0.138384163379669
"rs146131560",-0.0782643854618073
"rs191101429",-0.100546218454838
"rs79498232",-0.0781470835208893
"rs149994484",-0.069812037050724
"rs147850018",-0.0723983496427536
"rs141470740",-0.0723799243569374
"rs10971559",0.0478114858269691
"rs141145299",-0.0693542435765266
"rs143094767",-0.131067842245102
"rs10971560",-0.0783150494098663
"rs184469240",0.0121854888275266
"rs62556632",0.0608066618442535
"rs145163023",-0.0692896097898483
"rs113264473",0.0414171889424324
"rs2477414",-0.0783000513911247
"rs145275855",-0.0724413692951202
"rs148702875",-0.0782578662037849
"rs10971561",0.0219429116696119
"rs4879711",-0.0627001449465752
"rs183769927",-0.161087363958359
"rs147275267",-0.0470430068671703
"rs10971562",-0.0783436596393585
"rs140936080",0.0481678657233715
"rs4008868",0.0222576502710581
"rs10971563",0.0400129705667496
"rs12683670",-0.0709492638707161
"rs141298589",-0.0784666538238525
"rs142538183",0.004395199008286
"rs117705770",0.0533145256340504
"rs3866502",-0.131286963820457
"rs7869535",0.0477508641779423
"rs1748850",-0.112410843372345
"rs116242038",-0.0730146989226341
"rs138119516",-0.181405290961266
"rs147570885",-0.0782874226570129
"rs140985115",-0.103008180856705
"rs151062027",-0.131014466285706
"rs117958334",-0.103040732443333
"rs141689724",-0.0745210275053978
"rs149157695",0.0214462876319885
"rs75427079",0.0480411723256111
"rs143471016",-0.077865794301033
"rs10971564",-0.0642517432570457
"rs139891984",-0.0778743028640747
"rs56114080",-0.0779019817709923
"rs117099871",-0.0781687721610069
"rs62559879",0.0679255574941635
"rs139695525",-0.00531477760523558
"rs142302680",-0.151519745588303
"rs117590970",-0.0996815860271454
"rs79001995",-0.144513249397278
"rs72504078",-0.0779248997569084
"rs10971565",-0.0623612143099308
"rs571389",-0.00114652374759316
"rs12238528",-0.0780172273516655
"rs7046230",-0.0806037709116936
"rs7046617",-0.130798265337944
"rs7032174",-0.132625207304955
"rs41313967",-0.100882910192013
"rs10971566",0.012999814003706
"rs144521321",0.0307599566876888
"rs10813997",0.0242310799658298
"rs140691606",0.0314260199666023
"rs62559880",0.0586729422211647
"rs62559881",0.0307849273085594
"rs10971567",0.0451910458505154
"rs148489830",0.0245873760432005
"rs10971568",0.0306932963430882
"rs10971569",0.0305124316364527
"rs59767716",0.0362635515630245
"rs7853994",0.030845096334815
"rs148356325",-0.104097068309784
"rs10971571",0.0307282879948616
"rs10971573",0.030790189281106
"rs1807130",0.00779810221865773
"rs12378940",0.0791990756988525
"rs597219",0.0652673915028572
"rs10813998",-0.0777722299098969
"rs138381526",0.0069505195133388
"rs7035181",-0.0436602495610714
"rs7018898",-0.0430555492639542
"rs7019199",-0.043167844414711
"rs10971574",0.029745664447546
"rs10123282",-0.0851122587919235
"rs6476414",-0.143152803182602
"rs6476415",-0.0675204545259476
"rs12001415",-0.06745495647192
"rs12001443",-0.0673803016543388
"rs12001444",-0.0673734694719315
"rs11999640",-0.0673368349671364
"rs4556170",-0.0674675852060318
"rs1853722",-0.0672600790858269
"rs72709644",-0.130815371870995
"rs149662767",-0.185990884900093
"rs7859132",-0.0648069754242897
"rs112467950",-0.13642193377018
"rs7859763",-0.0263507720082998
"rs4008848",0.0446748211979866
"rs4008850",0.0321695692837238
"rs4008854",0.0500617772340775
"rs1811908",0.0569515265524387
"rs1853724",0.0970407202839851
"rs2380784",-0.164299339056015
"rs148593207",0.107831105589867
"rs62559885",-0.0735067427158356
"rs10971578",0.0289412681013346
"rs149996356",0.0504285469651222
"rs56181767",0.0223647672683001
"rs10971579",-0.0187466144561768
"rs506352",0.0201482176780701
"rs60222780",0.0693140029907227
"rs10813999",0.020121905952692
"rs2093977",0.0987188294529915
"rs2093978",0.0985857248306274
"rs144461811",0.0495781078934669
"rs181023910",0.0549466051161289
"rs12555847",0.0692068487405777
"rs10814001",0.02754245698452
"rs1969854",0.0275244638323784
"rs144374016",0.0496488101780415
"rs10971585",0.0271813776344061
"rs144970630",0.0215481333434582
"rs4410990",0.0264789871871471
"rs3866503",0.0674153193831444
"rs7044145",0.0675581693649292
"rs10971587",-0.0176154412329197
"rs12338786",0.0358790419995785
"rs10971588",0.0104258581995964
"rs12235967",-0.0536074787378311
"rs148399952",-0.00113808084279299
"rs113095020",0.0693421140313148
"rs117730246",0.0244474951177835
"rs141787831",0.0917632952332497
"rs4879715",-0.0531505309045315
"rs149873942",0.0274196285754442
"rs10758212",0.0539946630597115
"rs75026182",0.0946236178278923
"rs10971589",-0.0470852516591549
"rs144874855",-0.150518029928207
"rs118181713",0.0915631279349327
"rs12336966",-0.00589051004499197
"rs139457576",0.0794054493308067
"rs563166",-0.18827049434185
"rs140509016",0.0976899862289429
"rs145654547",0.0579896345734596
"rs56010794",-0.133164331316948
"rs10971592",-0.00387261062860489
"rs55694366",-0.133046567440033
"rs35314315",-0.133133873343468
"rs12551976",-0.150218650698662
"rs146553580",-0.223365649580956
"rs35392389",0.102434605360031
"rs73645510",-0.00788811501115561
"rs2025530",0.0645761489868164
"rs72709649",-0.0403493493795395
"rs80054910",-0.0343165285885334
"rs138062707",0.0234062429517508
"rs117714621",0.0233843363821507
"rs59972735",0.174334973096848
"rs10971593",-0.100307695567608
"rs60336228",-0.10019538551569
"rs10971594",0.107143692672253
"rs4879716",-0.105781756341457
"rs138493243",0.0794654935598373
"rs4879717",-0.146523982286453
"rs56767007",0.0476715192198753
"rs145202227",0.0328828617930412
"rs62559916",0.294366240501404
"rs117350329",0.0139536149799824
"rs10814008",-0.0258512571454048
"rs10971595",-0.0257666949182749
"rs7031764",0.469778120517731
"rs4879719",0.287977516651154
"rs7863681",-0.0630454570055008
"rs60988169",0.0850252583622932
"rs117114889",0.0977453738451004
"rs117770612",0.10670530050993
"rs12156557",-0.36889061331749
"rs10971597",0.226200744509697
"rs10814010",-0.0656631514430046
"rs10758214",-0.065778985619545
"rs10971598",-0.0657666251063347
"rs184329319",-0.171032547950745
"rs114690664",-0.47073432803154
"rs10814011",-0.0658117383718491
"rs2147572",-0.369141012430191
"rs2380807",-0.0653640925884247
"rs150390023",0.0647550970315933
"rs139127480",-0.422079175710678
"rs118010240",0.106864959001541
"rs1856187",-0.0653421133756638
"rs72709653",-0.470600187778473
"rs10124339",0.226781010627747
"rs855468",0.276904433965683
"rs145018646",0.106928788125515
"rs7031544",0.226874813437462
"rs112195324",0.118065685033798
"rs1856189",0.282385349273682
"rs1856190",0.282327651977539
"rs855470",-0.222334325313568
"rs855471",-0.369864165782928
"rs855472",-0.369537532329559
"rs855473",-0.279090583324432
"rs855474",-0.278840363025665
"rs855477",-0.278840363025665
"rs117780273",0.12763449549675
"rs855479",-0.2788405418396
"rs855480",-0.369880735874176
"rs2142063",0.226589202880859
"rs34472601",-0.471256375312805
"rs10971601",0.213658258318901
"rs855483",-0.278839558362961
"rs118010002",0.127692803740501
"rs855484",-0.278460770845413
"rs10971602",-0.370144486427307
"rs855485",-0.278840512037277
"rs76557773",0.127497121691704
"rs855486",-0.278770297765732
"rs855487",-0.278770089149475
"rs4879721",0.213701233267784
"rs855488",-0.626478731632233
"rs855489",-0.119263961911201
"rs855493",-0.278773933649063
"rs139177319",0.127712696790695
"rs12378895",-0.40073624253273
"rs855495",-0.626666605472565
"rs855497",-0.27877140045166
"rs855498",-0.626818954944611
"rs144306229",0.0477062053978443
"rs12346857",0.226389795541763
"rs855500",-0.278773069381714
"rs117755858",0.127763450145721
"rs855502",-0.272778183221817
"rs117502899",0.0838088020682335
"rs855503",-0.2220598757267
"rs855504",-0.278634667396545
"rs10971604",-0.370580196380615
"rs855506",-0.279331028461456
"rs968799",0.214790821075439
"rs78421961",0.14186055958271
"rs855507",-0.280043870210648
"rs855508",0.00257063424214721
"rs855509",0.00247887149453163
"rs855510",-0.371901988983154
"rs141610763",-0.475194662809372
"rs855511",0.00449472852051258
"rs855512",-0.00288353301584721
"rs966447",-0.00207450520247221
"rs2380835",-0.000979548320174217
"rs855513",-0.271191835403442
"rs855514",0.120568655431271
"rs34206473",-0.392582535743713
"rs10971605",-0.392692983150482
"rs117904589",0.155934631824493
"rs10814013",-0.24467234313488
"rs71525266",-0.393186926841736
"rs55665507",-0.393432080745697
"rs855515",-0.194906324148178
"rs10814014",-0.393625855445862
"rs855516",-0.195062875747681
"rs10123793",-0.332423150539398
"rs75279385",-0.144673809409142
"rs112989614",0.0864320695400238
"rs855518",-0.273164063692093
"rs117225403",0.156410723924637
"rs10971606",-0.332569032907486
"rs144007157",0.156446635723114
"rs855520",-0.194523364305496
"rs10814015",-0.332749038934708
"rs72709664",-0.490483373403549
"rs10758215",-0.332793265581131
"rs855521",0.092097595334053
"rs855523",0.0920901447534561
"rs146208858",0.0896535813808441
"rs10758216",-0.33289846777916
"rs36079164",0.199372798204422
"rs10971607",-0.110765479505062
"rs855524",0.0920972526073456
"rs112748510",0.059815090149641
"rs855526",0.0922423228621483
"rs855527",0.0923456847667694
"rs855528",0.0922498181462288
"rs10971608",-0.324182361364365
"rs10971609",-0.108998671174049
"rs10971610",-0.109732866287231
"rs145472370",0.0514965318143368
"rs10814016",-0.325079917907715
"rs10814017",-0.331415176391602
"rs1856193",-0.109190084040165
"rs1856194",-0.109724558889866
"rs35335582",-0.109282121062279
"rs12337983",-0.0200116988271475
"rs116963515",0.157798945903778
"rs855529",-0.192669436335564
"rs855530",-0.0989332348108292
"rs79704368",0.0255326554179192
"rs62559941",0.163331210613251
"rs855533",-0.193983197212219
"rs140405058",0.0815363302826881
"rs10491618",-0.329420268535614
"rs10758217",-0.329361200332642
"rs116498883",0.157205551862717
"rs855534",0.143626734614372
"rs10814018",-0.107410930097103
"rs855538",0.0922709852457047
"rs10971612",0.197840571403503
"rs855540",0.0922462344169617
"rs7044689",0.21385195851326
"rs10814020",-0.394020080566406
"rs72709668",-0.378645062446594
"rs4879722",0.197276636958122
"rs117258793",0.104083120822906
"rs855542",0.0923212468624115
"rs855543",-0.194574326276779
"rs75447959",0.157215148210526
"rs191600537",0.0715282931923866
"rs117771493",0.157163321971893
"rs10971613",0.198049321770668
"rs7040087",-0.109714061021805
"rs10971614",-0.394358277320862
"rs1101845",-0.193911626935005
"rs1101846",-0.19464099407196
"rs67170061",-0.245205670595169
"rs140341944",0.0123464446514845
"rs140341944",0.0734701976180077
"rs7865624",0.0923703387379646
"rs855545",-0.193928703665733
"rs145788018",-0.222701102495193
"rs10971616",0.0859533399343491
"rs10971617",-0.394603967666626
"rs10971618",-0.394615232944489
"rs76742417",0.143611028790474
"rs117972706",0.157398894429207
"rs7019753",-0.10749289393425
"rs855547",-0.194092720746994
"rs12336161",-0.040787473320961
"rs145250262",0.157359927892685
"rs35554279",-0.395036607980728
"rs10971620",-0.394859999418259
"rs10971621",-0.395055383443832
"rs10971622",-0.395206451416016
"rs10814021",0.197442516684532
"rs184461191",0.0802711546421051
"rs138842224",0.110024072229862
"rs10971623",-0.395192891359329
"rs62559943",0.201276808977127
"rs10971624",-0.395287811756134
"rs855549",0.0925042554736137
"rs855550",-0.103813707828522
"rs1101847",0.11311949044466
"rs10971625",-0.39520987868309
"rs10971626",-0.395212650299072
"rs10814022",0.198192730545998
"rs112176148",0.12146320194006
"rs855445",0.0925348252058029
"rs12375978",-0.395444244146347
"rs855446",-0.194208711385727
"rs4879724",0.198442205786705
"rs4879725",0.198374345898628
"rs1734696",0.0928014293313026
"rs148187202",0.0806074514985085
"rs1832326",0.1075689047575
"rs855447",0.399283766746521
"rs10971627",0.199147909879684
"rs855448",-0.14838832616806
"rs140842203",-0.189088478684425
"rs4879726",0.196616619825363
"rs72709688",-0.495848089456558
"rs855451",0.0928950980305672
"rs76350661",0.0148056019097567
"rs2471827",-0.148761197924614
"rs855452",0.0729246363043785
"rs4878549",0.23153717815876
"rs1856202",-0.152530774474144
"rs855453",0.23906235396862
"rs1856201",-0.296772629022598
"rs71525268",-0.404784500598907
"rs150548975",0.0730960220098495
"rs62559198",0.194593027234077
"rs7846759",0.137057796120644
"rs1832325",0.309475064277649
"rs41313962",0.136986151337624
"rs41302224",0.136947587132454
"rs16933245",0.137750461697578
"rs7019092",0.136952668428421
"rs7019446",0.136962220072746
"rs7035873",0.136403605341911
"rs10971630",0.309353202581406
"rs10971631",0.309395581483841
"rs117394480",0.138589471578598
"rs1977007",0.136963203549385
"rs1977008",0.357043832540512
"rs7039845",0.136969476938248
"rs855454",0.856424152851105
"rs116963616",-0.358923196792603
"rs113631007",0.137230902910233
"rs10971632",0.438961982727051
"rs7863079",0.357779383659363
"rs2205074",0.438922077417374
"rs7036517",0.137316152453423
"rs62559199",0.173586130142212
"rs7022058",0.137319296598434
"rs10971634",-0.30912658572197
"rs139865806",0.139056071639061
"rs141624341",0.138951539993286
"rs7858384",0.310414373874664
"rs7030612",0.357867747545242
"rs12377701",-0.643498301506042
"rs1101843",0.853475391864777
"rs7852664",0.13732984662056
"rs7866585",0.137327626347542
"rs2380838",-0.0658841729164124
"rs4512467",0.357925295829773
"rs7043915",0.137327864766121
"rs7044016",0.137327373027802
"rs7044249",0.137327373027802
"rs114679179",0.137327969074249
"rs150668519",-0.168070033192635
"rs10971638",-0.849447131156921
"rs12004082",0.137327969074249
"rs10814025",0.357927858829498
"rs10814026",0.357930928468704
"rs117737192",0.138954803347588
"rs7849845",0.358084797859192
"rs146747019",0.10193445533514
"rs855465",0.0347159281373024
"rs7853346",0.357778996229172
"rs111298584",0.137353211641312
"rs112143506",0.137341305613518
"rs113125106",0.137341305613518
"rs552717742",0.037227138876915
"rs554925013",0.0376384705305099
"rs150108908",0.137341111898422
"rs77425313",0.137340992689133
"rs10814027",0.310177594423294
"rs114370474",0.0203096736222506
"rs855460",0.0345408543944359
"rs7862115",0.137352779507637
"rs10814028",0.310618311166763
"rs7861919",0.358062565326691
"rs10758220",0.310326278209686
"rs117991001",0.0832524076104164
"rs9987580",0.310408711433411
"rs77087450",0.13735331594944
"rs76892379",0.137374341487885
"rs115690219",0.137357771396637
"rs855461",0.858356773853302
"rs1856181",0.137358620762825
"rs12683646",-0.853096306324005
"rs146062959",0.137356817722321
"rs36063556",0.137357160449028
"rs181862258",0.0373020879924297
"rs1765399",0.858372628688812
"rs117596198",0.0590000785887241
"rs855462",0.858371615409851
"rs13299829",0.242832064628601
"rs10971639",0.310213416814804
"rs10971640",0.439953327178955
"rs7861205",0.137359768152237
"rs10116530",0.310213387012482
"rs926058",0.137221172451973
"rs35808492",-0.336273699998856
"rs926059",0.137359142303467
"rs11998884",0.153652101755142
"rs60129940",0.439622044563293
"rs2049806",0.137361153960228
"rs2049807",0.137361392378807
"rs855463",0.858375787734985
"rs2049808",0.137356266379356
"rs146106483",0.185452610254288
"rs16933401",0.137356966733932
"rs10814030",0.31023183465004
"rs12003782",0.137406855821609
"rs35620728",0.240894287824631
"rs77416569",0.139053553342819
"rs79154227",0.137594506144524
"rs79789047",0.137641161680222
"rs7848433",0.137845903635025
"rs7848704",0.137666270136833
"9:33687958_G_A",0.0370327942073345
"rs80309546",0.139290317893028
"rs10758221",0.310816913843155
"rs74493999",0.137681856751442
"rs855421",0.859433054924011
"rs116895747",0.139301732182503
"rs714804",-0.313245832920074
"rs116481928",0.139305710792542
"rs10971644",0.310802012681961
"rs141364817",0.139379844069481
"rs115170908",0.13758285343647
"rs10814031",-0.646497905254364
"rs1101835",0.0346533395349979
"rs117758698",0.139525175094604
"rs10814032",0.166729405522346
"rs10814033",0.310746669769287
"rs706135",0.0330966375768185
"rs855422",0.0344892218708992
"rs181425119",0.0592723488807678
"rs855423",0.119949743151665
"rs149655541",0.103292852640152
"rs75342129",-0.185925036668777
"rs855425",0.119898371398449
"rs855426",0.119952753186226
"rs855427",0.119955576956272
"rs855428",0.11995454877615
"rs17505573",0.111397258937359
"rs855429",0.11993832141161
"rs191443818",0.0680959075689316
"rs855430",0.11994668841362
"rs12236718",0.441057085990906
"rs855431",0.119954571127892
"rs855432",0.859638214111328
"rs855433",0.119953386485577
"rs117931021",0.139530554413795
"rs1856195",0.441058576107025
"rs2485477",0.119949735701084
"rs10814034",0.311000376939774
"rs2485478",0.119922757148743
"rs2485479",0.119926780462265
"rs2471828",0.119885042309761
"rs1856198",0.310872197151184
"rs1856197",0.441058456897736
"rs1856196",0.441091746091843
"rs12685300",-0.854466199874878
"rs1765374",0.119952440261841
"rs1734719",0.119946576654911
"rs1765373",0.119946502149105
"rs1734720",0.120436057448387
"rs10971648",-0.646480977535248
"rs1765372",0.119946502149105
"rs1765371",0.0332805961370468
"rs1734721",0.119946829974651
"rs1765370",0.119946829974651
"rs143760176",0.139581218361855
"rs860614",0.119949214160442
"rs855434",0.859652817249298
"rs114015122",0.139542907476425
"rs117420455",0.139536902308464
"rs66529612",-0.463910073041916
"rs855436",0.354415148496628
"rs855437",0.11994281411171
"rs855438",0.119926586747169
"rs10971649",0.44110706448555
"rs1810372",0.310946881771088
"rs855439",0.119864545762539
"rs12380571",-0.311352014541626
"rs1101836",0.860281467437744
"rs183996812",0.0594385005533695
"rs10814035",0.358951181173325
"rs61320072",0.441320717334747
"rs187014867",-0.199358597397804
"rs558611077",0.0225740596652031
"rs139339500",0.0577739886939526
"rs10738917",0.311025410890579
"rs1101838",0.354353308677673
"rs1101839",0.120794646441936
"rs55954178",-0.238307610154152
"rs55634647",-0.46523505449295
"rs1890110",0.310910016298294
"rs855440",0.119848378002644
"rs371529856",0.115585498511791
"rs2380840",-0.0147686153650284
"rs2380840",0.00911981612443924
"rs72711708",0.19782617688179
"rs145984249",0.137969821691513
"rs860615",0.0343724228441715
"rs2734590",0.0331321023404598
"rs2786628",0.860335171222687
"rs861299",0.0343717224895954
"rs543430710",-0.0848183482885361
"rs182988755",0.0404018945991993
"rs2049809",0.311009228229523
"rs12379456",0.112675853073597
"rs571513123",0.038698598742485
"rs10971654",-0.412784278392792
"rs10814036",0.311021625995636
"rs2890526",0.441545218229294
"rs855456",0.119867876172066
"rs855457",0.860355794429779
"rs7853121",0.137971684336662
"rs117461049",0.139636129140854
"rs148535153",0.0693226158618927
"rs10971656",-0.646159768104553
"rs727224",0.358993947505951
"rs78244004",0.13797764480114
"rs855458",0.0343726947903633
"rs862979",0.0341786630451679
"rs59962998",0.441665977239609
"rs10971657",0.311135590076447
"rs60729569",0.441584825515747
"rs115373031",0.137980744242668
"rs116871507",0.0428127534687519
"rs140975896",0.139644622802734
"rs144777654",0.112541034817696
"rs67334410",-0.463596820831299
"rs147974968",0.139644667506218
"rs72711716",-0.646512091159821
"rs75329071",0.137996181845665
"rs10514827",-0.854902327060699
"rs143609176",-0.0589641369879246
"rs10758222",0.311979800462723
"rs10119061",0.3118876516819
"rs113516138",0.0607399269938469
"rs1856199",0.31206876039505
"rs10971658",0.312065213918686
"rs10971659",0.440121501684189
"rs10971660",0.311751812696457
"rs10122658",0.311747223138809
"rs147765437",0.14152167737484
"rs138331146",0.141521915793419
"rs855557",0.121486268937588
"rs2974953",0.121485352516174
"rs150785789",0.141558021306992
"rs2380844",0.356310904026031
"rs117500816",0.0427589304745197
"rs2790727",0.034087598323822
"rs10114520",0.311746180057526
"rs57389557",0.0817841067910194
"rs118065704",0.167232602834702
"rs12553990",-0.0634397119283676
"rs1769723",0.860258221626282
"rs72711719",0.312352508306503
"rs855441",0.355329602956772
"rs35738376",0.237684801220894
"rs75597842",0.139964893460274
"rs117762182",0.141597807407379
"rs706136",0.860673189163208
"rs10758223",0.360295236110687
"rs117315439",0.141598328948021
"rs13290071",-0.464290827512741
"rs1810370",0.440207332372665
"rs34647308",-0.46439602971077
"rs35335089",-0.464396804571152
"rs117666018",0.0828928276896477
"rs1071265",0.0357194766402245
"rs149914582",0.141690537333488
"rs146881630",0.142119005322456
"rs10971666",0.43790939450264
"rs2380850",0.315613329410553
"rs146567295",0.0901644974946976
"rs16935705",0.172285005450249
"rs10814040",0.364789873361588
"rs855442",0.0624793879687786
"rs138718465",0.0712115615606308
"rs10758224",0.316736817359924
"rs35534236",-0.464327335357666
"rs855443",0.871713697910309
"rs855444",0.871722817420959
"rs147408236",-0.192750424146652
"rs10971669",0.4398572742939
"rs2734594",0.113278441131115
"rs10814041",-0.865827023983002
"rs2734595",0.12321001291275
"rs2734596",0.123156040906906
"rs1734637",0.122917793691158
"rs2734597",0.0345894433557987
"rs10123575",0.316172301769257
"rs74863995",-0.237219378352165
"rs11523735",-0.867469489574432
"rs2790729",0.871486008167267
"rs10971673",0.365027099847794
"rs10971674",0.440129578113556
"rs117005212",0.142025649547577
"rs145481482",0.0650896951556206
"rs148061749",0.142025381326675
"rs1765323",0.123181067407131
"rs1734639",0.0359448753297329
"rs185529023",0.0338085629045963
"rs543757286",0.0931257903575897
"rs855582",0.035940982401371
"rs187994929",0.0657402575016022
"rs10738918",0.316207885742188
"rs860618",0.871702671051025
"rs7032960",-0.661666214466095
"rs10971676",-0.867883443832397
"rs855583",0.122882060706615
"rs35417502",-0.313100636005402
"rs855584",0.362565755844116
"rs28876236",0.316506832838058
"rs62559230",0.440182477235794
"rs10971677",0.316299080848694
"rs10971678",0.440564453601837
"rs855551",0.1228888630867
"rs855552",0.0359443016350269
"rs855554",0.362718760967255
"rs10971679",0.316422939300537
"rs116924084",0.141865625977516
"rs72711732",0.112996473908424
"rs863849",0.0359562523663044
"rs77715704",-0.0590569749474525
"rs143998214",-0.110108286142349
"rs2790731",0.0591006875038147
"rs2734600",0.124218285083771
"rs10971680",0.440801322460175
"rs55852423",0.173205763101578
"rs76557466",0.142106994986534
"rs537798892",0.0393854752182961
"rs1765357",0.873046159744263
"rs1734645",0.123557977378368
"rs1765358",-0.0368897654116154
"rs75870329",-0.661450922489166
"rs62559231",0.441277384757996
"rs10971684",0.114555552601814
"rs10814043",0.316453129053116
"rs1856183",0.316589742898941
"rs140948441",0.0527634620666504
"rs1337577",0.316594064235687
"rs117082233",0.142194837331772
"rs62559234",0.444146156311035
"rs58834469",0.444157600402832
"rs118102188",0.142214938998222
"rs78322802",0.142217487096786
"rs10971686",0.268509328365326
"rs10758225",0.316782355308533
"rs10758226",0.711137175559998
"rs143455107",0.0647629126906395
"rs117690038",0.142316311597824
"rs34993800",-0.191702857613564
"rs10971687",0.444269895553589
"rs10971688",0.44428277015686
"rs855419",-0.87269800901413
"rs56899399",0.444347441196442
"rs10758227",0.801366627216339
"rs10971689",0.444247037172318
"rs117658173",0.102744467556477
"rs71519291",0.243754237890244
"rs2380863",0.124514900147915
"rs1856179",0.317074000835419
"rs145160644",0.0712805986404419
"rs2380866",0.444614946842194
"rs117505859",0.0752328485250473
"rs2178824",0.444861203432083
"rs113904695",0.203943803906441
"rs10971690",0.317433834075928
"rs10971691",0.317445158958435
"rs10971692",0.368005484342575
"rs116945623",0.142421662807465
"rs10814044",0.364881783723831
"rs10758228",0.364892810583115
"rs141962378",0.142404496669769
"rs10814045",0.364915400743484
"rs56997414",0.317564129829407
"rs57282670",0.368089407682419
"rs35752083",0.317558228969574
"rs10971693",0.368190705776215
"rs2890529",0.365082293748856
"rs7870584",0.0364035367965698
"rs4120894",0.368395894765854
"rs12554301",0.124811932444572
"rs10758229",0.879681348800659
"rs73645520",0.0364184379577637
"rs10971694",0.368582397699356
"rs73645521",0.0843173563480377
"rs855467",-0.66508823633194
"rs72711737",-0.396939396858215
"rs864427",0.0627728030085564
"rs10758230",0.419899612665176
"rs73645522",0.0583787970244884
"rs10971697",0.339659422636032
"rs116967726",0.160170644521713
"rs10758231",0.420081108808517
"rs72711738",-0.474980711936951
"rs2974954",0.0523971915245056
"rs140595192",0.0845501720905304
"rs10733471",0.435083985328674
"rs10758232",0.346130520105362
"rs10971698",0.339810341596603
"rs1971429",0.889727056026459
"rs117813083",0.073331244289875
"rs13292232",0.262386381626129
"rs10814047",0.420096844434738
"rs10971699",0.184732183814049
"rs6476424",0.934932827949524
"rs116899754",-0.327317774295807
"rs182517642",-0.00926689896732569
"rs2790732",-0.934230268001556
"rs34164438",0.181336596608162
"rs71519292",-0.512533664703369
"rs151064233",0.0846115574240685
"rs12375581",0.187205493450165
"rs117090620",0.0678713843226433
"rs706137",0.0636983066797256
"rs184734747",0.0620810575783253
"rs1071264",-0.657560646533966
"rs10971701",0.186989843845367
"rs706138",-0.657656908035278
"rs1971430",0.482965886592865
"rs186007264",0.0706683918833733
"rs706139",0.0642531886696815
"rs855420",0.0637442395091057
"rs10971702",0.187186807394028
"rs706140",0.064260870218277
"rs12375483",0.186992138624191
"rs76826123",0.0847291648387909
"rs7040130",0.185443505644798
"rs72711741",0.187169224023819
"rs3925857",0.945858180522919
"rs72711742",-0.384744048118591
"rs4120895",0.483442515134811
"rs3843935",0.483422338962555
"rs138051177",0.0654056295752525
"rs62555900",0.330770224332809
"rs10971704",0.331175804138184
"rs188183827",-0.206422328948975
"rs2005616",0.775972306728363
"rs2005617",0.774442315101624
"rs760098",0.94619607925415
"rs2077006",0.087072990834713
"rs140363004",0.064980685710907
"rs855579",-0.659513354301453
"rs55917897",0.187169745564461
"rs72711743",-0.528621196746826
"rs855580",0.0643497034907341
"rs83921",0.776254177093506
"rs12378415",0.187170580029488
"rs3739684",0.187232032418251
"rs3739685",0.187178432941437
"rs144749953",0.0902951434254646
"rs41315997",0.18723951280117
"rs216345",-0.483410269021988
"rs216347",-0.48352062702179
"rs10814048",-0.659638106822968
"rs35322874",-0.562222182750702
"rs2734602",-0.413744449615479
"rs68077160",-0.562187910079956
"rs193273488",-0.122325628995895
"rs72711745",0.18649497628212
"rs855578",-0.565751612186432
"rs77074981",-0.0300689768046141
"rs13290821",-0.563016533851624
"rs13290822",-0.261336177587509
"rs16935971",0.335232853889465
"rs216351",-0.484653145074844
"rs10971708",0.210262328386307
"rs10124307",-0.776104211807251
"rs10124315",-0.725736916065216
"rs1964787",-0.561252355575562
"rs216353",-0.509802222251892
"rs12376279",0.210920423269272
"rs7859747",-0.725475072860718
"rs10971709",0.312686681747437
"rs10814049",-0.72588849067688
"rs10116660",-0.725888967514038
"rs112665756",0.152998358011246
"rs551384237",0.0580737479031086
"rs12377117",0.210905566811562
"rs72725361",0.21087022125721
"rs10971710",0.266235083341599
"rs35858256",-0.515496015548706
"rs216357",-0.563235521316528
"rs216358",-0.509845674037933
"rs118181872",-0.325713932514191
"rs12376664",0.21085512638092
"rs12376962",0.210937038064003
"rs35690954",-0.561737775802612
"rs12552640",-0.563865542411804
"rs4602979",0.266279131174088
"rs216360",-0.780008673667908
"rs216361",-0.780042469501495
"rs72725366",-0.564014971256256
"rs72725368",0.210946500301361
"rs10971711",0.312944948673248
"rs3814511",-0.725800573825836
"rs10123545",-0.725801825523376
"rs369142877",-0.0533680059015751
"rs372911259",-0.0156542435288429
"rs855719",-0.509975254535675
"rs216364",-1
"rs72725370",0.211463615298271
"rs34829934",-0.563423216342926
"rs216365",-0.0749397426843643
"rs216367",-0.781330287456512
"rs216368",-0.780237555503845
"rs10971712",0.21034637093544
"rs10971713",0.211414933204651
"rs112731233",-0.191800579428673
"rs10971714",0.211352303624153
"rs143663154",-0.24766018986702
"rs2994032",-0.50326269865036
"rs2994033",-0.503260850906372
"rs72725371",0.211358278989792
"rs10971716",0.305590659379959
"rs35087440",-0.56428599357605
"rs10971717",0.211439698934555
"rs10971718",0.211420103907585
"rs10971719",0.211459770798683
"rs10971720",0.305420756340027
"rs12343631",-0.726767063140869
"rs66534021",-0.564253032207489
"rs10971721",0.21170012652874
"rs10971722",0.211636617779732
"rs62555904",0.305431723594666
"rs113825180",0.0624481476843357
"rs75388204",0.231695562601089
"rs10971723",0.211639285087585
"rs68008151",-0.516289055347443
"rs150519666",0.0558448545634747
"rs12684094",-0.726155817508698
"rs2380872",-0.99552583694458
"rs7865944",-0.726766705513
"rs34022278",-0.564255654811859
"rs12376055",0.211639285087585
"rs10115960",-0.995530426502228
"rs55660309",0.309246778488159
"rs35372252",-0.319825053215027
"rs2252367",-0.777585566043854
"rs55684780",0.211642771959305
"rs116846949",0.0711120888590813
"rs118005735",0.0892659425735474
"rs10971725",-0.219761744141579
"rs146174440",-0.170244768261909
"rs10971728",0.211642563343048
"rs150313696",0.078656978905201
"rs10971729",-0.726138710975647
"rs114466241",0.211643770337105
"rs144604054",0.160539895296097
"rs7468236",0.32031461596489
"rs142206847",0.211638063192368
"rs1749269",-0.780011653900146
"rs1769724",-0.502906560897827
"rs12378261",0.21164034307003
"rs1749268",-0.502813935279846
"rs62555905",0.174687772989273
"rs2248910",-0.502822518348694
"rs12378744",-0.726063072681427
"rs34910933",-0.564269602298737
"rs28655967",-0.727060914039612
"rs117275677",0.0981259793043137
"rs72725374",0.21164371073246
"rs62555906",0.320289850234985
"rs72725375",0.211678072810173
"rs10971733",-0.726812124252319
"rs56270678",0.319193720817566
"rs72725376",0.211676344275475
"rs72725377",0.211644679307938
"rs72725378",0.211620628833771
"rs35789253",-0.564276337623596
"rs12685063",-0.726824343204498
"rs13294868",-0.516321003437042
"rs2265040",-0.50284469127655
"rs2486675",-0.779917597770691
"rs112987610",0.153757974505424
"rs145239060",0.211642473936081
"rs4515641",-0.995552897453308
"rs12380143",0.211641505360603
"rs12380194",0.211676269769669
"rs141763593",0.211642384529114
"rs62555908",0.175267294049263
"rs544058730",0.0321876779198647
"rs72725381",0.211677983403206
"rs10971735",0.211646229028702
"rs912732",-0.56428599357605
"rs149355098",0.0639022961258888
"rs13295276",0.24438151717186
"rs2243565",-0.732395768165588
"rs10814051",0.247898608446121
"rs10814052",0.275304406881332
"rs113276015",0.0327032692730427
"rs139307185",0.0747812166810036
"rs34946782",0.264018326997757
"rs10971736",0.211646527051926
"rs151281025",-0.682481527328491
"rs10971737",0.211679667234421
"rs1325105",-0.732330799102783
"rs13285886",-0.563808739185333
"rs10971738",0.247757330536842
"rs111410069",0.0904518961906433
"rs10971739",0.211645781993866
"rs13287662",0.0667812675237656
"rs10971742",-0.683394610881805
"rs12000184",0.337427467107773
"rs2248071",-0.732284307479858
"rs10971743",-0.726799547672272
"rs117227722",0.098468542098999
"rs10971744",-0.726169049739838
"rs60526731",0.305460184812546
"rs56253239",0.211645781993866
"rs13285564",-0.564285337924957
"rs115554740",0.211553737521172
"rs72725386",-0.516345262527466
"rs145018665",-0.329600960016251
"rs117101757",0.105288565158844
"rs147384756",0.116787865757942
"rs10971745",0.320326447486877
"rs10971746",0.211649835109711
"rs7848217",-0.726804971694946
"rs144255844",0.0933693125844002
"rs72725387",0.2116519510746
"rs1769721",-0.780046343803406
"rs34823751",-0.564298331737518
"rs7852198",-0.72704666852951
"rs72725388",0.211655780673027
"rs148239983",0.211651667952538
"rs117687546",0.211655780673027
"rs10971747",-0.727054715156555
"rs7872139",-0.503075122833252
"rs10971748",-0.727054715156555
"rs13293229",-0.327363252639771
"rs56370320",0.211655780673027
"rs56172788",0.211647287011147
"rs116953740",-0.269043892621994
"rs1769718",-0.502995848655701
"rs10120271",-0.727125525474548
"rs72725392",0.211529970169067
"rs13291351",-0.563744485378265
"rs13296940",-0.563744843006134
"rs10971750",0.211663141846657
"rs117005608",0.0518477484583855
"rs10971751",0.211655467748642
"rs1769725",-0.780045688152313
"rs10971752",0.320210129022598
"rs6476425",-0.727125525474548
"rs10971753",0.211655467748642
"rs3849913",-0.726783215999603
"rs471371",-0.502968847751617
"rs7856487",0.211653381586075
"rs3849914",-0.564213037490845
"rs10971754",0.2116769105196
"rs10971755",0.211656138300896
"rs10971756",-0.726773977279663
"rs6476426",-0.995581984519958
"rs142130368",0.211648404598236
"rs2764319",-0.0636226832866669
"rs2764318",-0.0636226832866669
"rs182806557",-0.201402023434639
"rs10971757",-0.726147770881653
"rs13299642",-0.563745737075806
"rs62555927",0.174482241272926
"rs72725398",0.211651504039764
"rs2477517",-0.780045330524445
"rs10971758",0.211658120155334
"rs145337834",-0.725920081138611
"rs13286325",-0.563765466213226
"rs72617335",0.315530717372894
"rs10971759",0.274642318487167
"rs67156055",-0.995589077472687
"rs111531864",-0.726756036281586
"rs72725402",0.211652263998985
"rs72727303",0.211652353405952
"rs10119038",-0.994929671287537
"rs10971763",0.211471766233444
"rs10971764",0.2116519510746
"rs2050789",0.226371049880981
"rs139873043",0.211655467748642
"rs77316559",0.305257439613342
"rs62555928",0.30571985244751
"rs62555929",0.11632888764143
"rs12553078",-0.206907048821449
"rs10814053",-0.994808912277222
"rs181360551",-0.201255619525909
"rs13302810",0.263681411743164
"rs2250083",-0.780223488807678
"rs10758233",-0.780321300029755
"rs10814055",0.211677327752113
"rs11791701",-0.995273292064667
"rs7038553",-0.780335664749146
"rs541214053",0.0671862363815308
"rs7357700",-0.503200232982635
"rs7357806",-0.780330300331116
"rs7019647",-1
"rs144889928",0.0653074085712433
"rs10971768",-0.7262362241745
"rs9802431",-1
"rs10971769",0.320242792367935
"rs34576091",-0.562757909297943
"rs56076021",-0.258744090795517
"rs4878552",-0.780327796936035
"rs10758234",-0.78033059835434
"rs143959146",0.159756645560265
"rs10971773",0.211671203374863
"rs62555930",0.114849127829075
"rs10738919",-1
"rs142981227",0.211671203374863
"rs34424274",0.264017969369888
"rs1041099",-0.995263278484344
"rs56160720",0.211142033338547
"rs10971774",0.211659118533134
"rs140635353",-0.208907321095467
"rs114300221",0.063457690179348
"rs1570780",-0.51652991771698
"rs1570779",-0.780350863933563
"rs58706694",0.320192456245422
"rs1570778",-0.563927054405212
"rs146549548",0.211671203374863
"rs1570777",-1
"rs148024340",-0.206599935889244
"rs72727318",0.211671531200409
"rs4879732",-0.780349373817444
"rs10971777",-0.726537048816681
"rs7037148",-0.727185666561127
"rs7037106",-0.727236688137054
"rs148806703",0.211665898561478
"rs10971778",0.275307834148407
"rs74503306",0.122587099671364
"rs183831830",0.0685432925820351
"rs78121713",0.119919113814831
"rs1886585",-0.563929736614227
"rs7847217",-0.780329465866089
"rs10971779",-0.72674697637558
"rs7039226",-0.780359745025635
"rs117882248",0.0957868620753288
"rs113129389",0.046625230461359
"rs7871321",-0.780358791351318
"rs151259129",0.160992443561554
"rs10971781",0.215329870581627
"rs10971782",0.215356349945068
"rs115339175",-0.0729724168777466
"rs68069143",-0.563770532608032
"rs10971783",-0.727254331111908
"rs10122038",-0.995472073554993
"rs62555932",0.320235908031464
"rs12684338",-0.727109670639038
"rs142934267",0.211516961455345
"rs73645564",0.075974702835083
"rs13296555",-0.56433641910553
"rs139765378",-0.244500070810318
"rs72727324",-0.727287471294403
"rs6476428",-0.776616930961609
"rs2196",-0.499615430831909
"rs1853760",-0.0753029808402061
"rs10971787",0.215375423431396
"rs10971788",0.215372622013092
"rs10971789",0.320394515991211
"rs10971790",0.320152699947357
"rs4879734",-0.499674946069717
"rs4817",-0.77665114402771
"rs72727327",0.216318532824516
"rs41314203",0.102984733879566
"rs10971791",0.215348199009895
"rs10971792",0.215348199009895
"rs72727329",0.215348482131958
"rs11848",0.215374335646629
"rs2781",-0.776663482189178
"rs185516348",0.067304290831089
"rs10971793",0.215376198291779
"rs41313969",0.0848937705159187
"rs116990828",0.160227313637733
"rs10971794",0.215379163622856
"rs72727331",-0.244502246379852
"rs144569253",-0.214017912745476
"rs307696",-0.728822827339172
"rs307694",-0.77670019865036
"rs10971796",-0.446120232343674
"rs12553874",-0.563444793224335
"rs2296364",-0.213605552911758
"rs12551409",-0.204518109560013
"rs10971798",-0.272059619426727
"rs745532",-0.776923596858978
"rs307691",-0.730213522911072
"rs13287325",0.264007121324539
"rs10120819",-0.995432615280151
"rs72727332",0.210348278284073
"rs307688",-0.777090907096863
"rs148997165",0.215482234954834
"rs10971800",-0.56487900018692
"rs307642",-0.729478895664215
"rs142985271",0.079899899661541
"rs307643",-0.728888750076294
"rs307645",-0.780573308467865
"rs72727335",0.211702704429626
"rs72727336",0.21166205406189
"rs113749838",0.120854027569294
"rs307646",-0.728894352912903
"rs307647",-0.729217112064362
"rs307648",-0.780577659606934
"rs307649",-0.72889518737793
"rs534774892",0.0385766848921776
"rs56324928",0.320172727108002
"rs189072750",0.0621031261980534
"rs10971802",0.211744293570518
"rs10971803",0.211708471179008
"rs874572",-0.725649952888489
"rs41314578",0.211702674627304
"rs56274755",0.211550980806351
"rs41303223",-0.564281463623047
"rs12377078",0.195663571357727
"rs112114544",0.0659075975418091
"rs307651",-0.77815568447113
"rs118115128",0.211571171879768
"rs307652",-0.502848863601685
"rs140928248",0.211546048521996
"rs72727340",0.211682885885239
"rs72727341",0.211682885885239
"rs72727342",0.211682885885239
"rs117733169",0.211682885885239
"rs72727344",0.211666032671928
"rs10971807",0.211666032671928
"rs72727345",0.211685180664062
"rs72727346",0.211668074131012
"rs77924219",0.159255087375641
"rs1998705",-0.78069806098938
"rs307657",-0.729173719882965
"rs307658",-0.780533075332642
"rs56150332",0.211687564849854
"rs307659",-0.729514181613922
"rs307660",-0.50361955165863
"rs62555936",0.320001780986786
"rs13293357",-0.565401315689087
"rs72727350",0.211677059531212
"rs10971810",-0.565405070781708
"rs10971811",0.275369316339493
"rs7034455",-0.565583109855652
"rs140492275",0.067962184548378
"rs12682795",-0.724929809570312
"rs7026331",-0.563821613788605
"rs307654",-0.50354415178299
"rs118184940",0.264331817626953
"rs307655",-0.503549456596375
"rs148034907",0.0676965937018394
"rs12378019",0.211646988987923
"rs307656",-0.503550350666046
"rs150731122",-0.213824391365051
"rs10971815",-0.726519525051117
"rs138322900",-0.113081090152264
"rs72727351",0.2116369754076
"rs17340305",0.246381565928459
"rs72727353",0.211624592542648
"rs79670370",0.0361838042736053
"rs66843344",-0.565415620803833
"rs13302422",-0.559330224990845
"rs151038448",0.211610957980156
"rs10971817",0.211592689156532
"rs595556",-0.729409098625183
"rs78692337",0.0906795337796211
"rs10971818",0.211610957980156
"rs16935299",0.32013413310051
"rs10971819",0.211645007133484
"rs113824960",-0.728845000267029
"rs7865402",-0.78038078546524
"rs7851792",-0.775518357753754
"rs7865531",-0.998434484004974
"rs7865633",-0.775836884975433
"rs7865742",-1
"rs11788269",-0.726422250270844
"rs13290595",-0.565676629543304
"rs7869836",-0.565858662128448
"rs544169",-1
"rs79709259",0.108728021383286
"rs72727362",0.211688414216042
"rs145745810",0.0907952263951302
"rs668071",-1
"rs10971822",-0.726586580276489
"rs10971823",0.31995216012001
"rs7020042",-0.781528294086456
"rs307661",-0.504090130329132
"rs72727364",-0.413774311542511
"rs10113865",-0.565721869468689
"rs307662",-0.781083464622498
"rs140796836",0.0673074424266815
"rs307664",-0.504157483577728
"rs10971825",0.320153921842575
"rs307667",-0.781546175479889
"rs307668",-0.78154581785202
"rs139216466",0.0956611633300781
"rs7866438",-0.567493081092834
"rs146654318",0.112428039312363
"rs12683890",-0.725861430168152
"rs12683890",-0.144090473651886
"rs72727367",0.211698725819588
"rs72727369",0.211703464388847
"rs307669",-1
"rs307670",-0.729607701301575
"rs11791002",-0.726450324058533
"rs150234878",0.0919033959507942
"rs307671",-0.729609847068787
"rs307673",0.211662083864212
"rs307675",-0.504142820835114
"rs147258654",-0.210843235254288
"rs111572511",-0.56570702791214
"rs307676",-0.781550765037537
"rs307677",-1
"rs307678",-0.729599177837372
"rs3739690",0.320155829191208
"rs10971826",0.211698725819588
"rs10971827",0.211698725819588
"rs7863085",-0.565059781074524
"rs307682",-0.729607939720154
"rs10971828",0.211698725819588
"rs307683",-0.781551361083984
"rs141736382",0.0684428587555885
"rs7043574",-0.565706729888916
"rs12003534",-0.565496027469635
"rs307684",-1
"rs28862619",-0.565706729888916
"rs307685",-1
"rs307686",-0.781550228595734
"rs844305",-0.503845989704132
"rs834029",-1
"rs9408246",-0.0626499950885773
"rs4272470",-1
"rs2781277",-0.781578123569489
"rs576286",0.7295982837677
"rs62555938",0.320127874612808
"rs573563",-0.781553268432617
"rs634110",-0.781559109687805
"rs633706",-0.781558215618134
"rs145546972",0.160068050026894
"rs147719472",-0.206204459071159
"rs2781278",-0.729656755924225
"rs2781279",-0.781596779823303
"rs2781280",-0.781594932079315
"rs72727384",-0.726493775844574
"rs72727385",-0.726518452167511
"rs2781284",-0.729557037353516
"rs56300643",-0.726344287395477
"rs117537664",0.0972613394260406
"rs62555940",0.320172369480133
"rs147289398",0.0684731751680374
"rs307697",-0.781530618667603
"rs12336828",-0.565728545188904
"rs12351578",-0.565720617771149
"rs307700",-1
"rs117724620",0.160573750734329
"rs138447237",0.0549291744828224
"rs307702",-0.729522407054901
"rs307703",-0.500696003437042
"rs72727389",0.211703971028328
"rs143621315",0.0821846947073936
"rs834027",-0.781651794910431
"rs75368980",0.0874156132340431
"rs10971833",-0.565728724002838
"rs143111805",-0.21335081756115
"rs72727392",0.211704507470131
"rs10971834",0.211704388260841
"rs72727393",-0.726531326770782
"rs12375809",-0.726531326770782
"rs12553803",0.78129118680954
"rs10971836",0.320139914751053
"rs35521115",-0.321362465620041
"rs72727397",0.074087105691433
"rs7019441",-0.203225642442703
"rs10758235",0.729232549667358
"9:33995402_A_G",-0.081115834414959
"rs180850064",-0.0625870302319527
"rs562684864",-0.0490699969232082
"rs185781383",-0.134177163243294
"rs147585966",-0.214316412806511
"rs187259313",0.0386657528579235
"rs6476429",0.781398713588715
"rs72727399",0.211673215031624
"rs10971838",0.211744248867035
"rs10971839",0.211673215031624
"rs56404908",0.320284336805344
"rs41312808",0.0873861387372017
"rs7044541",0.729732573032379
"rs7045007",0.781425356864929
"rs57327346",0.320289552211761
"rs72729305",0.211658418178558
"rs10814058",1
"rs148502935",0.0730129107832909
"rs35998187",-0.566254854202271
"rs79048614",0.0686100870370865
"rs932969",-0.726421475410461
"rs7031210",0.781420528888702
"rs7862891",-0.565743446350098
"rs11791277",-0.726490259170532
"rs117643251",-0.545137763023376
"rs7039367",0.729697048664093
"rs34640542",-0.565743446350098
"rs12345530",0.27716189622879
"rs7039749",0.504390060901642
"rs7857079",0.72740364074707
"rs10971840",0.21161724627018
"rs7870849",-0.565743446350098
"rs7871320",-0.565743446350098
"rs140483196",0.0662852674722672
"rs10122409",0.727381885051727
"rs10122388",-0.565753996372223
"rs10971841",0.319183886051178
"rs13284581",-0.564845323562622
"rs7026223",-0.566263556480408
"rs150606183",0.21161724627018
"rs10971843",0.781429588794708
"rs72729316",0.211592987179756
"rs10814059",1
"rs72729318",0.262632042169571
"rs28772917",0.781429588794708
"rs2184254",0.781425356864929
"rs62558767",0.320327788591385
"rs10971845",0.211611375212669
"rs10971846",1
"rs10814060",0.781409442424774
"rs117918420",-0.235163643956184
"rs193209130",0.0754586085677147
"rs12555291",0.438331514596939
"rs10971847",0.21161724627018
"rs7029112",0.729708313941956
"rs117734439",0.073400467634201
"rs10465080",0.380792409181595
"rs118085978",0.160571873188019
"rs10971848",0.21161724627018
"rs10758236",0.781429588794708
"rs7033845",-0.565743446350098
"rs183602015",0.0619990080595016
"rs10971849",0.21161724627018
"rs4515633",0.781409978866577
"rs10971850",0.21161724627018
"rs10814061",0.21161724627018
"rs10465025",0.781409442424774
"rs77261410",0.0299536846578121
"rs68102902",-0.517893612384796
"rs12683351",-0.726517677307129
"rs13300356",1
"rs3016756",0.380837738513947
"rs1785506",0.780977070331573
"rs12380173",0.211623549461365
"rs7044772",-0.726459980010986
"rs12377509",0.211623549461365
"rs6476431",0.438442885875702
"rs55960645",0.211615189909935
"rs10971854",0.211543902754784
"rs60800299",0.0702537000179291
"rs12377970",0.211615234613419
"rs12236865",0.320293188095093
"rs2781285",0.50436806678772
"rs72729327",-0.726594805717468
"rs1785503",1
"rs72729329",0.211654633283615
"rs71521204",-0.327646851539612
"rs1631398",0.781480133533478
"rs12553933",0.285905420780182
"rs12164256",0.320308119058609
"rs1785502",0.729783058166504
"rs10971858",0.210555374622345
"rs1758630",0.729783058166504
"rs10971859",-0.565752565860748
"rs7859444",-0.726530969142914
"rs1785501",0.781464517116547
"rs1758631",1
"rs144938708",-0.212446957826614
"rs1785500",0.729774475097656
"rs1758632",0.781463325023651
"rs1760822",0.504383265972137
"rs113876479",0.12058998644352
"rs10123880",-0.565754413604736
"rs1785512",1
"rs10448233",-0.725967705249786
"rs185193748",-0.191162422299385
"rs181600224",0.0894999355077744
"rs188361116",0.060229018330574
"rs1758633",1
"rs12555719",-0.565755486488342
"rs78714592",0.0874653533101082
"rs1785509",0.781464517116547
"rs13298777",-0.565757513046265
"rs2016791",0.380804508924484
"rs57755725",-0.565759837627411
"rs2769711",0.781445920467377
"rs3016757",0.729777932167053
"rs145507881",-0.257424622774124
"rs13286398",0.264516890048981
"rs2847309",0.781448483467102
"rs146755345",0.211611717939377
"rs55660804",0.228976562619209
"rs150108118",0.21161213517189
"rs72729340",-0.328380763530731
"rs142691376",0.211612179875374
"rs144068691",-0.726444780826569
"rs72729341",0.211613863706589
"rs71521206",-0.565757513046265
"rs79184623",-0.726527869701385
"rs4521843",-0.726445555686951
"rs4534199",-0.726472198963165
"rs1758629",0.380801558494568
"rs62558832",0.176308646798134
"rs146549343",0.211612179875374
"rs72729344",0.211612179875374
"rs1785511",1
"rs1785508",0.0463355034589767
"rs1760816",0.781459152698517
"rs10123731",-0.565757513046265
"rs12350484",-0.565755605697632
"rs72729346",-0.564844489097595
"rs1629188",1
"rs1785507",0.781486988067627
"rs10971862",0.211594313383102
"rs10814062",0.781478583812714
"rs11787798",0.130785301327705
"rs62558833",0.380535840988159
"rs10971863",0.729760587215424
"rs7870328",0.781415700912476
"rs145758424",0.116185717284679
"rs10814063",-0.726472020149231
"rs12350059",-0.565729737281799
"rs1543605",1
"rs1543604",0.380537480115891
"rs72729357",0.213132902979851
"rs117703548",0.211590766906738
"rs1760815",0.781356930732727
"rs12686567",-0.725959539413452
"rs6476433",0.438188195228577
"rs10971866",0.211583316326141
"rs13283930",-0.565733671188354
"rs747091",0.683818101882935
"rs34726887",-0.328352391719818
"rs6476434",1
"rs113358451",0.176242053508759
"rs10971867",0.211548134684563
"rs7019833",1
"rs117275412",-0.247673332691193
"rs10117410",0.72849440574646
"rs150236972",0.104703478515148
"rs72729361",0.211548134684563
"rs12342186",0.504312634468079
"rs10122376",-0.565727651119232
"rs34782627",-0.516989469528198
"rs74921989",-0.188484668731689
"rs113643627",0.0619456805288792
"rs10115407",-0.565303444862366
"rs10453201",0.319964796304703
"rs12376145",0.211466431617737
"rs186792463",-0.210904210805893
"rs10814064",0.729765057563782
"rs10971868",0.211525529623032
"rs10971869",-0.725248277187347
"rs190267196",0.0752278044819832
"rs7854512",0.780544102191925
"rs34824480",0.261902719736099
"rs10814065",0.503377854824066
"rs12552937",-0.564880132675171
"rs10971870",0.728654146194458
"rs13296914",0.261546909809113
"rs9776975",0.728340208530426
"rs10971872",0.7276771068573
"rs4879735",0.724749565124512
"rs150414407",0.220214396715164
"rs112215618",0.0591631941497326
"rs55656643",0.220492154359818
"rs7850089",0.0215542651712894
"rs3904561",-0.542442858219147
"rs72729378",0.220207616686821
"rs68113313",0.220277190208435
"rs140903585",0.220192953944206
"rs10738922",-0.0937992706894875
"rs147902448",0.220167547464371
"rs116977224",0.0983476862311363
"rs58244292",0.272808939218521
"rs138422140",0.0675146132707596
"rs4471133",-0.149988159537315
"rs10971877",0.220107316970825
"rs9987774",0.426879167556763
"rs10758238",-0.104670591652393
"rs117226651",0.158704876899719
"rs1930048",-0.16205021739006
"rs9632878",-0.104664549231529
"rs72729383",-0.541622817516327
"rs117965906",0.22007617354393
"rs79765524",0.157993629574776
"rs55943129",0.220172435045242
"rs7853008",-0.162672936916351
"rs62558837",0.272673606872559
"rs72729385",0.220157504081726
"rs10971879",0.426214307546616
"rs10971880",-0.686736285686493
"rs7853333",-0.16267953813076
"rs10971881",-0.687145352363586
"rs140329260",0.220248714089394
"rs116784978",-0.686636805534363
"rs10971882",0.220188289880753
"rs10971883",0.220222443342209
"rs7029741",-0.542076647281647
"rs7029745",-0.542076647281647
"rs144770262",0.150875717401505
"rs141969097",0.158361494541168
"rs12551011",-0.539344727993011
"rs143544742",0.220127627253532
"rs116972937",-0.686497986316681
"rs7042579",0.132469594478607
"rs12551132",-0.202762827277184
"rs12340767",-0.233675599098206
"rs10758239",0.632404267787933
"rs7871764",0.132149085402489
"rs12555302",-0.198313608765602
"rs10814067",-0.687369525432587
"rs35017035",-0.233676671981812
"rs56278960",0.219824627041817
"rs192911452",0.0601438879966736
"rs12001437",0.438087373971939
"rs192115381",-0.296787768602371
"rs71521210",0.195706680417061
"rs144281516",0.219880968332291
"rs141124008",0.153901770710945
"rs10971891",0.219744011759758
"rs4497055",-0.318382233381271
"rs62558859",0.270980447530746
"rs10971892",0.0187021270394325
"rs28816409",0.018459502607584
"rs138367355",0.218655124306679
"rs149550225",0.218623235821724
"rs28786478",-0.540398061275482
"rs10971893",0.219813704490662
"rs4008760",-0.329784333705902
"rs3954955",-0.329780340194702
"rs10814068",-0.503113925457001
"rs10971894",0.0190878957509995
"rs564234784",0.0601751580834389
"rs62560861",0.271248638629913
"rs138274673",0.219261988997459
"rs71521211",0.273403704166412
"rs140615171",0.219218313694
"rs7034119",0.138595044612885
"rs62560863",0.170996651053429
"rs6476435",0.138607606291771
"rs10971896",0.21916888654232
"rs10441723",0.138692811131477
"rs4879738",-0.0134485503658652
"rs1887662",-0.318063050508499
"rs7031060",0.138284966349602
"rs55980652",0.271581411361694
"rs58777673",0.334800392389297
"rs10971900",0.219075635075569
"rs10971901",0.219064936041832
"rs10971902",0.219065353274345
"rs7036030",0.273597687482834
"rs10971903",0.273591458797455
"rs1052656",0.138315260410309
"rs144482947",-0.202196389436722
"rs12376123",0.102798528969288
"rs41316007",0.072984978556633
"rs41316005",0.271975755691528
"rs11793082",0.445294678211212
"rs56145814",0.218695610761642
"rs2296897",0.445307403802872
"rs35465638",0.334971964359283
"rs7862025",0.445309966802597
"rs66793833",-0.378626376390457
"rs10971905",0.445303618907928
"rs12002910",0.335463106632233
"rs12551373",-0.223853692412376
"rs10971906",0.44528540968895
"rs10971908",0.243582174181938
"rs138064420",0.334721833467484
"rs16935392",0.334721833467484
"rs72729401",0.0722924768924713
"rs12379544",0.220648273825645
"rs148240136",0.0987201482057571
"rs7853415",0.542633354663849
"rs7857551",0.243580535054207
"rs116885684",0.0732235163450241
"rs10971910",0.444941908121109
"rs10971911",0.444681793451309
"rs10758240",0.24328924715519
"rs17341977",-0.684990167617798
"rs72731203",-0.683020889759064
"rs117622511",-0.684627950191498
"rs150804130",-0.684617757797241
"rs12375716",0.218432426452637
"rs12379730",0.218437284231186
"rs10971912",0.444941192865372
"rs10971913",0.334704846143723
"rs1980887",0.243575602769852
"rs1980886",0.334691852331161
"rs10971914",0.444910377264023
"rs55646279",-0.537999749183655
"rs148189620",0.100676514208317
"rs140196001",0.0666980743408203
"rs55672700",0.218435779213905
"rs10971915",0.444936990737915
"rs4879741",0.334703952074051
"rs4879742",0.334750860929489
"rs62560864",0.117601945996284
"rs12337902",0.335450291633606
"rs12347013",0.3355433344841
"rs116497065",0.444939345121384
"rs72731208",-0.452272087335587
"rs138557819",0.218418285250664
"rs10971916",-0.317383140325546
"rs146934053",0.218421965837479
"rs10971917",0.334734916687012
"rs10511914",0.243461206555367
"rs10511915",-0.684541881084442
"rs1378",0.218892231583595
"rs11557154",0.200824320316315
"rs4878553",0.335117191076279
"rs4879743",0.445133596658707
"rs4879744",0.444795727729797
"rs61167233",0.3345727622509
"rs72731212",0.218488201498985
"rs60279027",0.444807022809982
"rs12376939",0.218601480126381
"rs10971920",0.243296727538109
"rs190999528",0.0135545367375016
"rs137881768",0.0991547033190727
"rs56157435",-0.223933398723602
"rs12551419",0.243220418691635
"rs4879745",0.444805949926376
"rs10971922",0.218594953417778
"rs139628228",0.33457162976265
"rs72731214",0.218494966626167
"rs117997985",0.218484297394753
"rs10971923",0.444805473089218
"rs10971924",0.243249624967575
"rs145111500",0.334556072950363
"rs112262010",0.201718002557755
"rs10971925",-0.395213097333908
"rs185631090",-0.117583245038986
"rs72731216",0.218527942895889
"rs11788468",-0.362123310565948
"rs11788468",0.243313789367676
"rs61554557",-0.684794306755066
"rs146090723",-0.212730318307877
"rs10971930",0.20070980489254
"rs141324661",-0.212795868515968
"rs150806722",-0.118620194494724
"rs10971931",0.334554821252823
"rs7875653",0.33504843711853
"rs145472399",0.0717095956206322
"rs10971932",0.334553748369217
"rs143814490",-0.68476140499115
"rs117094918",0.0597285553812981
"rs151129137",-0.202085822820663
"rs10971933",0.218166530132294
"rs10971934",-0.684459090232849
"rs10971935",0.219018176198006
"rs35866006",0.195170804858208
"rs4879747",0.444792002439499
"rs10971936",0.218462243676186
"rs149572349",-0.196366459131241
"rs72731217",0.218482494354248
"rs72731218",0.218482494354248
"rs114689532",0.334557235240936
"rs10971938",0.218470796942711
"rs116863861",0.132657200098038
"rs55857848",0.218450829386711
"rs140681303",0.444768726825714
"rs4879748",0.44477105140686
"rs72731221",0.218448787927628
"rs72731222",0.218450590968132
"rs72731224",0.218215763568878
"rs10971939",0.218435242772102
"rs72731225",0.103974081575871
"rs10511916",0.444019973278046
"rs7470431",0.333294123411179
"rs2275003",-0.081476666033268
"rs61735450",0.115621522068977
"rs10971940",0.218068614602089
"rs76679743",-0.232166841626167
"rs10971942",-0.0793987140059471
"rs13297057",0.336817145347595
"rs72731226",0.218062445521355
"rs10971944",0.218062445521355
"rs10971945",0.218061253428459
"rs59705637",-0.683223903179169
"rs72731229",0.444089144468307
"rs10814070",0.243072956800461
"rs61237993",0.195716053247452
"rs80310086",-0.293041378259659
"rs57963268",0.276005029678345
"rs10971946",0.217755571007729
"rs13294750",-0.487719923257828
"rs10971948",-0.68323141336441
"rs2184252",0.444079637527466
"rs2184253",0.444078534841537
"rs2151710",0.334136843681335
"rs72731230",0.218039289116859
"rs74450404",0.217642664909363
"rs144667975",0.0802454203367233
"rs138592373",-0.0374090597033501
"rs1125015",0.333867371082306
"rs12350092",0.0614622458815575
"rs144408787",0.444027066230774
"rs7028278",0.444014847278595
"rs147892986",0.153737798333168
"rs7868470",-0.225710302591324
"rs10117267",0.333694607019424
"rs12380106",-0.682953298091888
"rs9650704",0.21811518073082
"rs13296259",0.334068566560745
"rs143175381",0.153164640069008
"rs147516315",0.0797077044844627
"rs7875082",0.334211766719818
"rs76474349",0.334071159362793
"rs4879753",0.444019556045532
"rs4879754",0.333989977836609
"rs200664775",-0.0635127201676369
"rs62560870",0.119719266891479
"rs10971950",0.217469424009323
"rs10971951",0.217310950160027
"rs10971952",0.217268064618111
"rs10814071",0.44118520617485
"rs10758242",0.237123489379883
"rs144689362",0.216471761465073
"rs72731236",0.216668978333473
"rs118061178",-0.243170559406281
"rs72731237",0.216399803757668
"rs4879755",0.238797545433044
"rs10758243",0.238779798150063
"rs72731239",0.214943706989288
"rs13296844",-0.726122856140137
"rs10971955",0.116962067782879
"rs4878554",0.166778296232224
"rs4878555",0.169652789831161
"rs77742255",-0.414573132991791
"rs10971956",-0.280820041894913
"rs10971957",-0.281629174947739
"rs142110458",-0.194867417216301
"rs13283064",-0.620355248451233
"rs10814072",0.231037095189095
"rs150277912",-0.195131435990334
"rs10971959",0.257355809211731
"rs111913491",0.258461743593216
"rs112317244",0.258451640605927
"rs7025399",0.230887070298195
"rs62560871",-0.502302527427673
"rs117734938",0.0626266375184059
"rs13296299",-0.619863271713257
"rs1969964",0.174830049276352
"rs111604639",0.257650941610336
"rs111450839",0.257348835468292
"rs7469124",-0.348566889762878
"rs36119221",-0.617879927158356
"rs36004115",-0.618986845016479
"rs10971963",0.158968344330788
"rs2026658",-0.620114743709564
"rs10971964",0.256675601005554
"rs117411261",0.0660464465618134
"rs140526246",0.0741369277238846
"rs10971965",0.256307452917099
"rs12376762",0.256342172622681
"rs74873862",0.0566835999488831
"rs10971967",0.256585597991943
"rs11791037",0.228872060775757
"rs11521438",0.256163746118546
"rs13289891",0.241832137107849
"rs7042499",-0.36137130856514
"rs10971968",0.256126016378403
"rs10971969",0.256096094846725
"rs62560887",-0.497453063726425
"rs13285836",0.151111394166946
"rs10814074",0.124524265527725
"rs10758244",-0.190932840108871
"rs35260274",0.242995634675026
"rs7032924",0.191406428813934
"rs2769707",0.190356239676476
"rs7018487",0.228877052664757
"rs2769708",0.191314980387688
"rs144422999",-0.497031807899475
"rs2769709",0.191386550664902
"rs181698652",0.0636689364910126
"rs2769710",-0.191228479146957
"rs62560889",0.232004821300507
"rs7350285",-0.190912291407585
"rs113512434",0.25549852848053
"rs72731263",0.255943685770035
"rs10814075",0.228950247168541
"rs10814076",0.22894823551178
"rs62560890",-0.497273564338684
"rs1198663",-0.191375494003296
"rs10971974",-0.359056085348129
"rs1887661",-0.190919399261475
"rs7038044",-0.190916731953621
"rs9650705",0.256340771913528
"rs10971977",-0.358305245637894
"rs113475553",0.256283611059189
"rs55662201",-0.358290582895279
"rs112651643",0.256276309490204
"rs140956185",-0.119494818150997
"rs4879757",0.22835785150528
"rs71521221",-0.358223974704742
"rs10971978",0.0336018539965153
"rs4421437",0.256230175495148
"rs62556562",-0.617059230804443
"rs2769705",-0.190420478582382
"rs180737866",0.0347897559404373
"rs76171239",0.0327988192439079
"rs112553997",0.19708476960659
"rs143213641",-0.303014755249023
"rs34264868",0.0406352691352367
"rs10971979",-0.190938353538513
"rs62556563",0.102951101958752
"rs10971980",-0.190943747758865
"rs10971981",-0.358221590518951
"rs10971985",0.255811810493469
"rs7042375",0.228333503007889
"rs1041251",-0.358199238777161
"rs55790724",0.255779623985291
"rs56224143",0.249258771538734
"rs72731267",-0.364783108234406
"rs4879758",0.213924244046211
"rs10814077",0.257934033870697
"rs143774760",-0.0451813340187073
"rs113697540",0.0580655783414841
"rs62556564",-0.616367101669312
"rs7849334",0.241713121533394
"rs115540638",-0.49639230966568
"rs187327033",0.00229392433539033
"rs10814078",0.213908389210701
"rs11793208",0.163956612348557
"rs117049143",0.0906441137194633
"rs75339900",0.0682107359170914
"rs35570345",-0.616391658782959
"rs62556566",-0.616390585899353
"rs13292462",-0.358023911714554
"rs13294120",-0.302880316972733
"rs10971988",0.213960647583008
"rs35087691",-0.302880316972733
"rs7032947",0.228344261646271
"rs7036296",0.213939234614372
"rs7036537",-0.190910860896111
"rs11787558",0.163374289870262
"rs34684026",-0.615940511226654
"rs62556568",-0.616417944431305
"rs2094998",0.228346824645996
"rs62556569",-0.61639928817749
"rs7869567",0.228267088532448
"rs10971989",-0.358139306306839
"rs117089147",0.0846064761281013
"rs72731270",0.25583952665329
"rs10971990",0.255824267864227
"rs10971991",0.255828857421875
"rs7853065",-0.191034212708473
"rs12375731",-0.357920974493027
"rs35522469",-0.30287230014801
"rs10758245",-0.190853878855705
"rs10971993",0.25582429766655
"rs10971994",-0.357991904020309
"rs35418892",-0.358008712530136
"rs187191508",-0.012626607902348
"rs4879759",0.124129049479961
"rs4879760",0.228087693452835
"rs4879761",0.213925451040268
"rs10971995",-0.358037412166595
"rs10971998",0.213868722319603
"rs75261924",0.0620952434837818
"rs4319185",-0.191259533166885
"rs1537218",-0.190911650657654
"rs1556439",-0.1912572234869
"rs10758246",0.228284269571304
"rs35910299",-0.616429269313812
"rs118190906",0.092688225209713
"rs10972003",0.163959160447121
"rs10972004",-0.254263490438461
"rs34270971",-0.616430580615997
"rs10972005",-0.358113050460815
"rs7341762",-0.191248416900635
"rs12378781",-0.358094722032547
"rs113482935",0.255849272012711
"rs13293392",-0.302763551473618
"rs10733472",-0.191246628761292
"rs10758247",0.163439601659775
"rs149797253",0.0707952603697777
"rs56166258",0.0566671714186668
"rs4878557",-0.190901666879654
"rs10758248",-0.191090926527977
"rs76310003",-0.0422215051949024
"rs78582494",0.0845831781625748
"rs72731277",0.25584876537323
"rs4879763",0.22824889421463
"rs117087982",-0.181356191635132
"rs72731278",0.255846202373505
"rs41313794",0.255849242210388
"rs10972007",0.25584876537323
"rs4879764",0.228886157274246
"rs4553000",0.412230014801025
"rs13287188",-0.30277806520462
"rs72731282",0.25580507516861
"rs4242691",-0.190090849995613
"rs17349430",-0.616270899772644
"rs17258212",-0.358207583427429
"rs7856567",0.222172394394875
"rs180953499",0.00219841953366995
"rs10814079",0.228927835822105
"rs150681857",0.0694162175059319
"rs10814080",0.125087067484856
"rs13289989",-0.302787780761719
"rs9695200",-0.190222635865211
"rs10972010",0.255789965391159
"rs10814081",0.159655421972275
"rs12685445",-0.141897410154343
"rs72731289",-0.215006440877914
"rs13302285",-0.302765995264053
"rs183591707",0.0556390844285488
"rs7040201",0.228994339704514
"rs7025829",-0.190091624855995
"rs35808726",-0.583615601062775
"rs35240419",-0.358063101768494
"rs113012388",0.253715455532074
"rs4879765",0.214663326740265
"rs10972013",0.214661687612534
"rs17258448",-0.616426646709442
"rs62556594",-0.125246688723564
"rs35836793",-0.302797853946686
"rs62556595",-0.358267694711685
"rs144165543",-0.140232071280479
"rs16935457",0.0089721130207181
"rs10972015",0.255759119987488
"rs7857658",0.228194713592529
"rs4008756",0.213722988963127
"rs17349871",-0.358232706785202
"rs961183",0.228184208273888
"rs4879767",0.164066627621651
"rs34223057",-0.616499781608582
"rs10972017",-0.358233034610748
"rs4008744",-0.190309330821037
"rs4008745",0.213719800114632
"rs35971466",-0.616431474685669
"rs62556597",-0.127848729491234
"rs10972021",0.255770534276962
"rs1122114",0.214580148458481
"rs10972022",0.2557592689991
"rs142007565",-0.138039410114288
"rs7470345",-0.358119457960129
"rs2380925",-0.358151257038116
"rs2380926",-0.190096870064735
"rs79550209",-0.155158415436745
"rs1049557",0.228236079216003
"rs3135929",-0.496204107999802
"rs1049567",-0.191000431776047
"rs17258783",-0.494817286729813
"rs4574933",-0.495505630970001
"rs10972023",0.255706071853638
"rs41314567",-0.0773342549800873
"rs35693912",-0.615842938423157
"rs10972024",0.255820453166962
"rs10972025",-0.357712626457214
"rs41274039",0.0632128491997719
"rs10814083",0.227610900998116
"rs34101674",0.0568452030420303
"rs36025573",0.0475179515779018
"rs41274041",-0.495580494403839
"rs139062260",0.0683246180415154
"rs13295877",-0.302448242902756
"rs12377779",0.255745738744736
"rs7020934",0.213517740368843
"rs13284229",-0.357798337936401
"rs13288273",-0.357874304056168
"rs10814084",0.123923055827618
"rs10814085",-0.190899446606636
"rs10814086",0.124658331274986
"rs10814087",-0.190832003951073
"rs10972030",-0.240489184856415
"rs72731296",-0.302365928888321
"rs12005844",0.241350740194321
"rs10972031",0.105768710374832
"rs10972032",0.105768568813801
"rs10972033",-0.428834229707718
"rs12237192",-0.190083384513855
"rs79645455",0.114497169852257
"rs34445554",-0.24065537750721
"rs111249102",0.229122564196587
"rs7868756",0.10576843470335
"rs72731297",0.229245156049728
"rs1929638",-0.190872609615326
"rs17350261",-0.302495241165161
"rs7870075",-0.191230520606041
"rs74893832",0.159507751464844
"rs34657094",-0.304070025682449
"rs2890545",-0.190823286771774
"rs72731298",0.0791267454624176
"rs117082960",0.0730275139212608
"rs72731299",-0.327463895082474
"rs11788122",-0.42887955904007
"rs71521228",-0.302387356758118
"rs10758250",-0.190644845366478
"rs7045680",-0.190931633114815
"rs4878560",0.106058046221733
"rs2380927",-0.190632313489914
"rs10972038",-0.190667510032654
"rs7390439",0.162896826863289
"rs56275161",-0.170996084809303
"rs7028914",0.10587490350008
"rs7028928",0.105875059962273
"rs138502605",-0.0151048563420773
"rs17350373",-0.428749740123749
"rs139668417",0.0633917823433876
"rs11790980",0.158933237195015
"rs139959257",0.0582729354500771
"rs10814090",-0.240589141845703
"rs146722823",0.102046623826027
"rs6476442",-0.19069829583168
"rs79802530",-0.184909000992775
"rs10814091",0.124008148908615
"rs62556604",-0.495104819536209
"rs1337591",-0.190654739737511
"rs72733104",0.255409747362137
"rs2380929",-0.240572288632393
"rs17350450",-0.4951291680336
"rs11790773",0.162755832076073
"rs2210390",0.162756726145744
"rs11795349",-0.240599811077118
"rs10758251",-0.240591943264008
"rs10972040",0.255371600389481
"rs10814092",-0.240634277462959
"rs10814093",-0.240600183606148
"rs575706769",0.0680917054414749
"rs35618837",0.231719240546227
"rs11792590",-0.240600347518921
"rs13285412",-0.240088328719139
"rs35227704",-0.240577563643456
"rs12376978",-0.240599885582924
"rs59375735",0.124803461134434
"rs13290520",-0.240584924817085
"rs187671435",-0.181768894195557
"rs12377356",-0.240582942962646
"rs12376394",-0.240584924817085
"rs184508187",0.0632107555866241
"rs4878562",0.162689909338951
"rs4242692",-0.240583956241608
"rs1105655",-0.240584701299667
"rs71521231",-0.30232435464859
"rs7039474",0.105681769549847
"rs117040120",-0.171005114912987
"rs55757184",0.25547331571579
"rs4480190",-0.240583211183548
"rs10972043",-0.240582779049873
"rs10758252",-0.191215172410011
"rs4879773",-0.190635278820992
"rs34356807",-0.302317589521408
"rs7862080",-0.191156730055809
"rs34435484",-0.246068060398102
"rs7042547",0.105676420032978
"rs7042250",0.105678007006645
"rs17350674",0.242059454321861
"rs7032930",-0.191214829683304
"rs7047723",0.105678118765354
"rs189745736",0.0668765231966972
"rs76760300",0.123942293226719
"rs7021100",0.105678178369999
"rs11790059",0.162689477205276
"rs4878563",-0.240580424666405
"rs62556639",-0.495049059391022
"rs10814094",0.124255187809467
"rs950548",-0.2405886054039
"rs950546",0.105889149010181
"rs144545380",-0.183724641799927
"rs10972047",0.123895466327667
"rs10972048",-0.240583688020706
"rs41274845",-0.418010920286179
"rs10814095",-0.190740898251534
"rs7029398",0.105678305029869
"rs13284113",0.242086932063103
"rs12375518",0.105686083436012
"rs11791612",0.162712797522545
"rs10972054",0.243079841136932
"rs150844228",0.0679108500480652
"rs34645109",-0.30055171251297
"rs182871719",0.056162029504776
"rs10758253",0.10584631562233
"rs12378125",0.255486637353897
"rs60277674",0.105695031583309
"rs10972055",-0.240474104881287
"rs10972056",-0.190713077783585
"rs10972057",0.25546258687973
"rs7853609",0.105814181268215
"rs7867248",-0.190996780991554
"rs10972058",-0.190625965595245
"rs77025004",0.123926572501659
"rs111305592",0.0538474433124065
"rs72733122",0.255359470844269
"rs10814098",0.123937398195267
"rs10972059",0.0457164198160172
"rs10814099",0.105829395353794
"rs4879774",-0.190859705209732
"rs62556641",-0.491385191679001
"rs117984174",0.070148654282093
"rs16935533",0.107155755162239
"rs7040339",0.158486604690552
"rs55970468",-0.241448909044266
"rs62556643",-0.241546660661697
"rs34871820",-0.302333742380142
"rs13298510",-0.303318172693253
"rs147455065",0.0570305734872818
"rs7875342",0.107049956917763
"rs16924260",0.161185309290886
"rs142195219",-0.193862020969391
"rs2039344",-0.242019325494766
"rs2039345",-0.190843135118484
"rs17259817",-0.304024070501328
"rs72733125",0.254817843437195
"rs55708143",-0.494843184947968
"rs11787826",-0.428901165723801
"rs7039222",0.119872719049454
"rs11788425",-0.4289211332798
"rs1337593",-0.241502121090889
"rs4879775",0.101234637200832
"rs10972062",-0.241492480039597
"rs7025269",-0.195812001824379
"rs10972063",0.119195826351643
"rs10972064",0.119318179786205
"rs72505706",0.162483975291252
"rs34653493",-0.428930222988129
"rs144587562",-0.20803789794445
"rs72733128",0.254817336797714
"rs151172909",0.0659110993146896
"rs4879776",0.101246230304241
"rs74896656",0.0279780887067318
"rs7848476",-0.19563065469265
"rs7863723",-0.195622235536575
"rs7848667",0.10122275352478
"rs55852427",0.25478783249855
"rs111825415",0.060269869863987
"rs10972066",0.254786401987076
"rs12238298",0.101220220327377
"rs13293442",-0.428919672966003
"rs10972067",0.101222969591618
"rs79168492",0.163691699504852
"rs10972068",0.254781901836395
"rs72733131",0.254779636859894
"rs117676896",-0.137378826737404
"rs62556648",-0.240300133824348
"rs62556649",-0.428919166326523
"rs34722487",0.246359393000603
"rs10972069",0.254791676998138
"rs61573237",0.119890436530113
"rs66562815",-0.302327424287796
"rs78063222",-0.494852930307388
"rs149471775",-0.166925802826881
"rs113844439",0.254786282777786
"rs10972072",-0.195343866944313
"rs66900751",-0.2496637403965
"rs7029097",-0.195498749613762
"rs148023410",-0.107601091265678
"rs140379088",0.0350858718156815
"rs56210884",-0.302103638648987
"rs74591078",0.162529960274696
"rs7851098",0.101505368947983
"rs10814102",0.119411155581474
"rs146857734",0.0550326406955719
"rs62556651",-0.428940176963806
"rs72733138",-0.495168000459671
"rs10972076",-0.241507008671761
"rs62556652",-0.495158731937408
"rs150516488",0.0680212676525116
"rs10465026",0.0204361081123352
"rs10814103",0.032847099006176
"rs10758254",0.10159994661808
"rs35748266",-0.614989340305328
"rs10814104",-0.195039138197899
"rs10972078",-0.358374416828156
"rs117371901",-0.365580469369888
"rs72733145",-0.302155554294586
"rs62556655",-0.494952380657196
"rs7865870",0.101601153612137
"rs117491033",-0.153164103627205
"rs35763593",-0.428269952535629
"rs4515642",0.254538029432297
"rs4879779",-0.195565447211266
"rs2526",0.0983971953392029
"rs113758232",0.0595966354012489
"rs10972082",0.254391133785248
"rs4879780",-0.241636976599693
"rs7861760",0.101464688777924
"rs3892388",0.162287041544914
"rs1134455",0.120036974549294
"rs10758255",-0.359949260950089
"rs41311426",-0.0999468341469765
"rs7852399",0.101312264800072
"rs12377",0.0806364715099335
"rs4879781",0.157389730215073
"rs4879782",-0.190435409545898
"rs2297776",-0.491955399513245
"rs10972084",0.253858417272568
"rs4879783",-0.190547421574593
"rs34557892",-0.241325855255127
"rs56141384",-0.489405304193497
"rs72733150",0.25384458899498
"rs10814106",-0.190084591507912
"rs10814107",0.118784375488758
"rs10814108",0.0947819873690605
"rs7037624",-0.190512374043465
"rs4310287",0.11841656267643
"rs4878564",0.118350893259048
"rs80080803",0.163054823875427
"rs3892022",0.118004895746708
"rs35891725",-0.295608848333359
"rs80317390",0.113048546016216
"rs3818830",0.118570096790791
"rs62559869",-0.122666388750076
"rs3737242",-0.4926438331604
"rs150598087",0.0779603943228722
"rs3753033",-0.0168562959879637
"rs2381117",-0.190690979361534
"rs72733158",0.253296434879303
"rs10814109",-0.0169248282909393
"rs3808876",0.254498988389969
"rs56224518",0.253275811672211
"rs2890585",0.255938500165939
"rs112332239",0.0702443942427635
"rs10119084",0.00593713205307722
"rs10972090",-0.295010656118393
"rs113549485",0.251965790987015
"rs149658361",-0.301790118217468
"rs10758257",0.0230518281459808
"rs73496980",-0.301460534334183
"rs10758258",0.0238531641662121
"rs10738925",0.0238894168287516
"rs62559870",-0.299271553754807
"rs10972092",0.063105583190918
"rs4879784",0.0104262810200453
"rs7873642",0.0417031720280647
"rs4272471",-0.0183478500694036
"rs4540490",0.0115127293393016
"rs117905354",0.0686476156115532
"rs7020234",-0.0281277913600206
"rs10758259",-0.0302212592214346
"rs7043224",0.0150652332231402
"rs7043205",-0.267136126756668
"rs142655113",0.111151665449142
"rs7860225",0.0156369898468256
"rs3933344",0.200324878096581
"rs3933343",-0.0440323650836945
"rs4879785",-0.0283814556896687
"rs11790577",-0.0237422380596399
"rs13294816",-0.00246472889557481
"rs1002352",-0.0308620911091566
"rs2890586",-0.265594780445099
"rs885048",0.242973491549492
"rs112458539",0.0780098885297775
"rs11793308",-0.0279139224439859
"rs45623233",-0.265033155679703
"rs117759827",0.0433311052620411
"rs12551491",-0.264359712600708
"rs41274849",0.242661252617836
"rs138816112",-0.146717086434364
"rs12555611",-0.264313966035843
"rs117232924",0.0569297596812248
"rs78863090",0.0595002360641956
"rs10972093",-0.0436853766441345
"rs72733170",-0.293756693601608
"rs10115705",-0.0240613706409931
"rs145776879",-0.292756289243698
"rs12376650",0.241072133183479
"rs10119711",-0.00833424739539623
"rs10972095",-0.00833426415920258
"rs10116555",0.224333092570305
"rs7847950",-0.00833014771342278
"rs946847",-0.0433758050203323
"rs2381116",-0.00835413578897715
"rs10120773",0.224282175302505
"rs10972096",0.241126149892807
"rs62559871",-0.260624945163727
"rs73645593",-0.261335015296936
"rs3931574",0.241224616765976
"rs62559872",-0.261334508657455
"rs138104351",0.0720743834972382
"rs2039670",0.241122782230377
"rs72733176",0.241091027855873
"rs113390101",0.241128027439117
"rs113483315",0.241121485829353
"rs111588585",0.241121485829353
"rs12379769",0.241123378276825
"rs12377360",0.241123169660568
"rs17352376",0.241122916340828
"rs7031766",-0.0443799719214439
"rs7032433",-0.261332720518112
"rs56061386",-0.262650907039642
"rs876222",-0.0443692915141582
"rs11795353",-0.0245507396757603
"rs72733186",0.241124242544174
"rs72733187",0.241128027439117
"rs11788070",-0.024554431438446
"rs7018509",-0.26134067773819
"rs10972101",0.183514878153801
"rs10972102",0.239706709980965
"rs10758260",-0.0443634763360023
"rs117124067",0.0339010506868362
"rs62559876",-0.261337250471115
"rs10972103",0.223799228668213
"rs7026499",0.224326312541962
"rs148886645",-0.117886483669281
"rs10972104",0.239787459373474
"rs10972105",0.239727735519409
"rs34537547",0.0750044584274292
"rs112581934",0.239744305610657
"rs62559877",-0.262615382671356
"rs11788370",0.111530520021915
"rs4879786",-0.0450542606413364
"rs12551477",-0.261413842439651
"rs35964199",0.255758970975876
"rs13297645",-0.0755344927310944
"rs72733198",0.206971228122711
"rs12683694",0.00480631971731782
"rs4590517",-0.261592715978622
"rs55976411",0.0591936148703098
"rs12376917",0.206801906228065
"rs10814110",0.00426624808460474
"rs185700391",0.046566080302
"rs62559895",0.246825605630875
"rs113447889",0.205000132322311
"rs72735203",0.206719368696213
"rs72735204",-0.326670795679092
"rs113394676",0.206680119037628
"rs11792765",0.107973553240299
"rs148159253",-0.166941970586777
"rs141105058",0.0755969882011414
"rs7030592",0.0112483631819487
"rs6476445",-0.12478032708168
"rs78598567",-0.245383337140083
"rs72735205",0.121600061655045
"rs72735206",0.121572382748127
"rs7038701",0.103299058973789
"rs74844089",0.141095593571663
"rs72735209",0.141178622841835
"rs2183014",0.00439232587814331
"rs72735211",0.141161918640137
"rs144896698",0.0507299937307835
"rs149205015",-0.17914043366909
"rs35064041",-0.235764473676682
"rs4256660",-0.221302419900894
"rs4879788",-0.0901466235518456
"rs72735217",0.141064912080765
"rs10972109",0.00438062520697713
"rs10972110",0.00425659632310271
"rs141429377",-0.0871879011392593
"rs10972112",0.00450575724244118
"rs2077403",0.00425377441570163
"rs11790905",-0.221316546201706
"rs4878568",-0.0902582257986069
"rs149792978",0.0137574700638652
"rs11794968",0.0893213003873825
"rs140398741",0.0138964131474495
"rs10758261",0.00425360910594463
"rs72735219",0.141084864735603
"rs80230153",0.0950139313936234
"rs4879789",0.00415422767400742
"rs7863906",-0.221302583813667
"rs1111069",-0.0902374908328056
"rs72735220",0.141085743904114
"rs79997629",0.141065254807472
"rs1126119",-0.236033469438553
"rs35051460",-0.235897064208984
"rs10972119",0.00425703171640635
"rs7861947",0.00419606082141399
"rs72735221",0.141085177659988
"rs7846802",0.0063909743912518
"rs7847308",0.00425703171640635
"rs72735222",0.141085177659988
"rs4879790",-0.0902549549937248
"rs143002952",0.14107371866703
"rs12345151",0.00425967574119568
"rs148206169",0.0550040677189827
"rs72735223",0.14107371866703
"rs12115243",-0.221286028623581
"rs72735224",0.141053676605225
"rs11999701",-0.221142560243607
"rs7047622",-0.090291790664196
"rs56058555",-0.235818162560463
"rs4879791",0.00409741699695587
"rs72735225",0.141070917248726
"rs10972123",0.00421347981318831
"rs72735226",0.141070485115051
"rs75809851",0.141067340970039
"rs12352977",-0.221040442585945
"rs10814111",-0.0697349160909653
"rs11547035",0.140891209244728
"rs75540489",-0.0654665529727936
"rs7047453",-0.220558241009712
"rs4879792",-0.270009696483612
"rs10972127",-0.221162274479866
"rs117841017",-0.177214086055756
"rs75808375",-0.206966787576675
"rs7868688",-0.0898872539401054
"rs10125060",-0.22100855410099
"rs10125115",-0.220983415842056
"rs72735228",0.141146436333656
"rs78548770",0.0590009242296219
"rs72735229",0.141146510839462
"rs148850235",0.0455279760062695
"rs7851404",-0.22114859521389
"rs10738928",-0.136710584163666
"rs10972129",0.0401752702891827
"rs113447522",-0.141707092523575
"rs4879794",0.00466213561594486
"rs140612167",0.0677201896905899
"rs187414794",0.141095548868179
"rs35384499",-0.128558069467545
"rs72735231",0.141147807240486
"rs4879795",-0.053050521761179
"rs10972130",0.0855896323919296
"rs117135229",0.0816633179783821
"rs149005757",-0.115838117897511
"rs76997844",0.0856561437249184
"rs77942002",0.0254095643758774
"rs1126120",0.00466447602957487
"rs13298587",-0.235954493284225
"rs2890602",-0.0531437546014786
"rs10738929",-0.0536893084645271
"rs564231267",0.0369170755147934
"rs4879797",-0.229683876037598
"rs62559898",-0.179119259119034
"rs17352992",0.141147717833519
"rs72735237",0.141148030757904
"rs72735238",0.141148030757904
"rs180845636",0.06673564016819
"rs183644979",-0.0349728725850582
"rs138839298",0.141156420111656
"rs182207057",0.141168534755707
"rs6476450",-0.178556576371193
"rs192353421",0.0398871228098869
"rs150775700",0.141168996691704
"rs2381161",-0.221272379159927
"rs2274591",0.0046297200024128
"rs10814113",0.00463030533865094
"rs72735239",0.141149699687958
"rs75056353",0.141150057315826
"rs72735241",0.141150504350662
"rs35722497",-0.235661551356316
"rs62559900",-0.0264834854751825
"rs4878572",-0.0527480840682983
"rs10972136",-0.178429365158081
"rs3793474",0.00506601063534617
"rs3793473",0.00465974770486355
"rs3793472",-0.212896436452866
"rs7872597",-0.229493781924248
"rs10814114",-0.0906167551875114
"rs7872855",-0.178397938609123
"rs10814115",0.0044915028847754
"rs4878573",0.00449198298156261
"rs34329222",-0.158791914582253
"rs1111457",-0.178382769227028
"rs142755028",0.0455007441341877
"rs117950636",0.0667760893702507
"rs146930925",0.0708906427025795
"rs2447",0.141187086701393
"rs4878574",0.00452472781762481
"rs4878575",-0.0537360161542892
"rs11793196",-0.178088873624802
"rs10814116",0.0400747917592525
"rs17268288",0.141710087656975
"rs72735243",0.0397892408072948
"rs72735244",0.141166597604752
"rs55960722",0.0954096540808678
"rs60377737",-0.178160786628723
"rs3750395",0.0396810136735439
"rs13301559",-0.233785301446915
"rs10972139",0.0949530228972435
"rs10511917",-0.178383722901344
"rs117610437",0.141166746616364
"rs10814117",-0.180010840296745
"rs1328536",-0.232843562960625
"rs28378181",-0.180009454488754
"rs10814118",-0.222610980272293
"rs67752843",-0.233755633234978
"rs1340231",0.1412083953619
"rs7048474",-0.180005103349686
"rs76572554",0.0247717443853617
"rs16931570",0.0837075337767601
"rs139781658",-0.0760989189147949
"rs4879799",-0.0893084332346916
"rs4879800",-0.0892923399806023
"rs72735254",0.141163796186447
"rs4879801",-0.0900137647986412
"rs3793469",0.0048151658847928
"rs138412741",0.0531298369169235
"rs9657620",-0.0852812975645065
"rs17353380",-0.20866097509861
"rs28630749",-0.308201402425766
"rs141420735",0.0524626262485981
"rs12002889",-0.307252734899521
"rs11999046",-0.307188957929611
"rs151295110",0.0665386319160461
"rs12001113",-0.218561992049217
"rs72735257",0.137187927961349
"rs117807152",0.0614270940423012
"rs72735258",-0.157524019479752
"rs72735259",-0.185040205717087
"rs79666938",0.0241632759571075
"rs72735260",-0.185108721256256
"rs150406670",0.0677313581109047
"rs2281997",-0.15954215824604
"rs111920901",-0.140407130122185
"rs187508239",0.0346508286893368
"rs62559928",-0.273781478404999
"rs72735261",0.137471944093704
"rs72735264",0.137493595480919
"rs10758262",-0.00480935908854008
"rs7857130",-0.184738755226135
"rs72735266",0.137571349740028
"rs35331204",0.13750359416008
"rs151312624",0.0367085970938206
"rs7021998",-0.184443324804306
"rs7036975",-0.151078179478645
"rs77435733",0.136738717556
"rs72735267",-0.185058534145355
"rs78151363",0.0637728199362755
"rs79027462",-0.174421176314354
"rs10120895",-0.184464707970619
"rs140083715",0.135886028409004
"rs7045180",-0.185310035943985
"rs117173455",0.0620726197957993
"rs10116264",-0.273444503545761
"rs143558487",0.0431225821375847
"rs10114507",-0.175702840089798
"rs74776334",0.082491360604763
"rs7027104",0.135808110237122
"rs145759152",0.136180490255356
"rs7027545",-0.188665583729744
"rs7043839",-0.188599094748497
"rs72735271",-0.187708705663681
"rs149918667",0.0501341186463833
"rs4878577",-0.071772888302803
"rs4878578",0.0412122197449207
"rs117451510",0.0724464729428291
"rs10738930",0.0367165878415108
"rs10972143",0.118358179926872
"rs10758265",0.204090520739555
"rs55776113",-0.191593244671822
"rs66615006",0.106579348444939
"rs145176384",0.0631581470370293
"rs10972144",0.0388949401676655
"rs16924263",0.0956615507602692
"rs4878579",0.2386574447155
"rs117219319",0.0575996078550816
"rs77128578",-0.194667682051659
"rs148100967",0.0670937225222588
"rs4879803",0.0847516283392906
