"SNP","rs2251086"
"rs34720147",0.0515817292034626
"rs117859812",0.0201225858181715
"rs4775374",-0.0518840998411179
"rs139265993",-0.0865242257714272
"rs78651343",-0.0184708014130592
"rs112248293",0.0146372905001044
"rs35439153",0.0515278987586498
"rs718115",0.0167911574244499
"rs34413211",0.0411214865744114
"rs150555616",0.0184178873896599
"rs17204973",-0.0522879101336002
"rs117365756",0.0183488614857197
"rs1550226",0.0224354583770037
"rs145866282",-0.0135852359235287
"rs930358",0.00496902968734503
"rs930359",-0.0165515784174204
"rs12440105",0.0561809688806534
"rs16943772",-0.0894719734787941
"rs77344375",-0.0885365828871727
"rs17237810",0.0171276070177555
"rs2278507",0.0455629602074623
"rs7175393",0.0561958290636539
"rs17303572",0.0431262515485287
"rs2414695",0.0277940090745687
"rs9920111",-0.0877636894583702
"rs11635008",0.029012767598033
"rs8024334",-0.044887613505125
"rs1002147",0.0275994669646025
"rs4775375",0.0328915379941463
"rs11631786",0.0275773908942938
"rs11637553",0.0443146675825119
"rs8034476",-0.0173056554049253
"rs142948643",0.0137754194438457
"rs8041438",0.0449558161199093
"rs6494251",0.081977516412735
"rs28683165",-0.0891057103872299
"rs2899667",0.0449622012674809
"rs72741603",0.0312735140323639
"rs4775376",0.0450106263160706
"rs12900971",0.0454338416457176
"rs35464030",0.0579310283064842
"rs35734996",-0.000177729874849319
"rs76052316",-0.0893808975815773
"rs12901132",-0.0165956597775221
"rs12901465",0.0478721559047699
"rs10438343",-0.0770817399024963
"rs150656684",0.0485458932816982
"rs8037420",0.0675500482320786
"rs76980236",-0.0914130136370659
"rs7177878",0.0669745355844498
"rs7178216",-0.0170877296477556
"rs8028411",0.0659225434064865
"rs142487544",-0.0210634544491768
"rs56731390",-0.0754185616970062
"rs77310808",0.0356710478663445
"rs56202927",-0.0969487801194191
"rs148305894",0.0163310132920742
"rs8040366",0.0934184119105339
"rs4589495",-0.0813103690743446
"rs72741606",-0.0986218675971031
"rs72741607",-0.0493933856487274
"rs139161055",0.0314378328621387
"rs9919976",0.0684481859207153
"rs143862437",0.0279462262988091
"rs4444279",0.0918899103999138
"rs4405487",0.0870229601860046
"rs12914750",0.0691879987716675
"rs4283167",0.0692384168505669
"rs79011935",-0.048547275364399
"rs182462684",0.027574697509408
"rs4566092",0.0679644867777824
"rs4566093",0.0881971269845963
"rs12915682",0.0735543444752693
"rs113365269",-0.0520127899944782
"rs4381534",0.0735138952732086
"rs8029174",0.0735523924231529
"rs184709495",0.0055411416105926
"rs140501940",0.0246888175606728
"rs28380001",0.0442910008132458
"rs11633397",0.0104842493310571
"rs147345547",0.0191801618784666
"rs4377103",0.0660200193524361
"rs4594197",0.0689277201890945
"rs148526607",-0.149641364812851
"rs56252759",-0.0460383109748363
"rs76624104",-0.0474091097712517
"rs76519267",-0.0475309751927853
"rs141209129",0.0157235730439425
"rs72741614",-0.0173572711646557
"rs12324432",0.0639830157160759
"rs112932355",-0.0470618605613708
"rs7167403",-0.00181514583528042
"rs75302816",0.00654288474470377
"rs76049956",-0.0473483689129353
"rs74976997",-0.0471394844353199
"rs7173439",0.0151067050173879
"rs118108122",0.0184905230998993
"rs117033261",0.0406194292008877
"rs4450343",-0.0371404141187668
"rs78282171",-0.0470263622701168
"rs28725205",-0.0492286682128906
"rs80323780",-0.0472101867198944
"rs144022795",0.0261605586856604
"rs75597578",0.0220254361629486
"rs7171417",-0.0469764396548271
"rs7171245",-0.0469619929790497
"rs143096638",0.0285978652536869
"rs34778984",-0.0564960315823555
"rs35643408",-0.0567298717796803
"rs4774394",0.0774130821228027
"rs55640003",0.0366372168064117
"rs75269561",-0.0475372299551964
"rs79227816",-0.0474137924611568
"rs62005922",0.0373166166245937
"rs76307053",-0.0470425896346569
"rs28484656",-0.0528464093804359
"rs117792415",-0.0114780999720097
"rs138188594",0.017220426350832
"rs78245769",-0.0470187701284885
"rs77941935",-0.047034464776516
"rs34297818",0.0426051840186119
"rs28750265",0.0486191660165787
"rs79507407",-0.0471111796796322
"rs28533253",-0.0525319539010525
"rs8024279",0.0446139201521873
"rs4775378",0.0438866950571537
"rs4774395",-0.0396046750247478
"rs139029665",0.0258940253406763
"rs62005923",0.0389129370450974
"rs4360861",0.0418832823634148
"rs144327698",0.0288606435060501
"rs34288318",-0.0398976169526577
"rs7175089",0.0573857948184013
"rs11635003",0.0546968281269073
"rs8026315",-0.0345516949892044
"rs6494252",-0.0344841741025448
"rs7166085",0.041217390447855
"rs7183425",-0.0411502569913864
"rs12101846",-0.0412656255066395
"rs12101850",-0.0412653088569641
"rs12101469",-0.0266221892088652
"rs34334591",-0.0293724872171879
"rs4536404",-0.0360411889851093
"rs11856888",-0.0358031541109085
"rs11857647",0.0354318283498287
"rs8034883",-0.0189467556774616
"rs11071595",0.0506537146866322
"rs4633658",0.0353713296353817
"rs6494253",0.0455728434026241
"rs142688541",0.010127130895853
"rs12591461",0.0357332192361355
"rs78832204",0.049610298126936
"rs28679627",-0.0424641817808151
"rs4566098",0.0455072335898876
"rs184547948",-0.0223444551229477
"rs117654444",-0.149223893880844
"rs149151277",0.00786687340587378
"rs4350520",0.0364826731383801
"rs4350521",0.0256998296827078
"rs117806191",0.0195532999932766
"rs79937316",-0.0266381874680519
"rs3936119",0.0336514860391617
"rs4775380",0.0257259290665388
"rs147820221",0.0120418379083276
"rs113572665",-0.0264744367450476
"rs79095660",-0.0273163374513388
"rs111635195",-0.0265617650002241
"rs187584696",0.029682319611311
"rs62005924",0.0316308103501797
"rs77871109",-0.0276060793548822
"rs79252252",-0.026820270344615
"rs4775381",0.0259923338890076
"rs60422604",-0.0269112344831228
"rs12910888",-0.0040498161688447
"rs7174358",0.025995260104537
"rs4374103",0.0259567890316248
"rs4601982",0.0260255485773087
"rs61555857",-0.0268421918153763
"rs77292559",0.0399574860930443
"rs58051962",-0.0268156733363867
"rs78782812",0.022543903440237
"rs8032098",0.0260752849280834
"rs142885776",0.0140093797817826
"rs71411453",-0.0436532571911812
"rs74018536",-0.0266465153545141
"rs57079878",-0.0272063054144382
"rs56193543",-0.0273194387555122
"rs28704906",0.0370342619717121
"rs56205872",-0.0263561811298132
"rs59726821",-0.0266661271452904
"rs74018538",-0.0264351796358824
"rs74018540",-0.0266462191939354
"rs74018542",-0.027108546346426
"rs74018543",-0.0268899668008089
"rs74018544",-0.0268212743103504
"rs56724481",-0.0237227436155081
"rs4306446",0.0375716052949429
"rs58008917",-0.0238756369799376
"rs4461014",0.0232102274894714
"rs60200882",-0.0242228917777538
"rs4307896",0.0232328176498413
"rs74018546",-0.023882832378149
"rs74018547",-0.024030826985836
"rs111439468",-0.0242355186492205
"rs8036073",-0.024336751550436
"rs8036088",-0.0244960505515337
"rs78818340",-0.0243178941309452
"rs79555116",-0.0328037664294243
"rs72741633",0.0121255712583661
"rs74018548",-0.0230791736394167
"rs74018549",-0.0244545694440603
"rs7181972",0.0226306635886431
"rs117948382",-0.0146995363757014
"rs60710346",-0.0308921299874783
"rs111855413",-0.0188584681600332
"rs78305679",-0.0419684462249279
"rs4238352",-0.00275348173454404
"rs74505336",0.00733046280220151
"rs77767317",-0.00624755118042231
"rs8032374",-0.00913577899336815
"rs7179055",-0.00654966617003083
"rs77318202",0.023321034386754
"rs7179425",-0.0151978870853782
"rs6494255",-0.00284837791696191
"rs145427867",0.0230515208095312
"rs73440617",0.0235434658825397
"rs75262488",0.0242376066744328
"rs57545243",0.0236973483115435
"rs56811287",0.0236150268465281
"rs4375600",0.00214902078732848
"rs74018550",0.0237305052578449
"rs4369595",-0.00953931454569101
"rs4309342",0.000479175243526697
"rs7174822",-0.00612226082012057
"rs72741635",0.0360221639275551
"rs10163180",-0.0142868487164378
"rs8027053",-0.00234026461839676
"rs76457225",-0.00690291170030832
"rs74579074",-0.00640861550346017
"rs73440629",0.0232869274914265
"rs8043090",-0.00856585148721933
"rs4774396",-0.012104176916182
"rs4238353",-0.00312855746597052
"rs4606657",0.00375432334840298
"rs4624110",-0.0115536144003272
"rs3934975",-0.0115901865065098
"rs4072465",0.0136682307347655
"rs4500664",-0.00237302854657173
"rs4439705",-0.00237935548648238
"rs4486829",-0.00262525584548712
"rs76272139",-0.00356061896309257
"rs62005945",0.00238049728795886
"rs3934516",0.0139737660065293
"rs72741638",0.00235079787671566
"rs3935994",-0.016219774261117
"rs12185111",0.00376294041052461
"rs12185113",0.00270456774160266
"rs7169255",0.000866679474711418
"rs7169559",-0.00196861010044813
"rs62005946",0.00224110018461943
"rs142456080",0.00751001061871648
"rs80004579",0.0119549268856645
"rs11071596",-0.00211994256824255
"rs11071597",-0.00208730250597
"rs11071598",-0.00212996173650026
"rs11071599",-0.00140689266845584
"rs62005947",0.00217584613710642
"rs4319703",0.0129159418866038
"rs7166662",-0.00293964939191937
"rs72741644",-0.0130069237202406
"rs72741645",-0.0129937026649714
"rs4270114",-0.000377754680812359
"rs4272977",0.0137512758374214
"rs4270115",0.0137606477364898
"rs7174130",0.0130054019391537
"rs72741648",-0.0130417980253696
"rs7172963",0.0128546319901943
"rs111632253",-0.013704820536077
"rs111903754",-0.0133968517184258
"rs147875974",-0.0376700051128864
"rs7173474",0.0130604850128293
"rs72741650",-0.0131211578845978
"rs7174082",-5.10914251208305e-05
"rs6494256",-0.000379019882529974
"rs79219569",0.00258743623271585
"rs4550396",-0.000380394980311394
"rs142449241",0.0233797561377287
"rs118113218",0.0170065630227327
"rs76221521",0.00372277898713946
"rs113743409",-0.00308561278507113
"rs4635284",-0.00207533873617649
"rs4262891",-0.0019278759136796
"rs12909000",-0.00202758004888892
"rs7172526",-0.00189644610509276
"rs7174081",-0.00189643306657672
"rs7173044",-0.00192515691742301
"rs78812268",0.0215288996696472
"rs4432213",-0.00189659837633371
"rs4516167",-0.00194159895181656
"rs11071600",-0.00193919194862247
"rs11855335",-0.00194682693108916
"rs72741654",0.00310751423239708
"rs4360863",-0.001884451135993
"rs4438251",-0.002255171071738
"rs75760466",0.00226204562932253
"rs4296201",-0.0019331406801939
"rs4592599",-0.00193391880020499
"rs12900661",-0.00185990519821644
"rs12901498",-0.00187728041782975
"rs4307897",-0.00198674574494362
"rs4270106",-0.0019523361697793
"rs4365234",-0.00189875019714236
"rs4485286",-0.00149823538959026
"rs4309346",-0.00149861536920071
"rs4438252",-0.0014993604272604
"rs7168968",-0.00043704267591238
"rs7168349",-0.00157327251508832
"rs148212314",-0.00318246614187956
"rs7168373",0.00174177484586835
"rs4371101",-0.00155434152111411
"rs4386081",-0.00105549767613411
"rs4386082",-0.00158299319446087
"rs4775384",0.00177154829725623
"rs4774397",-0.00203681923449039
"rs4774398",-0.00206777872517705
"rs4775385",0.00229974091053009
"rs4775386",-0.00209522340446711
"rs144560187",0.0380178317427635
"rs7174511",-0.0016366271302104
"rs7174527",-0.00164259783923626
"rs4392005",-0.00152909941971302
"rs7175325",-0.00162710621953011
"rs11633196",-0.00169027969241142
"rs4644802",-0.0016079181805253
"rs4398055",-0.00126896612346172
"rs80039660",0.00248854700475931
"rs74526359",0.00249168043956161
"rs78695297",-0.00280452519655228
"rs79535767",-0.00285540288314223
"rs7172410",0.0120284836739302
"rs11852371",0.0031421510502696
"rs78445813",-0.0125104859471321
"rs4775387",0.00320685794577003
"rs4271545",-0.0246710348874331
"rs753311972",0.00961934961378574
"rs4774399",0.00477439584210515
"rs191909168",0.0181094780564308
"rs187588017",0.0103149563074112
"rs7178295",0.00341967167332768
"rs72741657",-0.0124858487397432
"rs11633935",0.0198493525385857
"rs4291861",0.0037936195731163
"rs34111223",-0.0477072559297085
"rs4326992",0.0125712314620614
"rs76368375",-0.0244618244469166
"rs4319706",0.00383789697661996
"rs6494257",0.00483358511701226
"rs72741658",-0.012871497310698
"rs72741659",-0.012776430696249
"rs62007967",0.00697152363136411
"rs72741660",-0.0128773376345634
"rs4400996",0.00386555027216673
"rs7182057",0.0129842795431614
"rs11630873",0.00346322683617473
"rs55843449",-0.0129142552614212
"rs12148183",0.00198932085186243
"rs199908160",-0.00681518297642469
"rs7171757",0.00388156343251467
"rs7172307",0.00382548058405519
"rs75684597",0.0300624035298824
"rs142509858",0.0330374166369438
"rs4474630",0.013139421120286
"rs34190274",-0.0127691440284252
"rs77473850",0.0300297103822231
"rs10400883",0.00600436609238386
"rs4433761",0.0300494004040956
"rs7163861",0.012105381116271
"rs7164364",0.0131685798987746
"rs72741663",-0.0129866069182754
"rs72741664",-0.0129690142348409
"rs72741665",-0.0129707986488938
"rs11637314",-0.00896311644464731
"rs746851051",0.00955143384635448
"rs28369383",-0.00317223044112325
"rs138233974",0.00799326691776514
"rs57585912",-0.0368982739746571
"rs4075650",-0.00649715261533856
"rs4400997",-0.0129862986505032
"rs72741668",-0.0129422033205628
"rs11853741",0.0127291148528457
"rs117125499",0.0280115064233541
"rs148624343",-0.0129272919148207
"rs117533829",-0.0131877064704895
"rs56693300",0.00576144363731146
"rs112236760",0.00108323898166418
"rs139507771",-0.0320941656827927
"rs34669612",-0.0472755841910839
"rs72741671",-0.0132766012102365
"rs4583183",-0.00315409619361162
"rs77890747",0.0063104135915637
"rs4517726",0.00709621328860521
"rs8038513",0.0193034391850233
"rs8037976",0.019043518230319
"rs9888726",-0.0125882895663381
"rs77420934",-0.0579007789492607
"rs6494260",0.0104141253978014
"rs28433015",-0.0377473533153534
"rs4775390",0.0250684358179569
"rs4775391",0.0402727574110031
"rs74018570",0.0119484402239323
"rs4238354",0.0453229509294033
"rs12593324",0.0284327771514654
"rs12593264",0.0274675767868757
"rs145402175",0.00499280262738466
"rs4304964",0.011137587018311
"rs9989351",-0.0448039434850216
"rs4349085",0.0117061836645007
"rs116928884",0.0339562222361565
"rs35231472",0.0181629899889231
"rs55844427",-0.0104819759726524
"rs68137068",-0.0076812794432044
"rs4321134",0.00761576136574149
"rs12591281",0.0279479771852493
"rs77967925",0.0134176416322589
"rs28650258",-0.040957298129797
"rs8027361",0.00752574484795332
"rs57766785",0.00557785155251622
"rs28831486",-0.0382847934961319
"rs9768867",0.00587336206808686
"rs150512825",0.0129587473347783
"rs12915779",0.0224804542958736
"rs12101691",-0.0227061416953802
"rs11635105",-0.0223034545779228
"rs146644845",-0.00890910811722279
"rs71411456",0.0149958124384284
"rs8031109",-0.00896354019641876
"rs149060773",0.0325005389750004
"rs8031665",0.0291851852089167
"rs56371697",0.00187681103125215
"rs11632270",0.0128806410357356
"rs4485291",0.0135409198701382
"rs4371104",0.0134966420009732
"rs11638340",0.000298931729048491
"rs56363863",-0.00905913859605789
"rs55834219",-0.0106187621131539
"rs56247551",-0.00908356904983521
"rs59889329",-0.00916503183543682
"rs7165583",-0.00913388561457396
"rs118011772",0.018000990152359
"rs72741677",-0.0621284171938896
"rs12594356",0.0160945430397987
"rs72741679",-0.00952180102467537
"rs117699551",0.0199810061603785
"rs4506837",-0.00928399339318275
"rs4337245",-0.0206696465611458
"rs60398501",-0.00809772033244371
"rs57886940",-0.00809851381927729
"rs56771766",-0.00972496345639229
"rs28868703",-0.00629364047199488
"rs72741682",-0.00961971562355757
"rs35760488",0.0341416373848915
"rs66479343",-0.00931856222450733
"rs12595686",-0.00858324766159058
"rs28788250",-0.01769476570189
"rs12595688",-0.0085659846663475
"rs72741684",-0.0113419657573104
"rs12902784",0.0204442348331213
"rs56242576",-0.0112657798454165
"rs146104694",-0.0308377761393785
"rs150817367",0.0370060428977013
"rs59615421",-0.00982198305428028
"rs4584765",-0.0109043046832085
"rs4131993",-0.00886490382254124
"rs72741687",-0.0099769439548254
"rs4592595",-0.0111060813069344
"rs4369596",-0.0108858309686184
"rs4491450",-0.00870015006512403
"rs11635042",-0.04632568359375
"rs72741688",-0.0113664446398616
"rs7166353",-0.0114572271704674
"rs4500665",0.0405070818960667
"rs4601986",0.0344639681279659
"rs141006913",-0.134283810853958
"rs7179592",-0.0217553768306971
"rs13380402",-0.0328404121100903
"rs13379798",-0.021132068708539
"rs7164526",0.0109395124018192
"rs7163532",0.0197760201990604
"rs7163905",0.0405597537755966
"rs111493349",0.00665699737146497
"rs117894824",0.00959246326237917
"rs4238355",0.00313237123191357
"rs79248987",-0.0608470514416695
"rs4520788",0.0175694972276688
"rs8032386",0.0302144587039948
"rs55934541",-0.0180028453469276
"rs8032775",0.0308404583483934
"rs72741692",-0.0036147995851934
"rs8037032",0.0316819287836552
"rs72741696",-0.0288302134722471
"rs4775396",0.0311474520713091
"rs4775397",0.0313731506466866
"rs4775398",0.0313862971961498
"rs138320552",0.0244522467255592
"rs8043352",0.0316239669919014
"rs6494263",0.0263121053576469
"rs7183907",0.0313496142625809
"rs7162944",0.0313471406698227
"rs7161958",0.0315846689045429
"rs74704972",-0.00708326697349548
"rs12591940",0.0117407673969865
"rs9788703",0.0264181680977345
"rs12905913",0.030556982383132
"rs12905915",0.0309219807386398
"rs12906076",0.0306953210383654
"rs12907504",0.0314107835292816
"rs12906670",0.031349889934063
"rs12906823",0.0317378453910351
"rs12438718",0.018710907548666
"rs12910859",0.0230796299874783
"rs12911059",0.0310137830674648
"rs6494264",0.0255572721362114
"rs77706981",0.0184504352509975
"rs12910919",0.0312878675758839
"rs12912167",0.0312158837914467
"rs11632826",0.0151910418644547
"rs8036053",0.0233624428510666
"rs8035198",0.0318838022649288
"rs8035515",0.0320691950619221
"rs144397973",0.00857861712574959
"rs4297633",0.0380165949463844
"rs78527497",-0.00522344140335917
"rs3935534",-0.0360597856342793
"rs72743611",-0.124963693320751
"rs8026606",-0.0957155749201775
"rs7167351",0.0135948332026601
"rs7165989",0.0317565687000751
"rs7167451",0.0868654251098633
"rs7171476",0.0837307125329971
"rs12909688",-0.123592719435692
"rs4775400",0.0420502573251724
"rs72625744",0.0573720820248127
"rs78813031",0.00935245957225561
"rs12439928",0.0580918900668621
"rs117545090",-0.0447110906243324
"rs8038490",0.0892237648367882
"rs78417725",0.0583203956484795
"rs8038656",0.0695097371935844
"rs8038664",0.0583793856203556
"rs8039000",0.0893866345286369
"rs8039576",0.0993242189288139
"rs79945501",0.0367988608777523
"rs55913126",-0.0966362580657005
"rs7162913",0.0585072673857212
"rs7163299",0.0586124919354916
"rs12594583",0.139769807457924
"rs76265979",0.0163054335862398
"rs78193276",0.0601043850183487
"rs4238356",0.0854648053646088
"rs7176740",0.0387993492186069
"rs7180959",0.141564041376114
"rs7182746",0.0389000922441483
"rs149366135",0.0295101925730705
"rs58822078",0.00461331009864807
"rs11630840",0.0548433996737003
"rs4297629",0.0325045101344585
"rs4424867",0.0380586162209511
"rs35365644",0.0194517150521278
"rs4587914",0.0684372559189796
"rs4429232",0.0374801345169544
"rs34056224",-0.125463128089905
"rs113038990",-0.213905289769173
"rs114663750",0.00471986178308725
"rs4775401",0.0716735944151878
"rs11636167",-0.124838657677174
"rs8039019",0.071680061519146
"rs146925550",0.00190083961933851
"rs117757248",0.0431109257042408
"rs143136206",0.0107985781505704
"rs72625745",0.0494359843432903
"rs74435449",0.00446094153448939
"rs116192598",0.00478464085608721
"rs77510599",0.0546945668756962
"rs117804989",0.0393851287662983
"rs4616238",0.054400771856308
"rs4450344",0.0547195039689541
"rs4294758",0.0559809841215611
"rs4450345",0.0523489117622375
"rs4636851",0.0546935014426708
"rs73426480",-0.0796272903680801
"rs11630398",-0.0212809648364782
"rs76940560",0.0265295971184969
"rs11852989",-0.0495256967842579
"rs11852989",0.0552466325461864
"rs76619824",0.0051931431517005
"rs12902670",0.00941138807684183
"rs34137247",0.0538211911916733
"rs12907351",0.072168804705143
"rs77525141",0.00462262891232967
"rs72625746",0.0526660904288292
"rs11631946",0.0696500688791275
"rs76109701",0.00788481626659632
"rs72743624",-0.0365442968904972
"rs79031060",0.00484783388674259
"rs12439723",0.0526631064713001
"rs72625747",0.0525139234960079
"rs4775402",0.0351841412484646
"rs72743625",-0.100423954427242
"rs113936793",-0.127371892333031
"rs56217480",0.0405588075518608
"rs12594384",0.0549012571573257
"rs79441461",0.0237714610993862
"rs72743627",-0.12472315877676
"rs12592729",0.0546594299376011
"rs115575425",0.00717011000961065
"rs4363815",0.0713585987687111
"rs4254270",0.00542547134682536
"rs6494265",-0.141645595431328
"rs59884341",-0.0688094794750214
"rs6494266",0.085689589381218
"rs6494267",0.0828201249241829
"rs7181076",0.0852362886071205
"rs28710085",0.0281948540359735
"rs62005967",-0.0564761608839035
"rs7181601",0.0850756987929344
"rs7181326",0.0543742030858994
"rs118141882",0.049276314675808
"rs55892242",-0.00790033675730228
"rs4374104",0.0820955038070679
"rs8031208",0.0822221040725708
"rs3884558",0.0738353654742241
"rs146320670",0.0302627421915531
"rs11638616",0.0823902785778046
"rs4270116",0.0821350738406181
"rs4584766",-0.00490724761039019
"rs4270117",0.0819936022162437
"rs10851696",0.0848719701170921
"rs12372930",0.082113154232502
"rs11071601",0.0821583196520805
"rs8029558",0.0823012068867683
"rs8028372",0.0826180949807167
"rs12905050",0.0826235562562943
"rs118129264",0.024240143597126
"rs7173878",0.0647577494382858
"rs12324759",0.0834969282150269
"rs12324240",0.0834791362285614
"rs7173611",0.0838242545723915
"rs7175117",0.0835664123296738
"rs12439406",0.00754685187712312
"rs149241972",-0.0695112720131874
"rs114412393",0.0159771535545588
"rs142855710",0.0488473139703274
"rs151273180",0.0240359976887703
"rs10851697",0.0834121257066727
"rs7497572",0.0834135636687279
"rs79869700",0.0253258682787418
"rs4255734",0.0834470987319946
"rs4400998",0.0833241119980812
"rs12101769",0.0759207308292389
"rs4290426",0.0838366821408272
"rs4441211",0.083838514983654
"rs4441212",0.0842785313725471
"rs4441213",0.0833668187260628
"rs4581648",-0.00202992139384151
"rs8025677",-0.00202441634610295
"rs62005969",-0.0537659116089344
"rs11071602",0.0759238600730896
"rs11635780",0.0759318470954895
"rs11635720",0.0759355649352074
"rs12439194",-0.00216685514897108
"rs11632622",0.0758586153388023
"rs7171652",0.00830550212413073
"rs150289109",-0.0454480051994324
"rs8038872",-0.00469255493953824
"rs11071603",0.0594506971538067
"rs76293750",0.0676035359501839
"rs74016996",0.0380119606852531
"rs8026007",0.0889963433146477
"rs60174610",0.0556177534162998
"rs118076006",-0.0496245138347149
"rs78009226",-0.0641271322965622
"rs117477607",0.0517894215881824
"rs146243196",0.0435001365840435
"rs4426296",0.0625330656766891
"rs78765964",-0.0134161729365587
"rs6494271",-0.00477262353524566
"rs142638926",0.0490379519760609
"rs12915459",0.0819203928112984
"rs79724321",0.0303704217076302
"rs8040596",-0.0284986887127161
"rs4324072",0.0636899769306183
"rs58675962",0.0207009017467499
"rs138853759",-0.0469987690448761
"rs11071604",-0.02148219011724
"rs146291503",-0.00599111942574382
"rs61398511",-0.00950166676193476
"rs7165109",0.0638105496764183
"rs7165333",0.0376014485955238
"rs145077627",0.0513965114951134
"rs149092530",0.0226244889199734
"rs138263063",-0.0572770535945892
"rs73428440",0.0212313272058964
"rs11071605",0.0712797045707703
"rs11071606",0.0699301809072495
"rs12593768",-0.0179527308791876
"rs11071607",0.0709531605243683
"rs116950275",-0.0326797440648079
"rs60188330",-0.032654233276844
"rs6494272",0.0716787129640579
"rs8034060",0.0716044083237648
"rs28709550",-0.0199452862143517
"rs7180597",-0.0153845539316535
"rs541306312",0.018315102905035
"rs187160340",0.0426390320062637
"rs4775404",0.0702814981341362
"rs146753504",0.0351626351475716
"rs4643261",0.0703187584877014
"rs4534773",0.0710220411419868
"rs12148736",-0.0104748336598277
"rs28699276",0.0708900094032288
"rs148009409",-0.0861429944634438
"rs4577022",0.0706691518425941
"rs11636008",0.0708834528923035
"rs28664759",0.00228754617273808
"rs11854244",0.0715197995305061
"rs11857449",0.0706534162163734
"rs10775177",0.0707285776734352
"rs184501529",-0.0857405662536621
"rs4775405",0.071817509829998
"rs73428467",0.0208759177476168
"rs4775406",0.0708403885364532
"rs4638515",0.0460783913731575
"rs28734873",0.0647521689534187
"rs4450346",0.0708908513188362
"rs75417231",-0.000704106409102678
"rs4398056",0.0711414590477943
"rs77528764",-0.0172940082848072
"rs139943625",0.0328628644347191
"rs742",0.0646195709705353
"rs75839523",0.0812714546918869
"rs75643571",0.0759358257055283
"rs12592713",0.0088272113353014
"rs35391470",0.075592152774334
"rs28664717",0.00262593990191817
"rs12912086",-0.0173711311072111
"rs4641675",-0.0481222532689571
"rs117277715",0.0369232259690762
"rs4617795",0.192464917898178
"rs4468543",0.194209516048431
"rs7181674",0.177104890346527
"rs150448505",-0.000830401200801134
"rs7181684",0.0131222764030099
"rs28363785",0.006033587269485
"rs34119132",0.082931786775589
"rs182969619",-0.1020832285285
"rs12909303",0.152579247951508
"rs74510205",-0.0542557202279568
"rs147429663",-0.098321370780468
"rs4309347",0.144577875733376
"rs72743654",-0.0615064911544323
"rs7162225",0.188759297132492
"rs7162574",0.0144203491508961
"rs4522363",0.187959581613541
"rs62005987",0.00857032276690006
"rs7179123",0.0860108807682991
"rs28480022",0.0858944430947304
"rs73428482",0.0846089646220207
"rs11853033",0.0890313610434532
"rs11071608",0.0888737887144089
"rs11857108",0.0546321198344231
"rs79872446",-0.0573083721101284
"rs28508585",0.0770357698202133
"rs11633516",0.158792272210121
"rs7176175",0.158306688070297
"rs7177619",0.171040326356888
"rs7177829",0.158465296030045
"rs7182693",0.171300530433655
"rs7181267",0.17127799987793
"rs7181641",-0.0637153834104538
"rs4447365",0.0402081236243248
"rs72743658",-0.125031426548958
"rs11629769",0.0434359796345234
"rs11635136",0.0434464141726494
"rs139355683",-0.0562807992100716
"rs118061340",-0.0567211136221886
"rs149702993",-0.0561188422143459
"rs111336658",-0.20688608288765
"rs4075906",0.0711616724729538
"rs4075907",0.0750427767634392
"rs141251050",-0.0572002120316029
"rs28447149",0.0773938968777657
"rs4359381",0.0748330652713776
"rs76982458",-0.057013463228941
"rs117117661",-0.0572036169469357
"rs72743660",-0.0746679306030273
"rs7165206",0.0509633906185627
"rs6494275",0.00917701981961727
"rs77434078",0.0310271736234426
"rs76753623",-0.0936259403824806
"rs55718021",-0.094018742442131
"rs76387883",-0.05759047716856
"rs7182429",0.0515492856502533
"rs142046916",-0.0577695108950138
"rs78374378",-0.0578049421310425
"rs11635043",0.0555239878594875
"rs7161784",0.0344828926026821
"rs7163165",0.0874298885464668
"rs149932489",0.0242962446063757
"rs73428501",0.0202892739325762
"rs72743665",-0.208440840244293
"rs8033183",0.0295404084026814
"rs10468024",0.084588035941124
"rs10467933",0.0174938570708036
"rs8034331",0.0860579088330269
"rs11633113",0.0736897587776184
"rs139280185",-0.0579163208603859
"rs78110652",-0.0579734072089195
"rs118136232",-0.0574417002499104
"rs73430708",0.0200370047241449
"rs76603075",0.0199859272688627
"rs116857453",0.0436380133032799
"rs80221688",-0.0575763173401356
"rs79890408",-0.058250680565834
"rs117004232",-0.0582088939845562
"rs117288402",-0.0589909218251705
"rs74341407",-0.058576725423336
"rs76723926",-0.0578634925186634
"rs76024589",-0.0595881342887878
"rs75655003",0.0202172789722681
"rs77918050",-0.0596171803772449
"rs146712130",-0.0297008119523525
"rs58618938",0.0786545053124428
"rs4775407",0.0463079027831554
"rs4775408",-0.0418156310915947
"rs57987511",-0.217816263437271
"rs75844368",-0.219593852758408
"rs11071609",0.0805452838540077
"rs113890376",-0.197057202458382
"rs74656944",-0.233918607234955
"rs8025073",-0.0194162018597126
"rs67337595",0.0363872051239014
"rs34384590",0.0487290695309639
"rs11853605",-0.0668289065361023
"rs78370681",-0.0166415870189667
"rs117183162",0.0330270268023014
"rs77725720",-0.0757700130343437
"rs11632995",0.0343515127897263
"rs35045982",0.0418612919747829
"rs35936958",0.0417395830154419
"rs12708467",-0.0482088997960091
"rs35864260",0.0422329269349575
"rs12898590",0.0267876498401165
"rs4619338",-0.0954931378364563
"rs62005990",0.061335239559412
"rs7171302",-0.10376113653183
"rs7172337",0.0448376499116421
"rs7171518",-0.0150628043338656
"rs7496313",0.0578778088092804
"rs35128510",0.0647357478737831
"rs6494276",-0.0108916200697422
"rs80278487",0.0150818275287747
"rs79967727",-0.0456167943775654
"rs7179854",0.0399491228163242
"rs117865893",-0.0297958198934793
"rs145417096",0.0491207614541054
"rs77619694",-0.0456753745675087
"rs74499199",-0.0456805825233459
"rs74436193",-0.0456761084496975
"rs75302262",-0.0455946214497089
"rs73430727",0.0397617742419243
"rs80144933",-0.0456084012985229
"rs78575451",-0.0453405492007732
"rs75232321",-0.0456911399960518
"rs11639039",-0.0495023727416992
"rs78745994",-0.0456921942532063
"rs73430730",0.0384744629263878
"rs73430732",0.0384755432605743
"rs62005992",0.0341662093997002
"rs57347317",0.040069755166769
"rs34601722",0.0482981093227863
"rs56810547",-0.0447732731699944
"rs28711048",-0.0753237009048462
"rs62005993",-0.206196263432503
"rs8030126",-0.0760340094566345
"rs8030303",-0.0452976822853088
"rs8031780",-0.0453190244734287
"rs8031785",-0.0453185476362705
"rs4354868",-0.0453080646693707
"rs73430741",0.0385508462786674
"rs4359382",0.06471136957407
"rs11638232",0.0496210381388664
"rs4774401",-0.0591309033334255
"rs7497919",0.0495741106569767
"rs72743671",0.0304177738726139
"rs34935439",0.048591922968626
"rs146697790",-0.258893400430679
"rs7165919",0.0320975966751575
"rs7165637",0.0173277594149113
"rs11630875",0.0499169938266277
"rs73430749",0.0379890315234661
"rs7165998",-0.0458350516855717
"rs77427051",-0.083169586956501
"rs144281997",0.028178421780467
"rs35608339",0.0322181843221188
"rs73430750",0.0365225151181221
"rs76456076",-0.0823583006858826
"rs28685303",-0.111022517085075
"rs73430754",0.0365189835429192
"rs113614913",0.0365236364305019
"rs113074798",0.0365016795694828
"rs77080288",-0.0746253654360771
"rs76517874",-0.0746167451143265
"rs7163910",0.0499656982719898
"rs7162517",0.0499829798936844
"rs78026792",-0.0734837204217911
"rs35900186",0.0306816510856152
"rs77333598",-0.0733758956193924
"rs7168708",-0.109443545341492
"rs34281727",0.0166285336017609
"rs28521997",-0.0824476331472397
"rs35548826",0.0184043981134892
"rs36050024",0.0193749535828829
"rs7163892",0.0516681298613548
"rs35174471",0.0195757914334536
"rs28533187",-0.103338867425919
"rs112750860",0.0380736477673054
"rs182235268",0.0437250100076199
"rs8027436",0.0385327935218811
"rs6494277",0.0393868610262871
"rs7171770",0.0383028462529182
"rs34978016",0.0328313857316971
"rs34454123",0.00919305719435215
"rs35641860",0.0299111474305391
"rs7176593",0.0398721992969513
"rs62007226",-0.204648718237877
"rs35320950",0.0531818270683289
"rs35463088",0.0340270847082138
"rs6494278",0.0105151394382119
"rs6494279",-0.0884856656193733
"rs8042948",0.0385327190160751
"rs8043111",0.0385314263403416
"rs4486830",0.0543720535933971
"rs35862112",0.0535708069801331
"rs12909886",0.0363563410937786
"rs34837960",0.0553738996386528
"rs76412302",-0.0386254154145718
"rs73430771",0.0403182208538055
"rs12902877",0.0554547719657421
"rs8026408",0.0404492765665054
"rs79746974",-0.0783627703785896
"rs12438883",-0.0236498136073351
"rs141230464",0.0451517291367054
"rs12903298",0.0496857613325119
"rs36053035",-0.0199548993259668
"rs12910488",0.0553244836628437
"rs12910498",0.0584670007228851
"rs4613008",-0.0978216454386711
"rs12440895",0.0668070167303085
"rs74017185",0.0512172803282738
"rs192297354",0.0435645766556263
"rs59610416",0.0608104765415192
"rs73430777",0.0543952509760857
"rs68157981",0.0811824798583984
"rs57273960",0.0608934499323368
"rs35143677",0.0298398490995169
"rs4432209",0.0301568564027548
"rs4609787",0.0553008504211903
"rs8025489",0.0843268558382988
"rs35036016",0.0272438749670982
"rs7171328",0.0534667670726776
"rs117342577",0.0337728261947632
"rs73430780",0.0532510317862034
"rs72743679",0.0298929885029793
"rs62007229",0.0380848720669746
"rs62007230",0.0388363488018513
"rs4377104",-0.123994611203671
"rs4502155",-0.122733488678932
"rs57754953",0.0383753515779972
"rs4541013",-0.124238468706608
"rs73430783",0.0537961535155773
"rs72743683",-0.129157438874245
"rs28605392",-0.112958870828152
"rs7178687",0.05443175137043
"rs10152930",0.0463253147900105
"rs35351548",0.0300233047455549
"rs4238358",0.0396844372153282
"rs34629031",-0.0127366269007325
"rs12901053",0.0528412610292435
"rs4775410",-0.106897234916687
"rs62007232",0.0330508723855019
"rs4775411",-0.0821031406521797
"rs12907677",-0.0106540424749255
"rs4400999",0.0322609543800354
"rs7182996",0.0851654559373856
"rs12898892",0.0112367188557982
"rs7183003",0.0852680057287216
"rs7166560",0.0607129745185375
"rs7166566",0.0607093758881092
"rs7166576",0.0651875436306
"rs28492001",0.0269823018461466
"rs28583733",0.0477971769869328
"rs11631045",0.052089735865593
"rs7166393",0.118604458868504
"rs12438435",0.0839630141854286
"rs12438460",0.084798090159893
"rs12439016",0.0836053490638733
"rs7171924",0.0837397649884224
"rs4369599",0.0838320702314377
"rs12910184",0.0696988850831985
"rs12910185",0.0696654692292213
"rs35290779",0.0703435093164444
"rs34706184",0.0697792619466782
"rs75312094",0.017681460827589
"rs57331591",0.0907697379589081
"rs12913520",0.0840096920728683
"rs12914892",0.0874094441533089
"rs4393516",-0.0647481232881546
"rs4479169",0.101699903607368
"rs141943148",0.0335782654583454
"rs12910633",-0.0246812701225281
"rs12910723",0.101095072925091
"rs12911024",0.0587004721164703
"rs4343214",0.100767485797405
"rs4553567",0.148199066519737
"rs4444274",0.148284956812859
"rs11637979",0.0851584672927856
"rs11630509",0.0343927219510078
"rs35085198",0.0669039189815521
"rs4402497",0.14384038746357
"rs3934472",0.0982106104493141
"rs147853447",0.0395460613071918
"rs4454910",0.0411501154303551
"rs72743687",0.039607398211956
"rs544524861",0.0145110739395022
"rs3934870",0.0471442490816116
"rs4072423",0.0987490341067314
"rs4072422",0.0723329335451126
"rs3934869",0.053115151822567
"rs76459257",0.016161510720849
"rs8036432",0.151807516813278
"rs8036433",0.151692137122154
"rs75203202",0.0168339665979147
"rs7176916",0.151720687747002
"rs11858488",0.0495663732290268
"rs4374108",0.151659250259399
"rs4375605",0.151513412594795
"rs8042548",0.151904687285423
"rs8023493",0.151887238025665
"rs8043372",0.151539385318756
"rs11855945",0.151783153414726
"rs7167086",0.153665587306023
"rs138475886",0.0309632755815983
"rs34908380",0.0676338076591492
"rs72743690",0.0326268635690212
"rs34093708",0.0702067762613297
"rs35877402",0.0698476657271385
"rs4775412",0.086901381611824
"rs35931526",0.074472114443779
"rs3935962",0.171547070145607
"rs4547281",0.179595723748207
"rs4414438",0.179543152451515
"rs75287596",-0.352589666843414
"rs12438420",0.0903386026620865
"rs6494282",0.177042558789253
"rs34686840",0.0175011251121759
"rs59051662",0.0905480831861496
"rs117606149",0.0104940077289939
"rs28405726",0.09127526730299
"rs138087633",0.0307525992393494
"rs12913921",0.0472996272146702
"rs12595483",-0.179820716381073
"rs11071610",0.164066046476364
"rs8038448",0.0231885518878698
"rs8038501",0.0370000563561916
"rs8038533",0.0367835164070129
"rs3923818",0.0363993383944035
"rs4534779",-0.0615987181663513
"rs4277294",-0.0882346630096436
"rs6494283",-0.0679605305194855
"rs11635358",0.0246308483183384
"rs79056490",-0.0443360023200512
"rs75950287",0.105176024138927
"rs7169165",-0.0813379809260368
"rs7169608",0.0154074346646667
"rs7169458",0.0393201969563961
"rs7170802",0.015406658872962
"rs8030925",0.0154201555997133
"rs72743695",0.0639429911971092
"rs72743696",0.0482637956738472
"rs11633501",-0.113143742084503
"rs72743700",0.0828912779688835
"rs8036652",-0.109480567276478
"rs11071611",0.0124877486377954
"rs4774404",-0.0818557888269424
"rs12148079",0.0105784861370921
"rs150173515",0.0418510660529137
"rs116352408",-0.0440884754061699
"rs12148082",0.0365591533482075
"rs68019838",0.0248092506080866
"rs66629920",0.0113249663263559
"rs11071612",-0.115979693830013
"rs4420476",0.0367949977517128
"rs7173933",-0.0835164412856102
"rs7175163",-0.0439801476895809
"rs28615721",-0.112040176987648
"rs9806702",0.0125228287652135
"rs138136764",0.0424568802118301
"rs74427815",-0.0425455197691917
"rs11071613",-0.0646854639053345
"rs8024918",0.103911638259888
"rs118047846",0.0671329721808434
"rs12906428",0.0552106015384197
"rs12906613",0.0553824044764042
"rs12906862",0.0553866550326347
"rs4076038",0.0126716131344438
"rs4635285",-0.119447365403175
"rs6494284",-0.0643569454550743
"rs4074904",-0.0559442341327667
"rs7174831",0.0548369362950325
"rs72745704",0.0546559542417526
"rs67811174",0.0543025024235249
"rs4286059",0.103996276855469
"rs56404099",0.03635298833251
"rs11853920",-0.116856411099434
"rs72745705",0.0833055675029755
"rs4775413",-0.119044095277786
"rs7182724",0.0123439636081457
"rs73432591",0.0148410350084305
"rs74017214",0.103573940694332
"rs75911910",-0.0431043095886707
"rs78586922",0.0467770919203758
"rs4541014",0.0546654090285301
"rs68186589",0.0412549264729023
"rs11636157",-0.0560634359717369
"rs11636309",-0.0561436079442501
"rs11636336",-0.111900866031647
"rs8029085",-0.0530078001320362
"rs8028972",-0.0524974204599857
"rs8030235",-0.0524271540343761
"rs4775414",-0.0530952364206314
"rs9302225",0.10340704023838
"rs4281659",0.0944626405835152
"rs77385809",0.104849897325039
"rs7163671",0.103404633700848
"rs7163377",0.140193715691566
"rs7163599",0.0966379418969154
"rs138812270",-0.223623186349869
"rs10400827",0.0966566279530525
"rs79596400",0.021715709939599
"rs10400847",0.0967387557029724
"rs4990324",0.0969357416033745
"rs4775415",0.0969356521964073
"rs28580242",0.0969389826059341
"rs28688764",0.0969452857971191
"rs141323168",-0.224477857351303
"rs145050713",0.0640104711055756
"rs28725224",0.0967496261000633
"rs4561406",-0.11811675131321
"rs28605632",0.103805035352707
"rs143825603",0.0514579378068447
"rs4774405",-0.117493122816086
"rs4774406",-0.113837324082851
"rs34418080",-0.11744312942028
"rs4291862",-0.0803665444254875
"rs4363816",0.0367203764617443
"rs4775416",-0.114235617220402
"rs55835773",-0.113604098558426
"rs55835940",-0.114671558141708
"rs28545418",0.103699140250683
"rs11071614",-0.114545121788979
"rs11631683",-0.114369831979275
"rs12441941",-0.0643228963017464
"rs12441948",0.0517359040677547
"rs12592172",-0.0509232319891453
"rs28509361",0.103765428066254
"rs11632947",-0.11165876686573
"rs71411460",0.0204017534852028
"rs140449794",0.0499079450964928
"rs75432353",-0.0742882341146469
"rs4321135",0.0157675575464964
"rs12898315",-0.111577294766903
"rs62008395",-0.111594066023827
"rs12903705",-0.105527989566326
"rs12903146",-0.111532799899578
"rs4774407",0.0153125207871199
"rs4774408",-0.0126582803204656
"rs8026487",0.0446184016764164
"rs8027159",-0.0220938231796026
"rs11857462",-0.0509163439273834
"rs192399757",0.0448145270347595
"rs13379769",0.0133573748171329
"rs35225048",-0.110029280185699
"rs76339048",-0.39847457408905
"rs8037341",0.0292339865118265
"rs4277295",-0.079071894288063
"rs77711754",0.105085454881191
"rs111742439",0.0539307221770287
"rs12437739",-0.0791748017072678
"rs12900722",-0.128599122166634
"rs112798008",0.041386503726244
"rs117427057",0.0402808114886284
"rs12905487",-0.112257577478886
"rs4480737",0.013416264206171
"rs12905969",-0.117041058838367
"rs76057850",0.0467724166810513
"rs4480738",0.015096346847713
"rs113498848",0.0431730449199677
"rs79900850",0.105147376656532
"rs2899669",0.0121119087561965
"rs4775418",0.0134062487632036
"rs4775419",-0.0842083618044853
"rs145653179",0.0449042171239853
"rs2414716",-0.115888968110085
"rs72745723",-0.20620022714138
"rs10163060",0.0469660945236683
"rs2414717",-0.0773769170045853
"rs77602844",0.0753350853919983
"rs6494285",-0.0170559752732515
"rs8042151",-0.120642557740211
"rs8042070",-0.104988902807236
"rs117149746",0.0674988925457001
"rs2414718",-0.110489286482334
"rs6416472",0.00403909804299474
"rs6494286",0.111485384404659
"rs17270962",-0.104494713246822
"rs145695716",0.0376029387116432
"rs56112608",0.0411823987960815
"rs4517735",0.015304347500205
"rs142377245",0.0461433753371239
"rs72745725",-0.203067779541016
"rs28363710",0.104975432157516
"rs80070684",-0.0403230898082256
"rs16944346",0.0633964091539383
"rs6494287",0.0535165630280972
"rs8024904",-0.0535979941487312
"rs8029565",-0.0538259521126747
"rs34792615",0.0254602432250977
"rs28610370",0.105011865496635
"rs2414719",-0.0848231464624405
"rs7497015",-0.0317104943096638
"rs7497302",-0.00788166932761669
"rs12592967",-0.114309839904308
"rs12595508",-0.113898724317551
"rs8043366",-0.00796634890139103
"rs76687913",-0.0403638742864132
"rs116889203",0.0392638258635998
"rs146214606",0.0675030648708344
"rs11630117",-0.00688048917800188
"rs11634962",0.0381138883531094
"rs35351411",-0.113497830927372
"rs72745729",0.0628638714551926
"rs17303614",0.0154455676674843
"rs7167805",0.103718630969524
"rs6494288",-0.016330162063241
"rs2899670",-0.111411362886429
"rs79942197",-0.0257907081395388
"rs17303621",0.0131033407524228
"rs138453911",0.032476395368576
"rs28705878",0.103861182928085
"rs8040481",0.0480252094566822
"rs8040327",0.0480362884700298
"rs80128662",0.015340119600296
"rs6416473",-0.0173675343394279
"rs2414721",0.105293191969395
"rs76512733",0.04617615416646
"rs6494289",-0.0330745503306389
"rs17205008",0.0424568764865398
"rs12908294",-0.0379193685948849
"rs116941504",0.0433768071234226
"rs62008436",0.0896659269928932
"rs12592355",-0.00289950193837285
"rs12594873",-0.112904503941536
"rs138203924",0.0538375750184059
"rs117246700",0.0635982900857925
"rs4594198",-0.113269038498402
"rs113984350",-0.0222733952105045
"rs9672974",0.0245435740798712
"rs7182410",0.0940269455313683
"rs144147051",0.0481862537562847
"rs34366144",-0.112686261534691
"rs17237859",0.0133854234591126
"rs3848121",-0.0809523165225983
"rs16944361",0.0900155156850815
"rs6494290",-0.118502929806709
"rs12148105",0.0354502275586128
"rs12900495",0.0356012284755707
"rs6494291",-0.0477642416954041
"rs6494292",-0.0478514581918716
"rs144278345",0.0670263394713402
"rs117426157",0.0588057301938534
"rs7496758",0.0791677832603455
"rs11638271",-0.0485940165817738
"rs28658138",0.0769281163811684
"rs36021988",0.0208305343985558
"rs11634434",-0.0466792955994606
"rs12899210",0.0359397642314434
"rs10519122",0.0139427222311497
"rs16944364",0.0511792786419392
"rs16944366",0.0540073215961456
"rs7496262",0.104541681706905
"rs2414723",-0.00262577040120959
"rs11071615",-0.047665748745203
"rs67971130",0.0593535453081131
"rs17270983",-0.118398405611515
"rs62008437",-0.118229925632477
"rs16944371",0.105447202920914
"rs17270990",0.0663406252861023
"rs16944372",0.0282460302114487
"rs11635435",-0.112450651824474
"rs7168957",-0.0492360331118107
"rs7169676",-0.0468492917716503
"rs16944374",0.0792329460382462
"rs11071616",-0.0472716279327869
"rs74395195",0.106007106602192
"rs8035920",0.038082305341959
"rs7497004",-0.0467409007251263
"rs10519120",0.0116865858435631
"rs12899273",-0.100735083222389
"rs11639487",-0.047576442360878
"rs7183783",-0.0485894456505775
"rs12900276",-0.100774824619293
"rs2414702",0.101771406829357
"rs7167077",0.101771153509617
"rs28478629",0.0776374936103821
"rs7165766",0.102194897830486
"rs28706156",0.0796282216906548
"rs7166324",-0.0471865236759186
"rs7167891",-0.0471858084201813
"rs17303649",0.0447168275713921
"rs7166567",-0.0475724786520004
"rs7171452",0.0335005186498165
"rs16944385",0.0806202366948128
"rs8032888",0.0634051635861397
"rs117873307",0.0139372516423464
"rs7173319",0.0251518283039331
"rs7179361",0.025839988142252
"rs16944389",0.0802226439118385
"rs16944393",0.102264188230038
"rs62008438",-0.204144656658173
"rs28620077",0.10226159542799
"rs72745743",0.0653104558587074
"rs61634381",0.063439629971981
"rs17237901",0.0139454575255513
"rs17237908",0.0256210900843143
"rs28431446",0.0802149623632431
"rs68180662",0.0634533539414406
"rs34571590",0.030665822327137
"rs28415342",0.0810994803905487
"rs16944395",0.063376672565937
"rs6494293",0.103224031627178
"rs8030370",0.102335453033447
"rs4774410",-0.0479696542024612
"rs11071617",-0.126681104302406
"rs8036311",0.102260604500771
"rs8035133",0.0803366601467133
"rs16944408",0.0117569845169783
"rs28503897",0.102295324206352
"rs7180886",-0.0477940142154694
"rs77869828",0.036922063678503
"rs77394992",0.0118097327649593
"rs56400908",-0.00913139618933201
"rs7182943",0.0994832217693329
"rs7183143",0.0634342581033707
"rs7182531",0.071739174425602
"rs7182661",0.0360571965575218
"rs7183692",0.0787720754742622
"rs3848122",0.0503749847412109
"rs28442006",0.0505624897778034
"rs139059398",0.107158109545708
"rs11634723",-0.12059785425663
"rs7168305",0.0450649671256542
"rs7174133",0.111584931612015
"rs16944426",0.106793858110905
"rs76622675",0.106814064085484
"rs7175667",-0.00188644556328654
"rs7178929",0.0822529718279839
"rs2414703",-0.0478729605674744
"rs72745747",0.065244048833847
"rs139097940",0.021404217928648
"rs143097999",0.0180116686969995
"rs2414704",-0.0483608208596706
"rs16944432",0.062760703265667
"rs117675891",0.107258230447769
"rs12901380",-0.0488709434866905
"rs2899668",0.114437036216259
"rs11854700",-0.12860506772995
"rs28765509",0.0731750950217247
"rs11071618",0.073159284889698
"rs77410935",0.0642115250229836
"rs28877426",0.0831913501024246
"rs72745750",0.0485749877989292
"rs2414705",-0.12167602032423
"rs118103489",0.00350372958928347
"rs2414706",0.0717464834451675
"rs2414707",0.0841857641935349
"rs34020641",0.0241930149495602
"rs35790860",0.0168700106441975
"rs80291142",0.0182733368128538
"rs2414708",-0.170393913984299
"rs146373368",0.0482932589948177
"rs2001891",0.144962877035141
"rs11634632",0.0493371151387691
"rs7166435",-0.108500868082047
"rs2143",-0.234016418457031
"rs11857393",-0.27937525510788
"rs2414713",-0.280476480722427
"rs11637386",0.17683045566082
"rs11632744",0.18026839196682
"rs55835453",0.181573376059532
"rs12915907",-0.109440073370934
"rs2414714",-0.103593774139881
"rs12439454",0.184183552861214
"rs28451920",0.184469103813171
"rs28375544",0.18673837184906
"rs11071621",-0.102072782814503
"rs12898360",0.0706636905670166
"rs10431798",-0.111773356795311
"rs10431764",-0.0994104519486427
"rs4265754",-0.103613913059235
"rs75002589",0.0720592141151428
"rs2414701",-0.103498488664627
"rs118051140",0.043088510632515
"rs3848123",-0.0994058698415756
"rs3858893",-0.098831869661808
"rs3959691",-0.100861743092537
"rs2414700",-0.10007556527853
"rs72745755",0.0718782246112823
"rs2414699",-0.102877490222454
"rs7164716",0.102943003177643
"rs4775421",-0.0999935492873192
"rs8030661",-0.100674688816071
"rs4775422",-0.09979497641325
"rs2414698",-0.0996893271803856
"rs2414697",-0.099200040102005
"rs4316695",-0.0994409695267677
"rs2414696",-0.0994562953710556
"rs62010568",0.192676320672035
"rs8033910",-0.102382972836494
"rs3858894",-0.104095458984375
"rs7170123",-0.100392214953899
"rs11071623",-0.106019094586372
"rs151299197",0.0569182746112347
"rs4304962",-0.105045422911644
"rs4511472",-0.104439459741116
"rs1962381",-0.101300343871117
"rs4350523",-0.101557582616806
"rs8030765",-0.10114274173975
"rs12324199",-0.0975624993443489
"rs2414732",-0.10135368257761
"rs7177942",-0.1015879586339
"rs147243229",0.0791845247149467
"rs12913707",-0.107345797121525
"rs72745765",-0.0965137779712677
"rs28459339",-0.110688403248787
"rs56187701",-0.196405410766602
"rs3959693",-0.107009507715702
"rs2414731",-0.106978610157967
"rs2414730",-0.107037216424942
"rs2414729",-0.106450870633125
"rs2414728",-0.128921985626221
"rs2414727",-0.12940776348114
"rs2414726",0.111497662961483
"rs7167200",0.0365437529981136
"rs7167200",-0.0382803231477737
"rs7167207",-0.0201446376740932
"rs7167037",-0.041910395026207
"rs4316696",-0.115213640034199
"rs2245853",0.0990877971053123
"rs4324075",-0.0521174892783165
"rs150896532",-0.262784510850906
"rs139232701",0.0504432208836079
"rs138732793",0.0214808266609907
"rs117138525",0.0515487305819988
"rs2246250",0.132270261645317
"rs117766547",0.0418463163077831
"rs7166259",-0.100078225135803
"rs2246567",0.133996948599815
"rs7177971",-0.100029692053795
"rs12900025",-0.199209496378899
"rs72745767",-0.100041896104813
"rs117407320",0.0520883612334728
"rs16944466",-0.100040778517723
"rs4775425",-0.201103180646896
"rs2443058",0.196985125541687
"rs12438742",-0.199797660112381
"rs876735",-0.116492360830307
"rs10851698",0.190353199839592
"rs11071624",0.0501826368272305
"rs10851699",0.190311908721924
"rs75147309",-0.337759763002396
"rs7181627",-0.0999869555234909
"rs2245477",0.253342151641846
"rs7180877",-0.100044675171375
"rs2245488",-0.183346912264824
"rs8041429",-0.100045159459114
"rs72745769",-0.100033633410931
"rs2245597",-0.184738591313362
"rs3985694",0.179526910185814
"rs72745770",-0.100130975246429
"rs4775426",-0.194518342614174
"rs4775427",-0.201077356934547
"rs117458067",0.0630738288164139
"rs118114900",-0.169964343309402
"rs2245787",0.188616380095482
"rs72745772",-0.100130051374435
"rs4143632",0.196141675114632
"rs2245899",0.1921226978302
"rs4775428",-0.133628964424133
"rs2264283",0.133906349539757
"rs8024281",0.182143747806549
"rs117546399",0.0683941394090652
"rs12148597",0.180778846144676
"rs117524474",0.0224828813225031
"rs75066480",0.0729187726974487
"rs2260129",0.191474869847298
"rs3848125",-0.19485741853714
"rs72745775",-0.116964690387249
"rs75015991",0.0558395497500896
"rs2249193",0.196907803416252
"rs2249194",0.196950972080231
"rs2249195",0.199788421392441
"rs2249197",0.196903571486473
"rs10519127",-0.196683660149574
"rs2249312",0.187331095337868
"rs138242310",0.0539423488080502
"rs75112590",0.0504576340317726
"rs12440800",0.187495574355125
"rs72745777",-0.110571421682835
"rs10519128",-0.116838656365871
"rs2249570",-0.202114418148994
"rs2249669",0.246581584215164
"rs2249682",0.243131756782532
"rs2414724",-0.25393882393837
"rs1123682",-0.117133237421513
"rs62007289",0.207183867692947
"rs41481444",0.195994704961777
"rs2249855",0.148567005991936
"rs34904190",0.13395468890667
"rs2249953",0.144171699881554
"rs67783351",-0.250062793493271
"rs75466691",0.0501462705433369
"rs2250037",0.142719581723213
"rs12442116",-0.249919310212135
"rs79725029",0.109312370419502
"rs3985687",0.143951237201691
"rs2250187",0.2963907122612
"rs76743588",0.0704265385866165
"rs2250206",0.297080665826797
"rs184814238",0.0187993291765451
"rs2253081",0.147199437022209
"rs11852569",-0.247064113616943
"rs2253089",0.149097681045532
"rs2253095",0.248298764228821
"rs12437836",-0.247627422213554
"rs9630416",-0.10030122846365
"rs12904593",-0.247480392456055
"rs11071625",0.353210955858231
"rs77638545",-0.240904614329338
"rs72745784",-0.240938544273376
"rs78625057",0.0667891651391983
"rs12906700",-0.286637127399445
"rs116712978",0.0756515190005302
"rs2264288",0.14762482047081
"rs2253696",0.147323444485664
"rs12917300",-0.260078966617584
"rs148388347",-0.0893207490444183
"rs2243601",0.147753790020943
"rs17205092",0.0757561847567558
"rs75705986",0.0823880061507225
"rs2253934",-0.233620882034302
"rs4294759",0.0744466781616211
"rs192240063",0.0388359166681767
"rs2254081",0.147876977920532
"rs2254185",0.147832319140434
"rs78276323",0.11142411082983
"rs16944505",-0.294576853513718
"rs77128569",0.0242454670369625
"rs75593432",0.11025745421648
"rs7169224",-0.37222558259964
"rs2262229",0.153028815984726
"rs2259998",-0.259088456630707
"rs2260971",-0.259357064962387
"rs12592723",-0.365449965000153
"rs17303670",0.082427129149437
"rs75291682",-0.145607456564903
"rs35539490",0.00878821592777967
"rs2255997",0.103972889482975
"rs112592747",0.0658868327736855
"rs149799306",0.0177458692342043
"rs115987053",0.0262426696717739
"rs2414736",-0.355712532997131
"rs11631062",0.255850940942764
"rs2243932",0.344931572675705
"rs12593153",-0.353853285312653
"rs12900778",-0.353234976530075
"rs115912356",0.0262670535594225
"rs11071626",-0.358284652233124
"rs77562036",0.0220633614808321
"rs2414737",0.254447966814041
"rs2264287",0.0154336243867874
"rs2243431",-0.269311636686325
"rs2247231",0.974660277366638
"rs12591242",0.230237022042274
"rs62007292",0.0539962314069271
"rs144775683",0.0188319999724627
"rs2013725",-0.37542513012886
"rs12442351",0.70147830247879
"rs4238360",0.699016511440277
"rs2247693",0.992622077465057
"rs11638973",0.229637563228607
"rs11639048",0.22915954887867
"rs2613109",0.992938816547394
"rs2446804",0.146408900618553
"rs13380413",0.390915513038635
"rs4774417",0.678206980228424
"rs2414739",0.691677927970886
"rs76112659",-0.898857176303864
"rs2243453",0.999858617782593
"rs11853885",-0.90109771490097
"rs77196641",-0.90099710226059
"rs2248032",0.999736070632935
"rs2248041",1
"rs117722155",0.0473395325243473
"rs112468351",-0.496164441108704
"rs719729",-0.901684641838074
"rs74997920",0.151113629341125
"rs149573055",0.0507153607904911
"rs2250980",1
"rs141048015",0.0486256517469883
"rs2251086",1
"rs147516318",0.0758511424064636
"rs4341693",0.692882597446442
"rs190103164",-0.101046144962311
"rs12909676",0.230318650603294
"rs72745793",-0.376007795333862
"rs2264286",0.896269738674164
"rs2899673",-0.352629005908966
"rs4775432",0.290101826190948
"rs2264285",0.311253279447556
"rs28815312",-0.366513013839722
"rs4238361",0.392605632543564
"rs2251318",-0.232416227459908
"rs2251321",0.897007405757904
"rs2243564",0.148283883929253
"rs12911090",0.234139457345009
"rs2446803",0.491450041532516
"rs10519131",-0.889772772789001
"rs60896762",-0.889660775661469
"rs2251748",0.889164447784424
"rs2261069",0.887932002544403
"rs3889108",-0.888587117195129
"rs111972052",-0.375665724277496
"rs3858895",-0.70886617898941
"rs12900375",0.139455527067184
"rs12900380",0.183642163872719
"rs8023735",0.140995532274246
"rs8024354",0.145538508892059
"rs17303677",-0.362973004579544
"rs76684347",-0.806626975536346
"rs752361",-0.410301268100739
"rs149539169",0.0814086496829987
"rs2899674",-0.408283710479736
"rs4517727",0.135686263442039
"rs12917401",-0.40579691529274
"rs12899391",0.140155702829361
"rs11853389",-0.408006340265274
"rs76744296",-0.80926513671875
"rs76113693",-0.80920684337616
"rs12910101",-0.411639124155045
"rs77440044",-0.802702128887177
"rs77461666",-0.802465081214905
"rs78295319",-0.802456319332123
"rs12916842",-0.393503040075302
"rs7181434",0.0275561846792698
"rs7180530",-0.765776395797729
"rs74018586",0.0274224374443293
"rs10152577",0.0801067352294922
"rs58409234",0.0275347698479891
"rs11857188",-0.800835490226746
"rs11857274",-0.407593309879303
"rs74018587",0.0470593869686127
"rs78874679",0.025022903457284
"rs12907979",-0.407827109098434
"rs7177551",-0.392164558172226
"rs7177718",-0.392693281173706
"rs12913453",0.147120893001556
"rs71411462",0.0263255182653666
"rs7183727",-0.392353743314743
"rs7183554",-0.392573624849319
"rs72745798",-0.233890041708946
"rs139811823",-0.265631407499313
"rs2414742",-0.802300333976746
"rs8028149",-0.428385078907013
"rs117703344",0.088487520813942
"rs74628602",-0.777393460273743
"rs8040690",-0.660861968994141
"rs8039985",-0.701199948787689
"rs6494294",-0.340117335319519
"rs111336997",0.0727452114224434
"rs118033324",0.0488058365881443
"rs75247521",-0.776507258415222
"rs7164221",-0.349811255931854
"rs2414743",-0.338458061218262
"rs10431799",0.0366338305175304
"rs1047470",0.154020622372627
"rs1047471",-0.770086526870728
"rs878836",-0.769782602787018
"rs2242025",0.0366894416511059
"rs12909108",0.154240772128105
"rs12914538",0.154226258397102
"rs191108515",0.0477520413696766
"rs878835",0.036710936576128
"rs17303684",0.0367118529975414
"rs3959694",0.0356419794261456
"rs112960409",0.044930599629879
"rs117071059",0.0649367794394493
"rs2899675",-0.354045182466507
"rs12900314",-0.354041635990143
"rs12901234",0.153528660535812
"rs7168684",-0.659452378749847
"rs7168148",-0.724319517612457
"rs12907123",0.153161659836769
"rs73416756",-0.724295139312744
"rs76631990",0.09859948605299
"rs111636832",-0.723770618438721
"rs113414611",-0.723210871219635
"rs17303698",0.0359792523086071
"rs17303705",-0.658225536346436
"rs7179814",0.152935206890106
"rs11855705",-0.723220109939575
"rs17237950",0.0360257253050804
"rs17237957",0.036727998405695
"rs7170814",-0.338039755821228
"rs112603284",0.0361955463886261
"rs78802881",0.151432037353516
"rs2414744",0.161563664674759
"rs74719119",0.0849404036998749
"rs74372480",0.0361661463975906
"rs8027240",-0.33846390247345
"rs8027589",0.152887910604477
"rs76264261",0.0364247262477875
"rs7172756",-0.770168244838715
"rs147304542",0.0728012695908546
"rs113680385",0.0355730541050434
"rs72747807",0.0509118922054768
"rs8039022",-0.252025812864304
"rs8043433",0.161347568035126
"rs77161243",0.0693531408905983
"rs12901491",0.153736248612404
"rs8025688",-0.329435914754868
"rs74527807",0.0362886413931847
"rs192004842",-0.0885197445750237
"rs111569687",0.0361830405890942
"rs118124457",0.0361760519444942
"rs8030646",-0.329655885696411
"rs8029684",0.167411223053932
"rs111655324",0.0361792854964733
"rs4499182",0.165732026100159
"rs12101505",-0.239833638072014
"rs117499428",0.0636365860700607
"rs8041905",-0.228461027145386
"rs8041005",-0.242500811815262
"rs12898457",0.029878893867135
"rs2243618",-0.240925565361977
"rs75839439",-0.644849836826324
"rs73416793",-0.727916717529297
"rs2414745",-0.250760614871979
"rs2414746",-0.242809474468231
"rs34031011",0.0299266502261162
"rs8032851",0.153985545039177
"rs11854281",-0.724728941917419
"rs118139822",0.0358417704701424
"rs8039554",-0.32762411236763
"rs113709219",0.035832442343235
"rs113289738",0.0275140143930912
"rs139439215",0.0358307436108589
"rs7173251",0.16098316013813
"rs17237964",0.0337719134986401
"rs78848537",0.0347926765680313
"rs11854497",-0.636093556880951
"rs77565009",0.0354625172913074
"rs111658120",0.0357983000576496
"rs6494295",-0.319143533706665
"rs74571778",0.0358390212059021
"rs112304034",0.0370611473917961
"rs76426974",-0.725287914276123
"rs16944568",-0.587367057800293
"rs117420939",0.0438423119485378
"rs76785426",-0.722521185874939
"rs77459529",-0.634491384029388
"rs142826255",0.0364040248095989
"rs112797795",0.0285265818238258
"rs8041412",-0.323876738548279
"rs4288942",-0.324042439460754
"rs12323968",0.153511583805084
"rs6494296",-0.325425148010254
"rs11856842",-0.679690659046173
"rs11853350",-0.325331836938858
"rs113290496",0.028323570266366
"rs11854135",-0.247679173946381
"rs12910688",-0.263127654790878
"rs2414748",-0.229690909385681
"rs11857925",-0.243053838610649
"rs77366442",0.0430806875228882
"rs17271095",0.154065310955048
"rs74336909",0.0339464992284775
"rs4594200",-0.224854290485382
"rs77922934",0.054621160030365
"rs12902999",-0.256974726915359
"rs8026073",0.0543026700615883
"rs75176326",0.0546192266047001
"rs12903441",-0.258500784635544
"rs77546359",0.0546167381107807
"rs17303726",-0.718915641307831
"rs7178749",-0.309530287981033
"rs7179138",-0.304186791181564
"rs111868456",0.0355502888560295
"rs111247154",0.0354345925152302
"rs74697349",0.0363781787455082
"rs8028558",-0.224990367889404
"rs35040435",0.0413775593042374
"rs12905291",0.147071957588196
"rs59586838",0.0331346839666367
"rs28444822",0.0362040959298611
"rs151017750",0.0460765063762665
"rs12172834",0.0329161286354065
"rs4359383",-0.652815818786621
"rs12917224",0.0373006127774715
"rs2414749",-0.241040289402008
"rs62007321",0.109744556248188
"rs12900235",0.164167016744614
"rs17237977",0.0328003950417042
"rs7172739",-0.299936860799789
"rs7172922",-0.312644273042679
"rs11857468",0.156149938702583
"rs17237984",0.130919814109802
"rs8023336",-0.304166048765182
"rs8024668",-0.30220952630043
"rs8023376",-0.304651290178299
"rs76275140",-0.650545120239258
"rs11853781",-0.310101181268692
"rs28728079",0.0338074490427971
"rs7175523",-0.307386815547943
"rs76066585",0.0368810594081879
"rs113892667",0.0360241532325745
"rs2899676",-0.328528076410294
"rs726754",-0.306816965341568
"rs726755",-0.306814134120941
"rs138862447",0.0115845762193203
"rs8042969",-0.328210651874542
"rs8026343",0.0340266861021519
"rs8026248",0.050045195966959
"rs8026452",0.0344233475625515
"rs12903399",-0.299099415540695
"rs12904934",-0.310995191335678
"rs74949234",0.0796578302979469
"rs7171455",0.155965104699135
"rs185736603",0.0430243834853172
"rs12909308",0.163250386714935
"rs113609726",0.0463938191533089
"rs77437923",-0.549765825271606
"rs78286627",0.0412788651883602
"rs145400147",0.0361903198063374
"rs12907612",-0.297023862600327
"rs112114041",0.080827996134758
"rs11071628",0.26796481013298
"rs145386876",-0.0240111630409956
"rs148006216",0.0361319705843925
"rs75642179",-0.687102556228638
"rs75081917",0.0413063280284405
"rs74601427",-0.701153159141541
"rs17303740",-0.6426722407341
"rs79899071",-0.703829526901245
"rs7342610",-0.300318121910095
"rs55927532",-0.640137612819672
"rs59860209",-0.640062272548676
"rs77763799",-0.563866674900055
"rs76137417",-0.563836693763733
"rs76394989",0.0395826511085033
"rs6494297",-0.308555752038956
"rs7342668",-0.652778387069702
"rs11855329",-0.655855238437653
"rs11858898",-0.652718722820282
"rs12911496",0.15892505645752
"rs76156179",0.0737299397587776
"rs12898793",0.167589440941811
"rs76279900",0.0582837387919426
"rs79119974",0.0362073481082916
"rs146050328",0.0161774773150682
"rs2414751",-0.651040554046631
"rs4293320",-0.313732653856277
"rs8182045",0.0353977754712105
"rs8182046",0.0345333777368069
"rs17238005",0.0352352783083916
"rs16953454",0.158696502447128
"rs17238012",0.03107382170856
"rs28800247",-0.302184551954269
"rs143541999",0.0425165072083473
"rs72747819",0.0502795204520226
"rs4541015",-0.2086211591959
"rs2414752",0.150293350219727
"rs118084115",0.04213672503829
"rs13379935",0.0673407986760139
"rs12898759",0.149917736649513
"rs12901879",0.148901283740997
"rs12901633",-0.209112212061882
"rs35033959",0.156707286834717
"rs67017880",0.156125143170357
"rs73426726",0.0325157344341278
"rs11855702",-0.508576512336731
"rs77513701",0.0363449677824974
"rs11853342",-0.633324801921844
"rs78494976",-0.545499444007874
"rs56680165",0.141069635748863
"rs35169602",0.105553232133389
"rs10519137",0.181013971567154
"rs7178911",0.0686433762311935
"rs12591350",0.130612775683403
"rs12591292",0.132228925824165
"rs7162205",0.131940826773643
"rs1981918",-0.156397014856339
"rs34822895",0.132378071546555
"rs11071629",0.0682132318615913
"rs71411464",0.132103204727173
"rs11631621",0.0688953474164009
"rs11631588",0.0677297189831734
"rs34118810",0.132383316755295
"rs4775435",0.317062258720398
"rs17238047",-0.590953946113586
"rs117287275",0.012910527177155
"rs79684076",0.131698772311211
"rs10851700",0.316692620515823
"rs1034479",-0.154778748750687
"rs12917223",0.132047325372696
"rs13379934",0.143861040472984
"rs35707848",0.132081568241119
"rs34716044",0.143947586417198
"rs75178723",-0.581073939800262
"rs12898383",0.131975084543228
"rs116961322",0.0575119741261005
"rs11630921",0.0814494118094444
"rs12903472",0.133336812257767
"rs11071630",-0.241882637143135
"rs12903374",0.133162185549736
"rs1425269",-0.157048568129539
"rs1863265",0.036487802863121
"rs7171833",0.143795862793922
"rs2059469",-0.0238561145961285
"rs2059468",-0.15620556473732
"rs2059467",-0.27885764837265
"rs2059466",0.121481083333492
"rs4775436",0.0302936285734177
"rs17271123",0.0819827616214752
"rs79471529",0.0616674683988094
"rs62007323",-0.0725281685590744
"rs62007324",-0.103205963969231
"rs117443378",0.0865328013896942
"rs143840925",0.0360596552491188
"rs1425268",-0.0526319295167923
"rs7179559",-0.0650287121534348
"rs11634214",-0.0648364275693893
"rs1425267",0.0248207431286573
"rs1425266",-0.00607442576438189
"rs12901220",-0.00577179761603475
"rs56820588",0.0214831586927176
"rs2042607",0.02760293148458
"rs62007326",0.00327568547800183
"rs56327319",0.0803445801138878
"rs28470608",0.0230452511459589
"rs73426775",0.0804677084088326
"rs117780881",0.0291734449565411
"rs1559674",-0.0807134211063385
"rs117618886",0.0307154841721058
"rs1107785",0.0404319278895855
"rs6494298",-0.0231246799230576
"rs56659994",0.05428671464324
"rs149523850",0.0394621007144451
"rs880151",0.135191142559052
"rs62007327",-0.150719881057739
"rs1863263",0.0117582706734538
"rs880150",0.0119083439931273
"rs2113931",-0.0610247999429703
"rs8023787",0.134452983736992
"rs11853074",0.133686110377312
"rs76150334",0.0310072489082813
"rs140678209",0.037573017179966
"rs12907856",0.130631074309349
"rs60150299",0.133707001805305
"rs10851701",0.0860439017415047
"rs8033221",0.00880010798573494
"rs191323998",0.0413273200392723
"rs146887890",0.0425735004246235
"rs10851702",0.00962364580482244
"rs17303803",-0.0078779561445117
"rs8023523",-0.11541485786438
"rs141732501",0.0358884036540985
"rs11853774",-0.009927230887115
"rs1863264",-0.0762235149741173
"rs8034714",0.0365699008107185
"rs11637925",0.0361908338963985
"rs11637926",0.0363448224961758
"rs73426793",-0.0506146959960461
"rs28668218",0.0767559111118317
"rs11639324",-0.131406933069229
"rs11852251",0.0337434560060501
"rs190455555",0.0340381041169167
"rs4774419",-0.106290601193905
"rs8026228",0.0730845853686333
"rs8026411",-0.0270622931420803
"rs4774420",-0.0845006555318832
"rs77260315",-0.213234439492226
"rs875513",-0.0837677717208862
"rs12439835",-0.0760372951626778
"rs12439912",-0.0766648203134537
"rs4774421",-0.0874857529997826
"rs117479103",0.0366824492812157
"rs75375709",0.0104467803612351
"rs17205183",0.0674947053194046
"rs55939994",-0.077478788793087
"rs4775438",-0.0390379652380943
"rs55956721",-0.0778721496462822
"rs148639659",-0.043714065104723
"rs8023607",-0.0273058097809553
"rs12438629",-0.0280657690018415
"rs12906499",0.0626246109604836
"rs76089582",0.0354973673820496
"rs35193906",0.0613892935216427
"rs12437560",-0.0767502263188362
"rs187706919",0.0271330196410418
"rs4775440",0.0457745082676411
"rs8026735",-0.0469660200178623
"rs28755956",0.00986328721046448
"rs189362035",0.0324280224740505
"rs7179032",-0.000814516562968493
"rs16944662",0.0351583175361156
"rs11635438",-0.000311887823045254
"rs9788653",-0.0156996995210648
"rs75856736",-0.00821958854794502
"rs12901956",-0.0633055344223976
"rs60540251",0.0124425273388624
"rs17205197",-0.0586931928992271
"rs933808",0.0329551920294762
"rs4775441",0.00210037594661117
"rs748669",-0.0167328901588917
"rs35370724",-0.0586997270584106
"rs748667",0.0710327550768852
"rs17271144",-0.048726674169302
"rs4774422",-0.0163357704877853
"rs12898715",0.0496556796133518
"rs9788635",0.0384875424206257
"rs12898859",0.0498502664268017
"rs77416319",0.0129509530961514
"rs17303831",-0.0153505057096481
"rs77530147",-0.0594461336731911
"rs79354718",-0.0100771300494671
"rs12911388",-0.0622447021305561
"rs142337110",-0.0155260702595115
"rs117221088",0.0428996607661247
"rs77511263",0.0124690383672714
"rs148687166",-0.0513696856796741
"rs190434745",0.0312089435756207
"rs4774423",0.0117698693647981
"rs12441791",-0.0141545841470361
"rs72747848",-0.0120014362037182
"rs74640137",0.026466840878129
"rs12441436",-0.014269532635808
"rs5813121",-0.0142618231475353
"rs17271151",0.033293716609478
"rs79505738",0.0371097438037395
"rs34388644",0.0497445836663246
"rs1000598",0.034015454351902
"rs79340066",0.0465946979820728
"rs72747849",-0.0161853153258562
"rs72747851",-0.221298858523369
"rs72747852",-0.0162669159471989
"rs141365560",-0.18285708129406
"rs72747853",-0.0162284411489964
"rs76760079",0.0112499613314867
"rs11555593",0.0390575788915157
"rs11555596",0.0390385016798973
"rs17238096",0.039054062217474
"rs62007357",0.0365311317145824
"rs2241492",-0.0328557528555393
"rs1052306",0.0390737801790237
"rs35764401",0.0390508361160755
"rs3743297",0.0123019106686115
"rs17238110",-0.0162041466683149
"rs76216679",-0.0109569793567061
"rs187121516",0.0362940356135368
"rs17205225",0.0334233827888966
"rs72747855",-0.0160537827759981
"rs72747855",0.00126721756532788
"rs62009074",0.0390568301081657
"rs72747856",-0.0160718075931072
"rs77716404",0.0172403100878
"rs74752297",0.0650204569101334
"rs12917238",-0.0572174824774265
"rs11629851",0.0391427502036095
"rs11635880",0.0391005277633667
"rs1559673",-0.0160127952694893
"rs8034185",0.0334425568580627
"rs4775446",-0.0162382014095783
"rs17303866",-0.0160191915929317
"rs17303873",-0.0160225573927164
"rs12915283",0.0391290672123432
"rs17238127",-0.0161093398928642
"rs117034192",0.0207233801484108
"rs12901481",0.0339688993990421
"rs12591667",-0.0161112733185291
"rs11636652",0.0391133204102516
"rs145642983",0.0500674769282341
"rs8032681",0.0124177606776357
"rs12908081",0.0128346011042595
"rs11638455",0.0390683263540268
"rs11629559",0.0390034504234791
"rs78581319",-0.057293027639389
"rs17303887",0.0390156395733356
"rs17303894",0.0388992428779602
"rs185760837",-0.0186736527830362
"rs138507345",-0.050533689558506
"rs62009076",0.0024056825786829
"rs117221342",0.073093056678772
"rs117369028",0.000952420756220818
"rs150496964",0.0548223070800304
"rs34589937",0.0388511121273041
"rs12708470",0.034009862691164
"rs111564776",-0.0145589588209987
"rs1981916",0.0124717550352216
"rs1981917",0.0121363354846835
"rs4283171",0.0120875593274832
"rs1364809",-0.0162906832993031
"rs2414755",0.0120984315872192
"rs16944673",0.0543953143060207
"rs12901055",0.0390980988740921
"rs3809516",-0.0163328610360622
"rs190649048",-0.0481115765869617
"rs16944676",-0.105162367224693
"rs17271207",0.0343402288854122
"rs72747867",0.0717954337596893
"rs17303915",0.0389120727777481
"rs12442506",-0.01634481549263
"rs12912348",-0.0529908463358879
"rs12442569",-0.016316432505846
"rs12915825",0.0120931640267372
"rs12916268",0.0121013429015875
"rs12902859",0.0390005856752396
"rs12907450",-0.052745595574379
"rs72747868",-0.0163364503532648
"rs188335660",0.0319358594715595
"rs150121611",-0.167234733700752
"rs12439719",-0.0587006509304047
"rs72747869",-0.0162842497229576
"rs12185103",0.0390289984643459
"rs72747870",0.0261908620595932
"rs62009078",0.038969375193119
"rs13379947",0.012463160790503
"rs11629741",0.0388188064098358
"rs148729733",-0.180999130010605
"rs117069473",-0.0336683578789234
"rs146595986",0.0272964145988226
"rs34796280",0.0389019697904587
"rs62009082",0.0389619916677475
"rs71411468",0.0390728674829006
"rs72747874",-0.0162547416985035
"rs71411469",0.0390020944178104
"rs28814609",0.0116631789132953
"rs77862848",0.0367662645876408
"rs75917862",-0.0160876531153917
"rs145582500",0.0313216224312782
"rs117148762",0.0722322463989258
"rs36056548",0.0390583276748657
"rs34516157",-0.0160959288477898
"rs184284123",0.0292500127106905
"rs11631970",0.0339743718504906
"rs9920256",0.0117179788649082
"rs12441358",-0.0162191316485405
"rs12907534",0.0389039367437363
"rs149663645",-0.10345433652401
"rs78469900",0.0612985529005527
"rs35607089",0.0389581099152565
"rs34435758",0.0390912257134914
"rs79855776",0.0265348590910435
"rs80310505",0.00643908604979515
"rs72747879",0.0266408231109381
"rs75101458",0.0113576399162412
"rs182467307",0.0217396672815084
"rs78579533",0.0339068472385406
"rs12906423",0.013824163004756
"rs11637606",0.0390448048710823
"rs35984535",0.0390322171151638
"rs28718088",0.0115867452695966
"rs28373613",0.00886874459683895
"rs75685403",0.0266285799443722
"rs12911303",0.0524700097739697
"rs77730888",0.0547041818499565
"rs62009106",0.0390618331730366
"rs143487448",0.0266334917396307
"rs117238086",-0.086672455072403
"rs72747885",0.0325760990381241
"rs7177538",0.0266677364706993
"rs72747887",-0.210003152489662
"rs11071640",0.0390163324773312
"rs4775452",0.0267761442810297
"rs4774426",0.0266849678009748
"rs963023",0.0266129821538925
"rs963024",-0.00921746902167797
"rs12911564",-0.0130231082439423
"rs74347726",0.0266822427511215
"rs17238189",0.026666946709156
"rs117370162",0.0436361543834209
"rs11635569",0.00838648993521929
"rs77733354",0.0427555330097675
"rs12907567",0.0386618748307228
"rs140232275",0.0111804874613881
"rs34853395",0.0389184318482876
"rs144005660",0.00957927387207747
"rs72747891",0.0307561177760363
"rs9920006",0.0116274766623974
"rs72747892",0.0463142096996307
"rs4775453",-0.0127217890694737
"rs77585482",0.0388386435806751
"rs118100937",0.0524793490767479
"rs79650274",-0.0603081434965134
"rs117532109",0.0369842536747456
"rs10459634",-0.0503056757152081
"rs9788739",0.0263676214963198
"rs28440175",0.0121794594451785
"rs62009109",0.0391007177531719
"rs75341202",0.0343975499272346
"rs11637967",0.0390686057507992
"rs148713408",0.0346128456294537
"rs73430416",0.011614185757935
"rs16944686",0.0346106812357903
"rs34486946",0.0392323136329651
"rs72747895",0.0267676562070847
"rs34997975",0.039227407425642
"rs72747896",0.0269245710223913
"rs78071599",0.0414698384702206
"rs12439027",0.026789577677846
"rs11632425",0.00490304874256253
"rs2113935",0.0267828125506639
"rs150213751",-0.169569581747055
"rs139733531",0.0405311323702335
"rs139468843",0.0308493487536907
"rs8030161",0.0266736298799515
"rs17238210",0.0266738571226597
"rs12232347",0.0266719628125429
"rs957348",0.0389822870492935
"rs10519144",0.0265127439051867
"rs141959092",0.0341381058096886
"rs17271256",0.0331201143562794
"rs35523559",0.0388671420514584
"rs62009158",0.0361706800758839
"rs75578770",-0.0527637042105198
"rs34234705",0.0393812023103237
"rs8042267",0.0117335831746459
"rs36004142",0.038923405110836
"rs12905103",0.0389331951737404
"rs12594396",0.0265478678047657
"rs12905403",0.0389329679310322
"rs28513564",0.0110048176720738
"rs34879907",0.0229636505246162
"rs72747901",0.0263251215219498
"rs7170293",-0.0167187508195639
"rs72749703",0.0265275333076715
"rs143806793",-0.107523933053017
"rs1425270",-0.0205942671746016
"rs17303989",0.0115269124507904
"rs7166891",-0.0163848176598549
"rs76905147",0.0741739645600319
"rs7172145",-0.0164394453167915
"rs62007764",0.0390353687107563
"rs4587915",-0.0204951725900173
"rs12912477",0.039223063737154
"rs149492169",0.0301143731921911
"rs72749709",0.0532033890485764
"rs11629598",0.0390356741845608
"rs12901735",0.0390192717313766
"rs17238245",0.0115783186629415
"rs17271263",0.0664209201931953
"rs181644846",0.037152498960495
"rs62007765",0.0358360670506954
"rs75338219",0.0478886999189854
"rs11629900",0.038767259567976
"rs8027751",-0.0130357155576348
"rs117624378",0.0396061912178993
"rs74434137",0.0339301265776157
"rs146029784",0.0187176167964935
"rs62007767",0.0249411724507809
"rs35710673",0.0205356162041426
"rs5006593",-0.0131845455616713
"rs8034914",-0.00641370378434658
"rs12898423",-0.0128580266609788
"rs62007768",0.0391423664987087
"rs2303405",0.0383078083395958
"rs12915585",0.038900226354599
"rs3784635",-0.0156311485916376
"rs75051100",0.0121109858155251
"rs150905159",0.0240744967013597
"rs36055710",0.0582557804882526
"rs12594218",-0.0175885409116745
"rs11071644",0.0434158071875572
"rs28720854",0.0118167689070106
"rs148822266",0.0220196805894375
"rs34775795",0.00265498831868172
"rs77578461",0.00268703931942582
"rs11071645",-0.0375911109149456
"rs978141",0.0388566888868809
"rs28758709",0.011836969293654
"rs28654580",0.0118036707863212
"rs72749724",0.0268958285450935
"rs74395814",0.0863076448440552
"rs2162061",-0.0346205495297909
"rs35633657",0.0493142195045948
"rs12901036",0.0492560714483261
"rs8033347",-0.0172570738941431
"rs34646089",0.0388643145561218
"rs117987072",-0.0824298113584518
"rs138803918",0.0103035354986787
"rs149604048",0.0322547405958176
"rs11071646",-0.0185945574194193
"rs72749730",0.0356671325862408
"rs115871350",0.0317122228443623
"rs17271291",0.043194442987442
"rs193067565",0.0368483997881413
"rs71411473",-0.0480493158102036
"rs3784631",0.011852391064167
"rs71411474",0.0201883912086487
"rs11631273",0.0389504171907902
"rs72749733",-0.0160103756934404
"rs28708564",0.0117789776995778
"rs190083736",0.0259160622954369
"rs28403096",0.0118122110143304
"rs28850690",-0.0590641498565674
"rs34556569",0.0432198122143745
"rs28810829",0.0118148876354098
"rs117151401",0.0205511804670095
"rs147991541",-0.0497899167239666
"rs34042779",0.0432886332273483
"rs28411845",0.0118593676015735
"rs28721460",0.0118616679683328
"rs62007791",0.0432973131537437
"rs71411475",0.047886073589325
"rs35259011",0.0433363020420074
"rs34257602",0.0390179008245468
"rs116969701",0.0356681160628796
"rs12905264",0.0433953143656254
"rs8034335",0.0163295138627291
"rs8034216",0.016244787722826
"rs62006964",0.0392683260142803
"rs28675743",-0.111928068101406
"rs117371774",0.0431333929300308
"rs112300589",-0.209672763943672
"rs116506228",-0.21000437438488
"rs72749739",0.0647605508565903
"rs34424197",0.0434158556163311
"rs34445138",0.0412190295755863
"rs78165219",0.0319827981293201
"rs139871149",0.0375650227069855
"rs72749742",0.0192539431154728
"rs112732813",0.0550834909081459
"rs28553330",0.0123467165976763
"rs34933463",0.040752537548542
"rs72749744",-0.0243644509464502
"rs72749745",0.0353381782770157
"rs28650099",0.0115097733214498
"rs73414700",0.0115134529769421
"rs13329547",-0.0589043758809566
"rs62006969",0.0449530705809593
"rs11634077",0.0422336719930172
"rs13329329",0.011516603641212
"rs13329639",0.0115714389830828
"rs149847434",0.0196722596883774
"rs140246476",0.0116481743752956
"rs140900010",0.0437513627111912
"rs8030433",-0.0352426841855049
"rs575611563",0.0368793047964573
"rs8031359",-0.0275517255067825
"rs9635356",-0.0261665489524603
"rs188454073",0.0228019338101149
"rs11632560",0.0408052615821362
"rs79125820",-0.0612146519124508
"rs78621006",-0.0462434403598309
"rs141472573",-0.0135142505168915
"rs79171649",0.0112558314576745
"rs12916410",0.0408225767314434
"rs28367150",0.0116497948765755
"rs28408506",0.0115973195061088
"rs78972244",0.0340618006885052
"rs34173668",0.0447941794991493
"rs117696749",-0.0367290042340755
"rs117929248",0.0605585239827633
"rs28493143",0.0115911355242133
"rs11629645",0.0448434837162495
"rs147630607",0.0434790775179863
"rs142192371",0.0314814150333405
"rs8027343",0.0115959905087948
"rs150012613",0.0115543194115162
"rs146781456",0.0115554314106703
"rs143509176",0.0770409479737282
"rs147147877",0.0113091468811035
"rs35324423",0.0407484136521816
"rs4143844",0.0473473630845547
"rs4143845",0.0406732261180878
"rs725174",0.0115693947300315
"rs12440748",-0.0260090827941895
"rs78822825",0.0604973919689655
"rs36126734",0.040684062987566
"rs34088392",0.040690403431654
"rs75618462",-0.0605215840041637
"rs28664955",0.0116353388875723
"rs12595158",-0.0267350468784571
"rs11639286",0.0406901091337204
"rs34958705",0.0406838022172451
"rs79937630",0.0268268380314112
"rs35592904",-0.0279085263609886
"rs192182942",-0.0141893997788429
"rs111436781",-0.0245774872601032
"rs34017665",0.0420397147536278
"rs72749754",-0.0245587304234505
"rs2414757",-0.0440734885632992
"rs78896245",0.0113689471036196
"rs35967150",0.0014192839153111
"rs12913358",0.0450570434331894
"rs55849672",0.0106296222656965
"rs9920015",0.0116047533228993
"rs28613580",0.0115972077473998
"rs73416527",0.0117206824943423
"rs12439366",-0.0259381774812937
"rs9920581",0.0116173289716244
"rs12911422",0.044363409280777
"rs150373972",-0.0515154711902142
"rs117828795",0.0263213478028774
"rs62007448",0.0442421138286591
"rs75399769",-0.0431113690137863
"rs72749758",0.0444167219102383
"rs76592481",-0.0260207913815975
"rs11634163",2.19955109059811e-05
"rs139884129",-0.204711779952049
"rs8040911",0.0117710698395967
"rs11634312",0.0444225929677486
"rs12909386",0.0450816489756107
"rs17271305",0.000377180520445108
"rs72749761",0.0282879434525967
"rs35119291",0.0450326576828957
"rs72749762",0.0106105245649815
"rs191895471",0.0279429145157337
"rs34548293",0.0207561664283276
"rs149869681",-0.026847442612052
"rs17271312",0.0444404147565365
"rs76989075",0.0608256533741951
"rs17205365",-0.0468866638839245
"rs34311301",0.04366285353899
"rs35057371",-0.0268173478543758
"rs118010093",0.0390751324594021
"rs17238301",0.0107613131403923
"rs12148573",0.0432410426437855
"rs117485916",0.0338297635316849
"rs57422239",0.0117780026048422
"rs75520981",0.0437056683003902
"rs28583709",0.0118743982166052
"rs77082367",-0.0483487024903297
"rs72749763",0.0401376858353615
"rs76797231",-0.0375058017671108
"rs139803793",0.0435692556202412
"rs79842873",-0.0539688616991043
"rs111631263",0.0440710969269276
"rs12917339",0.0434442423284054
"rs189578091",0.0285460315644741
"rs28692770",0.0228948090225458
"rs12909673",0.0434411317110062
"rs35785804",0.0434735529124737
"rs11637599",0.0392620973289013
"rs187736770",0.0337811149656773
"rs145852517",-0.0473835058510303
"rs145095270",0.011454856954515
"rs35168171",0.0398136936128139
"rs73416547",0.0346489325165749
"rs28517433",0.0341205671429634
"rs62007453",0.039225097745657
"rs62007454",0.0432936176657677
"rs34338090",0.038896307349205
"rs12440611",0.018780954182148
"rs11634818",0.0434345677495003
"rs137976626",0.0465804301202297
"rs34391931",0.0428770482540131
"rs62007455",0.0388101637363434
"rs12911068",0.0395993031561375
"rs117382113",-0.0259999055415392
"rs35932993",0.0441629476845264
"rs4775456",0.0189507771283388
"rs62008531",0.0434777587652206
"rs34546531",0.0422330535948277
"rs140801019",0.0271666813641787
"rs79229238",0.0113662388175726
"rs72749772",-0.0262802485376596
"rs72749773",0.0289817303419113
"rs554228959",0.0362081602215767
"rs75798100",0.00172917218878865
"rs189318241",0.00559707684442401
"rs35577653",0.0217313356697559
"rs11633932",0.021668117493391
"rs75980651",0.0619530417025089
"rs10519154",0.018929423764348
"rs17271389",0.0159639939665794
"rs11636682",0.0210302956402302
"rs10519155",0.0210428070276976
"rs10519156",0.0210483446717262
"rs117356452",-0.110843673348427
"rs144047837",0.0187815669924021
"rs148915192",0.0113240480422974
"rs111570246",0.0539255812764168
"rs74829272",-0.0509335286915302
"rs150276849",0.0259777996689081
"rs1436962",-0.0576364025473595
"rs1836995",-0.00648654438555241
"rs12437833",0.0869967415928841
"rs7163194",-0.00103617692366242
"rs7164482",-0.00818253308534622
"rs8030004",-0.0658588036894798
"rs8030027",-0.0680990740656853
"rs12907540",0.053138118237257
"rs12907605",0.0433071218430996
"rs1865930",-0.0663186982274055
"rs17304080",0.0535240471363068
"rs11856607",-0.0663166418671608
"rs17238329",0.0538957752287388
"rs28690513",0.0538959354162216
"rs71411478",0.0534875988960266
"rs8032712",-0.0664658695459366
"rs4775460",0.0534880459308624
"rs4775461",0.0538953579962254
"rs4775462",-0.018077677115798
"rs8033623",-0.0180062931030989
"rs7173337",-0.066495381295681
"rs4775463",0.05403783172369
"rs4775464",0.0536295548081398
"rs16944713",-0.0710174590349197
"rs17238342",0.053712535649538
"rs76744825",-0.0186476968228817
"rs8025500",0.0539371073246002
"rs144221470",0.0186246819794178
"rs8024531",0.0539365261793137
"rs17238349",0.0539409257471561
"rs79239230",0.00985418073832989
"rs11635441",-0.00768238306045532
"rs3985685",-0.0215627700090408
"rs75066362",-0.00480875466018915
"rs149025593",-0.010013384744525
"rs72625749",0.0638767182826996
"rs11858355",-0.00408527534455061
"rs17271458",-0.0182222072035074
"rs7167881",-0.0180801060050726
"rs62008549",0.0246351044625044
"rs1370176",-0.0270199812948704
"rs145515143",0.0371647141873837
"rs7180689",0.01137157343328
"rs55799646",-0.0719925090670586
"rs7179885",0.0536940954625607
"rs138287406",0.0260706730186939
"rs8030016",-0.0192468594759703
"rs8030240",0.010849142447114
"rs16944721",-0.0748941376805305
"rs138586755",0.0261376369744539
"rs16944723",-0.0191182736307383
"rs2083013",-0.0191595517098904
"rs62008553",0.0334043800830841
"rs4775468",0.0530174225568771
"rs11637605",-0.0749708488583565
"rs11632490",-0.0749246850609779
"rs117809403",0.0410455837845802
"rs11633943",-0.0634499862790108
"rs16944725",-0.0729012563824654
"rs1370173",0.0535731725394726
"rs11630288",-0.0548078715801239
"rs1436955",0.0149760786443949
"rs1436954",0.0147981010377407
"rs138710289",-0.173618122935295
"rs17205498",-0.0151972649618983
"rs76529333",0.0288905743509531
"rs12912130",0.0532029829919338
"rs12911635",0.0532015264034271
"rs56172036",-0.0490410067141056
"rs12916547",0.0535815097391605
"rs139232930",-0.0158527139574289
"rs139442158",0.0062873400747776
"rs12917111",0.0533088706433773
"rs8041156",-0.0488451421260834
"rs2414760",-0.015109303407371
"rs2141376",-0.0151019804179668
"rs7182033",-0.0924404263496399
"rs11630761",0.00225711101666093
"rs114528254",-0.00852116011083126
"rs11071653",-0.0151191502809525
"rs112388503",-0.015109802596271
"rs62008555",0.0309775434434414
"rs188197028",0.0116160186007619
"rs8032416",-0.0308542214334011
"rs10851709",-0.0153404017910361
"rs57994782",0.0651513934135437
"rs181922921",0.0270498469471931
"rs17304087",0.0525455176830292
"rs9806383",0.016183553263545
"rs12908362",0.0532096996903419
"rs920179",0.0531776323914528
"rs920178",-0.0364771038293839
"rs920177",0.0108446469530463
"rs1436953",-0.0366100445389748
"rs11636143",-0.0496383011341095
"rs56285163",0.0272208731621504
"rs4474658",-0.0354680567979813
"rs11637496",-0.0509468764066696
"rs6494309",-0.0365776345133781
"rs6494310",-0.0365693122148514
"rs76678153",0.0426255613565445
"rs4775470",-0.00811461452394724
"rs17271493",0.053031999617815
"rs17205526",0.0357436090707779
"rs149323368",0.0283327233046293
"rs144570157",0.0341514460742474
"rs11630566",-0.05142442882061
"rs17205533",-0.0519718416035175
"rs71411480",0.0211528707295656
"rs8030691",0.0534488707780838
"rs150050462",0.0423799008131027
"rs145353455",-0.0276434421539307
"rs1812366",0.0394703559577465
"rs11635791",0.0278468932956457
"rs8036592",0.0447115302085876
"rs1816570",0.0279738232493401
"rs188932537",-0.011089232750237
"rs1579636",0.027993144467473
"rs56054461",0.0446870736777782
"rs2178207",0.0513562858104706
"rs62008558",-0.0541603751480579
"rs35405109",0.027964111417532
"rs11854283",-0.063120611011982
"rs72752005",0.044417317956686
"rs79975177",-0.0514139235019684
"rs8043403",-0.0271752700209618
"rs78800152",-0.0514558628201485
"rs11630120",0.0227031670510769
"rs76011059",-0.051533792167902
"rs75821421",0.0214957408607006
"rs4775471",-0.0514386594295502
"rs11071654",0.00340572092682123
"rs78798296",0.0255616903305054
"rs17304101",0.00869276933372021
"rs150584761",0.0454692170023918
"rs144332120",0.00955425295978785
"rs140180977",0.0314890556037426
"rs193183477",0.00956112984567881
"rs58234170",0.0158150624483824
"rs180800198",0.0236287452280521
"rs6494311",-0.0602177456021309
"rs10851710",0.0158640835434198
"rs11071655",0.0543610788881779
"rs35477751",0.015866918489337
"rs17271500",0.0165786668658257
"rs7177332",-0.0605547204613686
"rs71411482",0.044917955994606
"rs12909049",0.0544586926698685
"rs12910787",0.0448812805116177
"rs62009613",-0.0526734702289104
"rs79030006",0.0120048066601157
"rs79848933",-0.00649688811972737
"rs74770198",-0.0528523623943329
"rs71411484",0.0511336512863636
"rs8024230",0.0610949732363224
"rs182257629",0.0298132840543985
"rs112056496",0.0271257665008307
"rs8024838",-0.0577688850462437
"rs75954070",-0.0415774397552013
"rs11071656",-0.0493198707699776
"rs11071657",-0.0587181150913239
"rs1881413",-0.0579843521118164
"rs1881414",-0.0161513760685921
"rs76333047",0.0346459038555622
"rs386784663",0.0489295125007629
"rs12440695",-0.0578413903713226
"rs7164735",-0.0615334175527096
"rs17271521",-0.0569473691284657
"rs8038542",-0.0567633621394634
"rs8038711",-0.0567533262073994
"rs11633898",0.0514636337757111
"rs7162073",-0.0277844425290823
"rs11635220",-0.056654579937458
"rs17205561",0.0509173274040222
"rs12902473",-0.0613296441733837
"rs12915227",-0.0959715098142624
"rs17238377",-0.0610130056738853
"rs920181",-0.0963585376739502
"rs77348726",0.0363278836011887
"rs28707507",-0.0668017566204071
"rs11631755",0.0507167428731918
"rs141690473",0.0347655415534973
"rs28653734",0.0415527448058128
"rs11853937",-0.0818995013833046
"rs4775474",-0.0730348750948906
"rs8037123",-0.00182085344567895
"rs8036079",-0.0142317293211818
"rs8037272",-0.00131272152066231
"rs117810150",0.0244583338499069
"rs141643138",0.014992949552834
"rs920180",-0.0900946259498596
"rs12904705",-0.0680151656270027
"rs17271535",-0.0279891192913055
"rs1436957",0.0669639185070992
"rs10519159",-0.0679376348853111
"rs117108713",0.0400431118905544
"rs1436956",0.123516619205475
"rs1370174",-0.0780216753482819
"rs16944748",-0.0123015083372593
"rs1469895",0.0619409941136837
"rs570061541",0.0336933173239231
"rs72752015",-0.0442088209092617
"rs11855098",-0.135147720575333
"rs34997147",0.000246608629822731
"rs11858401",-0.135277107357979
"rs77897527",-0.0637062564492226
"rs72752016",0.0573488213121891
"rs72752018",0.0279654636979103
"rs74958465",0.0258402600884438
"rs1950027",-0.000300885178148746
"rs6494314",-0.000691218767315149
"rs4775475",-0.000620903912931681
"rs56362583",0.11993533372879
"rs8555",-0.097724549472332
"rs8040712",0.0144500676542521
"rs147804873",-0.0789889618754387
"rs8025811",-0.128001362085342
"rs201044858",-0.026499105617404
"rs7495253",0.119091883301735
"rs7495931",0.117702849209309
"rs74830598",0.0358494445681572
"rs11637089",-0.0150671936571598
"rs74839140",0.0377407260239124
"rs1406226",0.118102587759495
"rs1406227",-0.000762187410145998
"rs1569155",0.119796797633171
"rs10519160",-0.0809077471494675
"rs10519161",-0.00260792346671224
"rs17271549",0.118315562605858
"rs17205589",0.118487507104874
"rs11856149",-0.0802337676286697
"rs8028774",-0.000447864644229412
"rs35483397",0.0328509211540222
"rs11071658",0.133150324225426
"rs2414763",-0.000454560853540897
"rs953425",-0.000497834756970406
"rs17205603",-0.0408633910119534
"rs34625274",-0.0850797742605209
"rs28541797",0.124620221555233
"rs117017635",-0.0643116235733032
"rs8026882",0.066466361284256
"rs2031000",0.122897170484066
"rs2178208",0.0615982674062252
"rs8037786",-0.0856132209300995
"rs1881416",-0.0401291400194168
"rs8039024",-0.0862396508455276
"rs11071659",-0.0399727188050747
"rs2030999",-0.0858089551329613
"rs113781020",0.0294880848377943
"rs4775477",-0.0400259457528591
"rs62010672",0.017576165497303
"rs55969370",0.0911950916051865
"rs1919136",-0.000703141093254089
"rs77901480",-0.0587351098656654
"rs67049863",-0.0856054574251175
"rs8035607",-0.0858256667852402
"rs71411489",-0.0779165923595428
"rs4775478",-0.000575478188693523
"rs76351557",0.0279553979635239
"rs116907365",-0.124154053628445
"rs12438500",-0.0412781275808811
"rs59136557",-0.0412811972200871
"rs144479271",0.0660015195608139
"rs12440203",-0.0412600450217724
"rs62010677",0.115511007606983
"rs12915183",0.0446309074759483
"rs12916500",-0.0857976451516151
"rs1528420",-0.000625001732259989
"rs111266462",0.0331833399832249
"rs7179570",-0.0851049795746803
"rs62010678",-0.0306939613074064
"rs35637054",-0.0860979557037354
"rs142412456",0.0970930010080338
"rs11630474",-0.00095819728448987
"rs117580591",0.0301140043884516
"rs7496084",-0.0862556248903275
"rs12438839",-0.0307709388434887
"rs79178594",-0.0866303294897079
"rs68114337",-0.0866292789578438
"rs9920167",-0.0307084731757641
"rs17205610",-0.0308834332972765
"rs1919133",-0.00121253076940775
"rs56252148",0.117398105561733
"rs17238391",0.00798768922686577
"rs7180967",-0.0358940623700619
"rs77950388",0.0153048178181052
"rs62007162",-0.00558374775573611
"rs2030998",-0.0699106901884079
"rs181946266",0.100166700780392
"rs72752025",0.0949340388178825
"rs4775479",0.0546806417405605
"rs62007163",0.0325692966580391
"rs4775480",0.0544814392924309
"rs118000323",0.038531456142664
"rs12442867",0.0648202896118164
"rs11071660",0.061761848628521
"rs11071661",0.0993440374732018
"rs2049706",0.0551900677382946
"rs1528416",-0.00712809897959232
"rs1528417",0.106083735823631
"rs8023592",-0.0470643453299999
"rs2414764",-0.00679087173193693
"rs4775481",0.0658565387129784
"rs34115009",-0.0955377146601677
"rs9972501",-0.00724371941760182
"rs9972506",0.0611974038183689
"rs144530677",0.05062011256814
"rs72752029",0.0395877957344055
"rs8040623",-0.000639795325696468
"rs12591666",-0.000663535669445992
"rs12594221",-0.000844936352223158
"rs111984947",0.0345526561141014
"rs116867248",0.0294303726404905
"rs12908625",-0.000653992407023907
