"SNP","rs11658976"
"rs78625142",0.223394602537155
"rs78117635",0.113937728106976
"rs273537",-0.00705248024314642
"rs62072114",0.0794834494590759
"rs155739",-0.152035877108574
"17:44567463_T_C",0.0984727740287781
"rs3874943",-0.30432802438736
"rs147134771",-0.188670605421066
"rs1863115",-0.072277769446373
"rs568039055",0.0611552447080612
"rs546475746",0.0975589603185654
"rs9889297",0.0990860089659691
"rs9891167",0.0931675881147385
"rs199469",-0.290636658668518
"rs117300236",-0.28929328918457
"rs199465",0.0976923704147339
"rs199461",0.283904761075974
"rs199460",0.254323333501816
"rs199458",0.0775301530957222
"rs149551885",0.0578630939126015
"rs199437",0.284704387187958
"rs139331985",0.0772011876106262
"rs34565941",0.076926589012146
"rs183211",0.284640252590179
"rs199436",0.284708797931671
"rs199438",0.284723043441772
"rs10491141",0.0768038108944893
"rs2316278",0.0769238322973251
"rs12951057",0.0991527065634727
"rs34720194",0.0769531652331352
"rs16941095",0.0342095755040646
"rs142167",0.284731447696686
"rs571605771",0.0199348982423544
"rs12937492",0.076976865530014
"rs12947457",0.0769400000572205
"rs79314128",-0.116404682397842
"rs16941125",0.1164865270257
"rs199455",-0.28410068154335
"rs199454",-0.284866720438004
"rs78947085",0.0851892828941345
"rs199453",0.284609198570251
"rs199452",0.284176766872406
"rs4968239",0.0139300692826509
"rs147405729",0.106391072273254
"rs199450",0.064738541841507
"rs199449",0.284792214632034
"rs116845508",0.0603505074977875
"rs199446",-0.285016119480133
"rs6503809",0.0771447718143463
"rs12453054",0.0353399738669395
"rs117936104",0.0807367935776711
"rs7226263",-0.0767524465918541
"rs7216231",-0.0766002014279366
"rs12325819",0.0771510154008865
"rs199444",0.285167783498764
"rs144351579",0.0861668810248375
"rs8065602",0.0771580561995506
"rs17698176",0.0944519713521004
"rs199442",0.285261303186417
"rs199536",-0.285336881875992
"rs150841918",0.0751144140958786
"rs4246416",0.0763931944966316
"rs77162940",0.010739560239017
"rs199532",0.107675485312939
"rs199531",0.288674771785736
"rs12603920",0.0772112905979156
"rs9902077",0.0771605968475342
"rs35732828",0.117566272616386
"rs141599417",0.0703516528010368
"rs12452215",0.0771884769201279
"rs16941674",0.0771860703825951
"rs199530",-0.28766393661499
"rs183527054",0.0527886785566807
"rs57685539",0.0848924592137337
"rs76076573",0.0875442326068878
"rs146748702",0.0872860476374626
"rs80157885",0.0876391753554344
"rs77266163",-0.15024733543396
"rs148639599",0.0712494179606438
"rs199526",-0.269901633262634
"rs199522",0.0970862656831741
"rs72628337",0.0107167502865195
"rs62074125",-0.514889061450958
"rs142770499",0.101253226399422
"rs67474242",0.0110684027895331
"rs76347593",0.0546971745789051
"rs67143796",0.0110031012445688
"rs4141293",0.0109931603074074
"rs199511",0.085098423063755
"rs116993697",0.0626671686768532
"rs731543",0.0892468020319939
"rs73987036",0.0887257158756256
"rs72628338",0.0126300808042288
"rs757190",0.01097905728966
"rs148200460",0.0126120671629906
"rs199502",0.28816282749176
"rs8073428",-0.0793212875723839
"rs2074404",0.312417060136795
"rs199498",0.294547140598297
"rs2074405",-0.243569448590279
"rs929254",0.100323207676411
"rs12948390",-0.131524816155434
"rs199497",0.379384785890579
"rs199496",0.231425806879997
"rs138474086",0.0790546089410782
"rs11658976",1
"rs117188157",0.114618539810181
"rs11655598",0.379818260669708
"rs12452064",-0.75583279132843
"rs199495",0.635184228420258
"rs117552032",-0.126036897301674
"rs9909662",-0.120486259460449
"rs199494",0.6160888671875
"rs199493",-0.159690588712692
"rs10432043",-0.727607250213623
"rs7218567",-0.764020919799805
"rs187949",0.0930586382746696
"rs111725813",0.0877229496836662
"rs76624041",0.0900072082877159
"rs9905434",-0.121471434831619
"rs111769",0.629317998886108
"rs118058613",0.14776848256588
"rs12938683",-0.119570016860962
"rs886348",0.391669988632202
"rs8072907",0.122320279479027
"rs8076929",-0.1223079636693
"rs8080199",0.121930688619614
"rs11650531",0.384058892726898
"rs118184955",0.113975167274475
"rs113872192",-0.141222700476646
"rs1563304",0.378131657838821
"rs74939963",0.152201935648918
"rs116332759",0.0354220047593117
"rs10514911",0.109805554151535
"rs7207916",0.617734491825104
"rs117246332",0.118006013333797
"rs4968241",-0.7432541847229
"rs75237826",-0.217177778482437
"rs138497826",0.0751444324851036
"rs74853344",0.148889392614365
"rs149197672",0.0944300815463066
"rs148328178",0.109367571771145
"rs145992408",0.090001106262207
"rs11653738",-0.109341859817505
"rs7219626",-0.501552820205688
"rs66733711",-0.237528890371323
"rs11079737",-0.180926084518433
"rs3933652",0.126574337482452
"rs3933653",0.486837834119797
"rs3916033",-0.0713557079434395
"rs144211894",0.0877228230237961
"rs3851781",-0.483517736196518
"rs34608985",0.0491120852530003
"rs75398055",0.0883667767047882
"rs77768380",0.126874968409538
"rs118086135",0.123872950673103
"rs28537366",0.0707686543464661
"rs28589926",0.13488382101059
"rs67746309",0.0524018444120884
"rs55712067",-0.170376569032669
"rs191214630",-0.125632330775261
"rs142121185",-0.164249181747437
"rs184114793",-0.12812314927578
"rs72836354",-0.458629429340363
"rs16941107",-0.416300266981125
"rs199901472",0.0455962531268597
"rs111880312",0.045556578785181
"rs9890413",-0.390209585428238
"rs3851782",-0.480467349290848
"rs34724124",-0.454073250293732
"rs117813375",0.0882470458745956
"rs1221268",-0.146964013576508
"rs11079738",-0.477751940488815
"rs534828507",0.0420342236757278
"rs71375366",0.085191048681736
"rs76364804",0.0457228422164917
"rs8069437",-0.425717681646347
"rs73314642",0.0472372174263
"rs11657071",-0.193611338734627
"rs9904865",-0.460453301668167
"rs11657305",-0.19012176990509
"rs116854364",0.0883767828345299
"rs62071979",-0.0358614288270473
"rs2305553",0.0865875631570816
"rs35262538",0.119569063186646
"rs141994164",-0.207837387919426
"rs9894638",-0.0730747058987617
"rs28575366",0.0338066183030605
"rs190036366",0.0829942375421524
"rs59428921",0.103430777788162
"rs1373089",-0.0504769682884216
"rs12939722",0.125029370188713
"rs142720278",0.123424127697945
"rs118033034",-0.108658522367477
"rs8075701",-0.127736210823059
"rs144909085",-0.122206680476665
"rs8080664",-0.127740234136581
"rs9912302",-0.250810444355011
"rs8082171",0.102786876261234
"rs1965829",0.102846242487431
"rs146253736",0.0719523653388023
"rs58818473",0.10464109480381
"rs117191669",-0.0698354840278625
"rs56158829",-0.198701277375221
"rs12601620",-0.246778339147568
"rs11079739",-0.101100280880928
"rs2083798",-0.100844189524651
"rs2083797",-0.0991049855947495
"rs2083796",-0.100894935429096
"rs117590576",0.0846719443798065
"rs8071785",-0.246360287070274
"rs8075685",-0.246362596750259
"rs8072088",-0.246388778090477
"rs8072239",-0.246913254261017
"rs57258872",-0.24567873775959
"rs56186967",-0.247405663132668
"rs8080569",-0.247409269213676
"rs62071983",-0.163535222411156
"rs58287249",-0.19840008020401
"rs731120",-0.247357219457626
"rs4968275",-0.247372955083847
"rs7224370",-0.247335433959961
"rs7212221",-0.247332200407982
"rs7212246",-0.247310370206833
"rs7220040",-0.247310370206833
"rs57119439",-0.246816948056221
"rs56703983",-0.247321113944054
"rs72837818",-0.247327104210854
"rs72837820",-0.247330829501152
"rs62071984",0.128869339823723
"rs4968277",-0.247299790382385
"rs4968278",-0.247317060828209
"rs147775413",-0.247340649366379
"rs147960751",0.0842027440667152
"rs8070457",-0.247331693768501
"rs8074816",-0.247333616018295
"rs6504583",-0.0231881178915501
"rs62071985",0.104305900633335
"rs7218180",-0.12536683678627
"rs12602434",-0.247329533100128
"rs78744673",-0.247798576951027
"rs187488858",-0.247308015823364
"rs56344308",0.147063553333282
"rs141899337",-0.160827994346619
"rs4968279",-0.247297510504723
"rs4968280",-0.247297510504723
"rs57834988",-0.132042810320854
"rs62071986",-0.0491039380431175
"rs58388003",-0.250011384487152
"rs2120202",0.0147268762812018
"rs2165845",-0.246531799435616
"rs12150651",0.104330457746983
"rs76053244",0.08503557741642
"rs190563882",-0.110975429415703
"rs9915503",-0.125220149755478
"rs1443311",-0.233981609344482
"rs12150132",0.0928492695093155
"rs12600784",0.098643496632576
"rs12601196",0.0930665731430054
"rs138648372",-0.112036496400833
"rs16941133",-0.242134630680084
"rs117334776",0.0903813242912292
"rs62071987",0.128224462270737
"rs140414700",0.0836050361394882
"rs2165846",-0.384539127349854
"rs12952746",0.164480045437813
"rs60947935",0.0646953582763672
"rs6504591",-0.286911636590958
"rs77320761",0.065592348575592
"rs80208634",0.0661506205797195
"rs74836509",-0.114788368344307
"rs112570411",0.0839137211441994
"rs4968242",-0.0603466853499413
"rs9911622",0.163712158799171
"rs9909391",0.00616796454414725
"rs59788647",0.00705025624483824
"rs74624123",0.0028867507353425
"rs60372268",-0.418379247188568
"rs61619946",-0.419003009796143
"rs57986961",-0.41910794377327
"rs74672539",0.0385972671210766
"rs11079740",-0.0643197223544121
"rs73987093",-0.0326076671481133
"rs34062186",0.0930604636669159
"rs73987094",0.0927561968564987
"rs4968281",0.352492928504944
"rs79877551",-0.146891906857491
"rs11654422",-0.373791396617889
"rs11654424",-0.345590353012085
"rs1530364",0.0587687455117702
"rs75063629",-0.042383249849081
"rs34072914",-0.126916319131851
"rs62071992",-0.1259825527668
"rs754474",0.0130103323608637
"rs16941168",0.118817679584026
"rs12951527",0.0780400484800339
"rs11871306",0.0387760326266289
"rs1530365",0.0139373335987329
"rs76990846",-0.0429620333015919
"rs17603901",0.122358873486519
"rs756063933",-0.0479579865932465
"rs4968282",0.0556394308805466
"rs149754244",-0.146616593003273
"rs77720351",-0.114495374262333
"rs187317337",-0.00388445192947984
"rs34316808",0.0507249683141708
"rs558739483",-0.0497561991214752
"rs141064270",0.112790517508984
"rs7210762",-0.113464489579201
"rs59404853",0.0501998625695705
"rs12451290",-0.113697618246078
"rs75230966",0.282445162534714
"rs1105127",-0.351880669593811
"rs78539656",-0.117977701127529
"rs7212691",0.0119419330731034
"rs73988203",-0.117395043373108
"rs73988204",-0.117389768362045
"rs16941177",-0.117422588169575
"rs77034791",-0.117332272231579
"rs148547789",-0.117318399250507
"rs73988205",-0.117239601910114
"rs16941180",-0.117256931960583
"rs16941186",-0.117347568273544
"rs73988207",-0.117194950580597
"rs2277614",-0.117186605930328
"rs16941192",0.0559956468641758
"rs197927",-0.082511767745018
"rs7212341",0.0558815523982048
"rs197928",-0.0825132057070732
"rs197929",0.0217164047062397
"rs189493247",0.0917766019701958
"rs7216951",-0.0397493839263916
"rs197930",-0.0831520408391953
"rs197931",0.0131560117006302
"rs197932",0.0212475378066301
"rs78336233",0.0116030471399426
"rs78336233",0.0320843085646629
"rs75286518",-0.125193551182747
"rs1638450",0.0131484158337116
"rs16941211",-0.114812046289444
"rs197935",0.0131431026384234
"rs197936",0.0127787105739117
"rs181277432",0.0772940590977669
"rs12600562",-0.306145906448364
"rs197937",0.0124552771449089
"rs197938",-0.0823587700724602
"rs117000000",-0.117322757840157
"rs197941",-0.0813164710998535
"rs197943",-0.0817876979708672
"rs188301524",-0.107837356626987
"rs197944",0.0125883398577571
"rs74564954",-0.116878718137741
"rs1638446",0.346053689718246
"rs197907",0.313964128494263
"rs187883",0.0812200978398323
"rs174817",0.0814561545848846
"rs76613809",-0.116277478635311
"rs197908",-0.0308794490993023
"rs197909",0.0813871249556541
"rs123028",0.0817441120743752
"rs116129233",-0.114569529891014
"rs112256623",-0.115462563931942
"rs123029",-0.012388831935823
"rs740616",-0.302783966064453
"rs79517676",-0.365673542022705
"rs8078468",-0.345344483852386
"rs4461138",-0.344874083995819
"rs1056116",-0.345205724239349
"rs3760374",-0.344184696674347
"rs186930801",-0.103567391633987
"rs197910",-0.0123991267755628
"rs12453279",-0.291855722665787
"rs4968246",-0.313560754060745
"rs4968247",-0.34413930773735
"rs197911",0.33908224105835
"rs143797388",0.0910336896777153
"rs197912",0.283302843570709
"rs197913",0.308735460042953
"rs197914",-0.0349476896226406
"rs76699698",-0.17200779914856
"rs197915",0.311836987733841
"rs10491148",0.0132566122338176
"rs141251508",-0.0728562027215958
"rs139788888",-0.0018762806430459
"rs12601886",-0.303718417882919
"rs2920396",0.303818643093109
"rs1662594",0.303602308034897
"rs1662596",0.303349852561951
"rs4968248",-0.302812188863754
"rs1618989",0.303472131490707
"rs1052504",0.303521275520325
"rs1623402",0.303390890359879
"rs115622236",0.012745046056807
"rs1662597",0.303398281335831
"rs72837839",-0.102170847356319
"rs10853085",-0.303586155176163
"rs139887092",0.0126244490966201
"rs11658276",-0.303517907857895
"rs11869840",-0.355182528495789
"rs1662576",0.302746385335922
"rs78198449",-0.283766090869904
"rs1662577",0.302693426609039
"rs2920397",0.302698165178299
"rs7342957",-0.302631229162216
"rs77424371",0.0352086164057255
"rs77760340",0.0877881124615669
"rs11654971",-0.302608370780945
"rs149173053",0.0133466320112348
"rs197917",0.302673399448395
"rs11654021",-0.280030190944672
"rs2907255",0.30037522315979
"rs189899",0.302661657333374
"rs12944167",0.00644053425639868
"rs12150668",-0.156637743115425
"rs7225428",-0.302517980337143
"rs16941271",0.0135627966374159
"rs16941273",0.0134627483785152
"rs80120770",0.0879484489560127
"rs35707546",-0.302575886249542
"rs73985103",0.0134070990607142
"rs78702317",0.103486865758896
"rs197918",0.302691340446472
"rs141260272",-0.168411776423454
"rs75232902",0.0135164875537157
"rs197919",0.302637666463852
"rs1867237",-0.30248299241066
"rs74410091",0.0132086249068379
"rs2191033",-0.303717792034149
"rs197920",0.244211286306381
"rs17676673",0.130500167608261
"rs3785888",-0.320165067911148
"rs3785889",-0.346534669399261
"rs10853086",-0.268164366483688
"rs10853087",-0.303603678941727
"rs75921757",0.0929940417408943
"rs2072317",-0.272520363330841
"rs11655668",-0.272660285234451
"rs117791180",-0.0996433272957802
"rs112121400",0.0712455287575722
"rs197922",0.267647922039032
"rs197923",0.267778426408768
"rs1838105",-0.267972320318222
"rs16941300",0.0125302150845528
"rs16941304",0.0899694412946701
"rs16941306",0.0129910092800856
"rs197925",0.302974194288254
"rs17676978",0.0873192846775055
"rs55657964",-0.135053128004074
"rs7213526",-0.303380072116852
"rs75098437",0.099978506565094
"rs16941312",0.0127232847735286
"rs197926",0.350064277648926
"rs17608766",0.254508882761002
"rs16941317",0.0127674285322428
"rs79296160",0.0872885286808014
"rs76198864",0.087191678583622
"rs75632336",0.0859463885426521
"rs4968285",-0.354241609573364
"rs7221042",0.0872564241290092
"rs16941324",0.0129237156361341
"rs11874",0.240495845675468
"rs758391",0.312226057052612
"rs4968286",-0.35367813706398
"rs116123534",0.0124451797455549
"rs11657819",0.129868239164352
"rs758392",0.312041491270065
"rs79673308",0.0870856642723083
"rs1052586",-0.350339293479919
"rs142652226",-0.0200672801584005
"rs151011422",0.0792131125926971
"rs1047779",-0.354157030582428
"rs76393806",0.0928721055388451
"rs137862156",0.089891605079174
"rs6504622",-0.35367226600647
"rs11079742",0.312187194824219
"rs78181247",0.0871456563472748
"rs79239049",0.0999798849225044
"rs77916450",0.0586435571312904
"rs142538263",-0.0989190563559532
"rs8065527",0.268036872148514
"rs4968287",0.350216835737228
"rs4968288",0.302160054445267
"rs145169931",0.0526134073734283
"rs736603",0.34994500875473
"rs79288763",0.0126330172643065
"rs736604",0.349925637245178
"rs2003539",-0.353736698627472
"rs2003540",0.0126812448725104
"rs72837848",-0.171043366193771
"rs9889741",0.349874883890152
"rs9889762",0.353690266609192
"rs9898981",0.349837809801102
"rs9911967",0.301831424236298
"rs11079744",0.267759889364243
"rs2317997",0.349570661783218
"rs740617",0.349629342556
"rs62075889",-0.353548735380173
"rs12940071",-0.353567242622375
"rs145138440",-0.0533158034086227
"rs80248263",0.0129866544157267
"rs118159652",-0.07972352206707
"rs874044",0.0996533408761024
"rs3809854",0.34941029548645
"rs17608961",-0.352624297142029
"rs145859358",-0.113715201616287
"rs4602097",0.349048107862473
"rs4381655",0.349029421806335
"rs148233765",0.0646494999527931
"rs16941353",0.0870041996240616
"rs3885731",0.267310112714767
"rs9303532",0.311269730329514
"rs10491149",0.0869502350687981
"rs9910899",0.311283826828003
"rs9912794",0.311282157897949
"rs9911366",0.311281442642212
"rs71375371",0.00909018609672785
"rs17677363",0.239855512976646
"rs9898527",0.310478925704956
"rs11656362",0.301648408174515
"rs61671555",0.311226427555084
"rs2316330",0.349159240722656
"rs3851784",0.318146407604218
"rs3851785",0.349154204130173
"rs117197443",0.0897966995835304
"rs78728621",0.0129945445805788
"rs11652318",0.349133193492889
"rs55840676",0.0825287401676178
"rs3760377",-0.352869391441345
"rs16941373",0.0134326936677098
"rs16941378",0.0129196969792247
"rs16941382",0.244745522737503
"rs111548342",0.0124894063919783
"rs76094883",0.0481325276196003
"rs11079745",-0.353165328502655
"rs4968250",0.348724722862244
"rs74855004",0.0127399824559689
"rs28451958",0.383936166763306
"rs28553405",0.348494082689285
"rs76774446",0.239644154906273
"rs3890958",0.26683184504509
"rs3851786",0.348763197660446
"rs3851787",0.348710060119629
"rs9893713",0.341219514608383
"rs4968290",-0.345705538988113
"rs75588576",0.0128981219604611
"rs111615000",0.0129441516473889
"rs9901977",0.357916325330734
"rs3863498",-0.0137899061664939
"rs147533524",0.0368281602859497
"rs11079746",-0.17522694170475
"rs16941390",0.0126753682270646
"rs7214920",-0.131239712238312
"rs16941393",0.093266673386097
"rs7215119",-0.168677493929863
"rs72628341",0.0932546481490135
"rs79849610",0.0882505998015404
"rs140867025",0.0174262430518866
"rs11870913",0.0874398127198219
"rs7216984",-0.168518081307411
"rs7216991",-0.36190590262413
"rs7213046",-0.16858321428299
"rs1003396",0.103223510086536
"rs12947916",-0.168247446417809
"rs148877426",0.089487262070179
"rs62075895",0.206506595015526
"rs62075896",-0.359426409006119
"rs11869830",0.0864868834614754
"rs16941401",0.0928144529461861
"rs1004485",-0.168266579508781
"rs3851788",-0.16817133128643
"rs16941404",0.206415131688118
"rs75786829",0.0893938615918159
"rs3844225",-0.168161660432816
"rs12600452",0.208808794617653
"rs12602852",-0.168110877275467
"rs3851790",-0.130868926644325
"rs3851791",-0.130879238247871
"rs77287979",0.0842429250478745
"rs80335285",0.234756320714951
"rs79497126",0.127380803227425
"rs60371134",0.155175805091858
"rs58582808",0.149325504899025
"rs146330795",0.0570018514990807
"rs8079694",-0.183678060770035
"rs72628343",0.055774737149477
"rs8080518",0.277624070644379
"rs6504635",-0.179316580295563
"rs188397435",-0.0135339312255383
"rs77920082",0.0719581544399261
"rs8081157",-0.180947437882423
"rs12453382",0.170676112174988
"rs8067295",-0.183209165930748
"rs8071977",-0.181234091520309
"rs3851792",-0.360784113407135
"rs3851793",0.0120565854012966
"rs12937240",0.0502083450555801
"rs3851794",-0.251917123794556
"rs3851795",-0.323193818330765
"rs3851796",-0.360886514186859
"rs3892678",-0.251865208148956
"rs3892428",-0.249285280704498
"rs3892427",-0.249292969703674
"rs3892426",-0.251882016658783
"rs35246578",-0.261802196502686
"rs8064764",-0.251861870288849
"rs8069682",-0.250765591859818
"rs8065072",-0.251838684082031
"rs8065103",-0.251861661672592
"rs4968292",-0.251884996891022
"rs4968293",-0.251884996891022
"rs4968294",-0.251866579055786
"rs2873608",-0.251877665519714
"rs2317996",-0.251821607351303
"rs2317995",-0.251747190952301
"rs6504637",-0.251820713281631
"rs6504638",-0.251737415790558
"rs4572469",-0.359952181577682
"rs4468691",-0.251873105764389
"rs4305136",-0.251879066228867
"rs4274483",-0.251873105764389
"rs4569351",-0.251871764659882
"rs8073261",-0.251818120479584
"rs11653330",0.127972140908241
"rs9910512",-0.251857429742813
"rs9908273",0.0796039924025536
"rs3851797",-0.251871287822723
"rs2316757",-0.251863569021225
"rs3851798",-0.360300153493881
"rs2316758",-0.360131859779358
"rs3851799",-0.360525369644165
"rs3851800",-0.251862823963165
"rs3901590",-0.251999467611313
"rs73310389",0.0795723721385002
"rs8067246",0.150026470422745
"rs6504640",-0.251867085695267
"rs8078196",-0.251867085695267
"rs8074704",-0.251867085695267
"rs8078665",-0.251869261264801
"rs8074861",-0.252043306827545
"rs141248125",0.047392912209034
"rs11653589",-0.360569000244141
"rs8068375",-0.251855462789536
"rs8073175",-0.251853913068771
"rs8068715",-0.360503196716309
"rs72839547",-0.149861320853233
"rs149210623",0.021079333499074
"rs151290129",0.149948835372925
"rs9905068",-0.252074301242828
"rs16941434",0.24369852244854
"rs12603324",0.243507698178291
"rs8075457",-0.25185215473175
"rs8064863",-0.251856923103333
"rs3851801",-0.0505829080939293
"rs72628344",0.0117105385288596
"rs56247972",-0.0996157824993134
"rs11658863",-0.359965860843658
"rs12949446",-0.359999120235443
"rs12952596",-0.358604222536087
"rs7210126",-0.251806557178497
"rs7219480",-0.251816987991333
"rs7214665",-0.251739382743835
"rs7206930",0.0789297670125961
"rs11651522",-0.050407063215971
"rs11656787",-0.25182780623436
"rs58000074",0.0789974704384804
"rs3931677",0.172219842672348
"rs17616383",0.0789735168218613
"rs2316759",-0.251824349164963
"rs62075930",0.243572846055031
"rs12449354",-0.251820743083954
"rs12451120",-0.0505876690149307
"rs12938690",-0.36016508936882
"rs6504647",-0.251812130212784
"rs17678577",0.0342195853590965
"rs146214747",0.076068639755249
"rs3851802",-0.251621067523956
"rs77212031",0.149792119860649
"rs7221913",-0.251851260662079
"rs9891441",-0.252019166946411
"rs9891658",-0.25147807598114
"rs61173406",-0.257976740598679
"rs145781186",0.0499617792665958
"rs11657300",-0.25336953997612
"rs11656290",-0.251804172992706
"rs11651386",-0.251822143793106
"rs11651232",-0.251724302768707
"rs2316327",0.243452176451683
"rs4968295",-0.251689523458481
"rs4968296",-0.25204986333847
"rs11079747",-0.350447446107864
"rs9907781",-0.257904827594757
"rs78545831",-0.000725259073078632
"rs79735243",0.266058713197708
"rs2316328",0.127200782299042
"rs2316329",0.25028395652771
"rs141220650",0.0631548464298248
"rs3851803",-0.0459561757743359
"rs17616652",0.0699595808982849
"rs12452125",-0.17885285615921
"rs34820448",-0.0454895421862602
"rs138654786",0.06236357614398
"rs9747243",-0.36621230840683
"rs111645659",0.0698838010430336
"rs150653539",0.0698785409331322
"rs11656799",0.145782053470612
"rs140380660",0.0623084791004658
"rs4968298",-0.178402170538902
"rs16941443",0.249487847089767
"rs80178618",0.0698393806815147
"rs16941444",0.128420531749725
"rs36056466",-0.366288095712662
"rs9910695",-0.0453469343483448
"rs11653838",-0.366203367710114
"rs55917109",-0.0530449524521828
"rs8080126",-0.179394915699959
"rs117314973",-0.166168227791786
"rs111647350",0.0700492858886719
"rs9904773",-0.0863520726561546
"rs111514469",0.0865020155906677
"rs11657803",0.145862340927124
"rs11657519",0.145877242088318
"rs7216950",-0.366220116615295
"rs72823405",-0.147325351834297
"rs117783419",0.034899115562439
"rs72823406",-0.147016614675522
"rs72823407",-0.166049227118492
"rs78895103",0.0700703561306
"rs7209018",-0.0454021207988262
"rs112533202",0.0671083852648735
"rs145127806",0.0626617446541786
"rs76438879",0.249196752905846
"rs12600943",0.249204471707344
"rs140140981",0.0700497180223465
"rs2261969",0.249238103628159
"rs62073765",-0.366162776947021
"rs3883305",0.249181941151619
"rs6504673",-0.0536743961274624
"rs118124687",0.0606902651488781
"rs8078336",0.164292007684708
"rs2531773",0.0120508829131722
"rs16961883",0.128701239824295
"rs11871052",-0.365908414125443
"rs138840828",0.145879432559013
"rs147029081",0.0628194212913513
"rs9284376",-0.0492495335638523
"rs187658002",-0.0961452051997185
"rs150741713",0.0205968841910362
"rs2907245",0.145984590053558
"rs62073769",0.249146178364754
"rs11653106",-0.276112139225006
"rs145429009",-0.129967987537384
"rs11654437",0.145030006766319
"rs142418891",0.0896983668208122
"rs146498205",0.0674389079213142
"rs138498247",0.0674955248832703
"rs145563516",0.141912996768951
"rs28376067",0.146388962864876
"rs61330621",0.248571529984474
"rs147532756",0.146388560533524
"rs8078239",0.248375311493874
"rs8071762",0.248345926403999
"rs147287543",0.146330386400223
"rs142336849",0.146316513419151
"rs2684630",-0.0489110201597214
"rs2947572",-0.0488741844892502
"rs118162058",0.0660967454314232
"rs118093615",0.143998071551323
"rs4257261",0.245780572295189
"rs139039678",0.0534748323261738
"rs141749331",0.062550462782383
"rs183826806",-0.095700278878212
"rs7220777",-0.361667633056641
"rs12602518",0.24574713408947
"rs11650241",0.143870413303375
"rs11079748",-0.361585825681686
"rs113588202",0.0679340288043022
"rs62073852",0.0736920908093452
"rs117463356",0.0624191351234913
"rs56200895",0.146425232291222
"rs8069221",-0.0490241013467312
"rs8073829",-0.085805244743824
"rs35721448",-0.36563766002655
"rs144718050",-0.147163152694702
"rs147910723",0.033847700804472
"rs11649887",-0.365693658590317
"rs11654517",-0.365691363811493
"rs60650094",0.249136850237846
"rs180973366",-0.107481576502323
"rs11649831",0.146430894732475
"rs147513995",0.0769909024238586
"rs8066470",-0.0489892736077309
"rs145153053",0.265437245368958
"rs116976126",0.062649704515934
"rs35936425",0.165953874588013
"rs61281655",0.248961865901947
"rs8064557",-0.0490057244896889
"rs72823409",-0.146981701254845
"rs62073854",0.248981058597565
"rs8077021",-0.365636616945267
"rs150125259",0.14644929766655
"rs12949929",-0.365669339895248
"rs62073855",0.24897775053978
"rs76404038",0.146381422877312
"rs113964042",0.0489061921834946
"rs112746493",0.0673479959368706
"rs4968304",-0.365505784749985
"rs112221851",0.0672645643353462
"rs80132693",0.0673806667327881
"rs62073856",-0.0695300847291946
"rs9911627",-0.0490105152130127
"rs117707904",-0.11699340492487
"rs77761939",0.0854664668440819
"rs34038545",-0.365611433982849
"rs148736747",0.0592058226466179
"rs76367601",0.0673672780394554
"rs79494884",0.0673620998859406
"rs141471923",0.0626809597015381
"rs12603447",0.320056051015854
"rs34710835",-0.332674860954285
"rs2007723",0.320051908493042
"rs112188019",0.0673081874847412
"rs2002537",0.248990684747696
"rs111958058",0.0673644542694092
"rs57418075",0.147189944982529
"rs111810157",0.147189557552338
"rs113317500",0.147189557552338
"rs62073858",0.248990043997765
"rs4074247",-0.36562705039978
"rs4061304",-0.085782378911972
"rs4074249",-0.365564227104187
"rs76797532",0.129291325807571
"rs11079750",-0.365530520677567
"rs2004580",-0.0859782546758652
"rs114762515",0.146144241094589
"rs190376818",0.0689168497920036
"rs72628345",0.249025613069534
"rs117264287",0.146399334073067
"rs9894300",-0.0856699571013451
"rs2316667",-0.0857454091310501
"rs143416212",0.0816097110509872
"rs12942936",-0.362693548202515
"rs9908463",0.0671953111886978
"rs77919729",0.0670665726065636
"rs149321339",0.0279897339642048
"rs9889451",0.317987233400345
"rs12051779",0.248878940939903
"rs7220879",0.24900059401989
"rs76213861",0.162412628531456
"rs72823414",-0.14676234126091
"rs4968305",-0.0857929736375809
"rs138289224",-0.148259058594704
"rs12603314",0.249844625592232
"rs180710363",0.0546237193048
"rs72823415",-0.181546002626419
"rs76471202",0.0673505216836929
"rs12603764",0.249047070741653
"rs111354662",0.0673836842179298
"rs144510815",0.0854961201548576
"rs62073859",0.248946875333786
"rs34774205",-0.362636536359787
"rs12452715",-0.175749585032463
"rs72823416",-0.0221915077418089
"rs56023235",0.126638531684875
"rs16941569",0.144083723425865
"rs150212887",0.0420056208968163
"rs72823417",-0.146736919879913
"rs62074461",0.0602852068841457
"rs143640030",-0.151883468031883
"rs9899078",0.317446321249008
"rs112840650",0.039291013032198
"rs2316331",0.317443311214447
"rs111900735",0.035010252147913
"rs2873131",0.31740140914917
"rs10514915",0.317407846450806
"rs74829845",0.0627865046262741
"rs7219544",-0.362551271915436
"rs7219899",-0.362466961145401
"rs2316325",0.24893507361412
"rs113557359",0.0674088969826698
"rs2316326",0.248882368206978
"rs11079751",-0.176701828837395
"rs4387650",-0.0865707471966743
"rs146443691",-0.0988813117146492
"rs151254743",-0.0990550518035889
"rs9897338",-0.0867692977190018
"rs72823418",-0.0994897037744522
"rs72823419",-0.0991575717926025
"rs58806873",0.248870566487312
"rs4520895",-0.0866967737674713
"rs150913081",0.0628926753997803
"rs12450537",-0.0859424099326134
"rs116949551",0.126607775688171
"rs4968253",-0.36229681968689
"rs2317376",0.304016143083572
"rs11658350",-0.36236897110939
"rs11079752",-0.362362504005432
"rs7207418",-0.362418711185455
"rs62075597",0.0742486864328384
"rs34314554",-0.362376660108566
"rs137884904",-0.0776798352599144
"rs12950276",-0.363199353218079
"rs12950699",-0.362372308969498
"rs79754593",-0.0526649504899979
"rs12601562",0.250120848417282
"rs7215573",-0.362282902002335
"rs1634260",0.317257434129715
"rs7215903",-0.36190265417099
"rs7215907",-0.362357467412949
"rs79495671",0.126655474305153
"rs73308962",0.144793510437012
"rs139946130",0.14400739967823
"rs7222781",-0.367936491966248
"rs2678713",-0.176697432994843
"rs368876236",0.054057564586401
"rs2521422",0.248302444815636
"rs113033197",0.067303255200386
"rs112389336",0.163223102688789
"rs111416545",0.0671824514865875
"rs1989858",0.250792026519775
"rs7503625",0.0674493163824081
"rs1713496",0.249939978122711
"rs2188710",-0.258154720067978
"rs79072027",0.015000649727881
"rs76048354",0.0673093125224113
"rs146899676",0.0626266822218895
"rs2678714",-0.0494695976376534
"rs1630431",-0.0494667030870914
"rs12939753",-0.361930787563324
"rs78188641",-0.151706263422966
"rs7214785",-0.362145602703094
"rs7211041",0.0680505409836769
"rs11871364",-0.324967294931412
"rs113025253",0.021761367097497
"rs1634272",-0.0504144765436649
"rs112425955",0.110487028956413
"rs117846803",0.140003934502602
"rs185489015",-0.0928091481328011
"rs79366720",0.109532430768013
"rs1634271",0.0975106805562973
"rs55938837",0.115276500582695
"rs10775405",0.0759021416306496
"rs112306171",0.0781934335827827
"rs72823425",0.0598698742687702
"rs77395884",-0.0914617851376534
"rs34811916",0.0805323570966721
"rs34735768",-0.0947359129786491
"rs11079756",0.241682708263397
"rs7208288",0.216991797089577
"rs187480586",0.0159367956221104
"rs72823426",-0.0947593748569489
"rs72823428",-0.0914122611284256
"rs58422248",-0.091435544192791
"rs112035732",0.0649048984050751
"rs2678694",0.158646255731583
"rs2678693",0.241683229804039
"rs12947898",-0.0947594046592712
"rs16941584",0.0781961679458618
"rs1713493",0.205206528306007
"rs11570588",0.078119270503521
"rs11079757",0.0407512113451958
"rs1713494",0.158721029758453
"rs11570580",0.0309786889702082
"rs11570579",0.126135304570198
"rs11570578",0.0781259983778
"rs731790",-0.0947494208812714
"rs938904",0.158730775117874
"rs148257449",0.0649190917611122
"rs4968306",0.072226420044899
"rs1713495",0.158706590533257
"rs11570570",-0.0944937020540237
"rs11570568",-0.0947699844837189
"rs1634269",0.241658166050911
"rs68100136",-0.0914436876773834
"rs76000968",0.127066299319267
"rs9897015",0.158686697483063
"rs1634268",0.158687591552734
"rs11570564",0.0690309330821037
"rs76210350",0.0649110078811646
"rs12601027",-0.0914440006017685
"rs1476498",0.205371633172035
"rs113425487",-0.266104340553284
"rs2040602",-0.0947562232613564
"rs11570562",-0.0947562232613564
"rs11570557",-0.0947699844837189
"rs11570550",0.0649183616042137
"rs11570549",0.0781159177422523
"rs12937292",-0.095141775906086
"rs11570548",0.105546601116657
"rs189500954",0.0768680721521378
"rs11570546",-0.0912824645638466
"rs76621174",0.105824857950211
"rs9747171",0.193312928080559
"rs11868039",0.00697058811783791
"rs117083077",-0.139929130673409
"rs112309517",0.0781085342168808
"rs71375393",-0.0950304716825485
"rs8073936",0.241560637950897
"rs79400513",0.126147136092186
"rs79983326",0.126106768846512
"rs115761301",0.126150369644165
"rs147305442",0.0748468190431595
"rs148731873",-0.100940488278866
"rs11570544",0.0524237044155598
"rs11570543",-0.0950245931744576
"rs77722052",0.0780891627073288
"rs8076808",0.158757016062737
"rs11570540",0.0634139403700829
"rs3815040",0.0773611441254616
"rs8065815",-0.00170543743297458
"rs11570532",0.181756541132927
"rs8071243",0.205112308263779
"rs9905948",0.158602997660637
"rs11570529",-0.0951235368847847
"rs11570528",0.0649347752332687
"rs145069806",-0.0720546022057533
"rs6504743",0.281902134418488
"rs6504744",0.24164055287838
"rs6504745",0.213982686400414
"rs7220394",0.0780949741601944
"rs11570520",-0.0947096049785614
"rs11570513",0.126145243644714
"rs11570511",-0.0916373133659363
"rs8071382",0.158600971102715
"rs143635967",-0.0916412547230721
"rs78879455",0.126131445169449
"rs66518624",-0.0951147377490997
"rs1102462",0.241368502378464
"rs117594331",0.0778313055634499
"rs149486294",0.105821065604687
"rs117778193",0.188908517360687
"rs67861319",-0.0920895859599113
"rs78096575",0.105649918317795
"rs12950715",-0.0951017066836357
"rs12941464",-0.095048263669014
"rs34006043",-0.0950319692492485
"rs141680566",-0.125105291604996
"rs865750",0.0939115881919861
"rs858680",0.241345182061195
"rs858679",0.158515051007271
"rs11570508",0.180069983005524
"rs188799",0.158567428588867
"rs11570507",-0.156441658735275
"rs11570506",-0.0947643220424652
"rs221597",0.158575773239136
"rs11570501",-0.0761095210909843
"rs11079759",-0.0947383269667625
"rs11570498",0.0649069100618362
"rs221596",0.241608619689941
"rs11079760",-0.0916296541690826
"rs11570495",0.105808891355991
"rs11570487",-0.0947303026914597
"rs11570481",0.105389289557934
"rs184963221",0.0612805001437664
"rs4968254",0.0737608671188354
"rs142246099",0.0839261412620544
"rs1634265",0.204963535070419
"rs117855810",0.0592275895178318
"rs146444727",0.0632026642560959
"rs858678",0.205040022730827
"rs866502",-0.00176585977897048
"rs1102461",0.24152772128582
"rs67551364",-0.0947357267141342
"rs78120523",0.0781653225421906
"rs858677",0.204948976635933
"rs76505635",0.126116871833801
"rs75400273",0.126117646694183
"rs78943400",0.105801545083523
"rs117953218",0.236468225717545
"rs141869467",0.0800233781337738
"rs858676",-0.00396752543747425
"rs858675",0.241554483771324
"rs701982",0.214093610644341
"rs77144621",0.105706498026848
"rs180777711",0.0567479953169823
"rs221605",0.240801408886909
"rs221604",0.240786656737328
"rs11570470",0.179438665509224
"rs11570468",-0.091631606221199
"rs221603",0.241232603788376
"rs183402",0.24090613424778
"rs221602",0.158084779977798
"rs75122004",-0.0261820983141661
"rs112039926",0.00134849129244685
"rs12948241",-0.0947648584842682
"rs78505871",0.0757338330149651
"rs7222294",-0.122626766562462
"rs12947008",-0.0947639644145966
"rs16941622",-0.0913600847125053
"rs192122410",0.0026563685387373
"rs7502265",-0.0946670472621918
"rs221607",0.240777269005775
"rs184602383",0.0742127373814583
"rs16941626",0.125521287322044
"rs1612",0.0228519551455975
"rs16941628",0.125399008393288
"rs954344",-0.0947884097695351
"rs954345",-0.0947515815496445
"rs62077274",0.0717039108276367
"rs1986817",0.10478188097477
"rs764792",0.158126533031464
"rs149334649",-0.100975565612316
"rs11570463",0.0306509286165237
"rs11570461",0.0457042418420315
"rs11570460",0.0779202729463577
"rs79048040",-0.265629827976227
"rs72823438",-0.139740824699402
"rs16941635",0.104720562696457
"rs77714652",0.0654942616820335
"rs116666314",0.0654722824692726
"rs140377977",0.0730681270360947
"rs221599",0.157947048544884
"rs16941640",-0.094736710190773
"rs221598",0.157967939972878
"rs11570451",-0.0948145687580109
"rs11079761",-0.0947647392749786
"rs3809858",-0.0924359261989594
"rs75843203",-0.146863266825676
"rs1515754",0.0774428397417068
"rs11570441",-0.094841443002224
"rs858673",0.156637817621231
"rs78021592",0.125710904598236
"rs144235029",-0.0920908823609352
"rs858672",0.238018721342087
"rs117846371",0.0652084276080132
"rs78991323",0.125713363289833
"rs111735304",0.0779365971684456
"rs62077282",0.0732819139957428
"rs858671",0.232127532362938
"rs858670",0.19222129881382
"rs35751916",-0.0948361307382584
"rs113745328",0.0779301673173904
"rs71375401",-0.0948054492473602
"rs147995376",0.0653385072946548
"rs55887846",0.104883223772049
"rs72823445",-0.13966204226017
"rs72823446",-0.15317502617836
"rs66976195",-0.0948204919695854
"rs182862263",-0.0935812741518021
"rs12939917",-0.0948112457990646
"rs80173931",-0.0282175559550524
"rs62074382",0.0601481944322586
"rs717162",0.125592917203903
"rs17604704",0.0779513046145439
"rs739571",0.167118400335312
"rs148365485",-0.158401057124138
"rs112886940",-0.0947963073849678
"rs77141607",-0.146876782178879
"rs11079762",-0.232643723487854
"rs4968308",-0.232603847980499
"rs16941650",-0.192802995443344
"rs146680825",-0.0769733190536499
"rs34885810",-0.0948143973946571
"rs113369542",0.0778030306100845
"rs12937083",-0.0948140025138855
"rs11869037",0.0656594038009644
"rs117154502",0.177284851670265
"rs35536045",-0.094834178686142
"rs11869591",-0.0948572605848312
"rs17668126",0.166088178753853
"rs908359",-0.192630425095558
"rs1106950",-0.192968219518661
"rs76013854",-0.123003445565701
"rs182783590",0.063624233007431
"rs9894365",-0.232085004448891
"rs2071438",-0.156718581914902
"rs117068152",0.0954380035400391
"rs16941662",-0.091450110077858
"rs79041875",0.0744566097855568
"rs1515753",-0.0950954705476761
"rs11079763",-0.233917117118835
"rs1515752",-0.156033530831337
"rs59349147",0.104666016995907
"rs78033733",0.178109481930733
"rs55706273",0.104610040783882
"rs79067035",0.0652227774262428
"rs141711906",-0.0581351518630981
"rs1515751",-0.15654145181179
"rs35647835",0.0384768322110176
"rs67777457",-0.0948031917214394
"rs76503231",0.104626521468163
"rs8078080",-0.191629379987717
"rs140977257",0.064939945936203
"rs12946597",-0.166232958436012
"rs67305320",-0.0915873050689697
"rs16941671",0.0930060371756554
"rs79702286",0.0932789817452431
"rs3785875",-0.167540892958641
"rs3785874",-0.090961791574955
"rs56287938",0.0932775810360909
"rs867859",-0.191564470529556
"rs4968309",-0.190092548727989
"rs75229873",-0.160931527614594
"rs150104728",0.0509231649339199
"rs118073511",0.125311687588692
"rs66945411",-0.0912749543786049
"rs17605038",0.01634581387043
"rs142295664",0.0682603344321251
"rs16941684",0.0381497070193291
"rs11871824",-0.0939282327890396
"rs59170668",0.0909814611077309
"rs60742895",0.0898043662309647
"rs79233407",0.0867548361420631
"rs12603843",0.0497361421585083
"rs9895150",-0.103286892175674
"rs2037151",0.00945851858705282
"rs7225575",0.00501634599640965
"rs16941702",-0.108601145446301
"rs111480536",0.0265485532581806
"rs137945454",-0.0730063989758492
"rs11079764",0.122031554579735
"rs144609076",0.0260345712304115
"rs17605188",0.0609617531299591
"rs112332470",0.0302251391112804
"rs147475646",0.023821983486414
"rs9916295",-0.086260549724102
"rs113552917",-0.0285982247442007
"rs75485008",0.0157232899218798
"rs11079765",-0.134929567575455
"rs8078219",0.0264256931841373
"rs4968255",0.102286756038666
"rs77337653",0.0260422620922327
"rs11652772",0.102900892496109
"rs75452504",0.0260501895099878
"rs74792869",-0.0886236578226089
"rs11653920",0.0739474520087242
"rs73985147",0.0296806413680315
"rs116376861",0.0294813048094511
"rs73985148",0.0296431668102741
"rs73329176",0.0296954866498709
"rs11658548",0.0427139699459076
"rs62074390",0.0158830210566521
"rs11656425",0.0481793507933617
"rs72823459",-0.0488565228879452
"rs11655536",0.0478784404695034
"rs150297440",0.0308862570673227
"rs16941721",0.0308428946882486
"rs11651477",0.0465833581984043
"rs58403709",0.0463649742305279
"rs190443454",-0.0255123358219862
"rs58097871",0.0282838009297848
"rs58917354",0.0463079139590263
"rs60544493",0.0280541777610779
"rs56920279",0.0208947043865919
"rs34944718",0.0207761656492949
"rs11652097",0.0391632057726383
"rs35333244",0.0207785330712795
"rs16941731",0.000954395160079002
"rs79061424",0.0235406905412674
"rs57626867",0.0278717949986458
"rs17605348",0.0278602540493011
"rs79471334",0.0194728467613459
"rs72823464",0.0271164570003748
"rs73314788",0.0275456942617893
"rs68013139",0.0209767799824476
"rs74987991",0.0235503688454628
"rs16941733",0.000965517479926348
"rs67972765",0.00095333019271493
"rs16969966",0.00137398159131408
"rs55821487",0.0149743342772126
"rs56058559",0.0896094366908073
"rs11079766",0.0434616729617119
"rs11079767",0.0437141768634319
"rs11079768",0.0435172095894814
"rs150835047",0.0287869814783335
"rs11658244",0.0437624827027321
"rs112278967",0.0437820889055729
"rs57044056",0.0435732789337635
"rs59827675",0.0437633767724037
"rs12452359",0.0437407605350018
"rs115222848",0.031033031642437
"rs12449371",0.0439514070749283
"rs12451895",0.0439594611525536
"rs34251886",-0.00155309354886413
"rs7216442",0.0440009646117687
"rs7220842",0.0439879111945629
"rs8080989",-0.00196127267554402
"rs7406571",0.0271589383482933
"rs7221088",0.0144209396094084
"rs4289057",-0.00164663232862949
"rs4541130",-0.0287338234484196
"rs34492688",-0.0283096339553595
"rs35439279",-0.028338085860014
"rs72823473",-0.0283376127481461
"rs72823474",-0.0283260475844145
"rs67080286",-0.0282465051859617
"rs55677902",-0.0283212345093489
"rs4144743",-0.0283071231096983
"rs16941740",0.0231243167072535
"rs4144744",-0.0282817557454109
"rs4144745",-0.0282893609255552
"rs4144746",-0.0282893739640713
"rs10438781",-0.0282919686287642
"rs10438782",-0.0282790996134281
"rs7225927",0.00939725898206234
"rs7211563",-0.0282960627228022
"rs7222617",-0.0282862577587366
"rs7218773",-0.0282833501696587
"rs7223003",-0.0295743066817522
"rs6504788",-0.0296464711427689
"rs6504789",-0.02963762357831
"rs6504790",-0.0297902692109346
"rs6504791",-0.00573458056896925
"rs61312893",-0.0222221333533525
"rs67615769",-0.0282974913716316
"rs66738981",-0.0283720567822456
"rs74834656",0.0173953287303448
"rs67923812",-0.028353713452816
"rs138339414",0.0231851376593113
"rs7218524",-0.0283582769334316
"rs7223766",-0.028347646817565
"rs7224990",-0.0283320564776659
"rs56225350",0.0168068576604128
"rs7210182",-0.0136917727068067
"rs35704663",-0.0283529534935951
"rs141167240",-0.0675461441278458
"rs144995637",0.0128668248653412
"rs138753031",-0.0674617812037468
"rs12937929",-0.0283676814287901
"rs67544603",-0.0283489190042019
"rs35125273",-0.0283454656600952
"rs11653733",0.0196128748357296
"rs117006418",0.0229651182889938
"rs2037150",-0.0283494088798761
"rs117107187",0.00873944070190191
"rs73316435",0.0303435474634171
"rs2317385",-0.0283451117575169
"rs2317384",-0.028333542868495
"rs3809861",-0.0283425208181143
"rs3809862",-0.0282743144780397
"rs7208170",-0.0282759089022875
"rs62074393",0.0198539327830076
"rs7208055",-0.00134997721761465
"rs55827077",-0.0282821636646986
"rs11871407",-0.0282929260283709
"rs56221506",0.0231136754155159
"rs11871251",-0.0282987616956234
"rs112188890",0.017187312245369
"rs115526188",0.0198448281735182
"rs117414137",0.0171170234680176
"rs11871447",-0.0282943472266197
"rs1009312",-0.0283877830952406
"rs2015049",-0.0284469481557608
"rs145873808",0.0333054400980473
"rs12942340",0.00254932371899486
"rs146564488",-0.0670980662107468
"rs117861000",-0.0672816410660744
"rs66927276",-0.0132882343605161
"rs2056132",-0.00127292284741998
"rs62074394",0.0197321865707636
"rs117178969",-0.0323167592287064
"rs2056131",-0.0434248931705952
"rs76766056",0.0209411084651947
"rs62074395",0.0079186512157321
"rs150367920",0.0456251986324787
"rs58847127",0.0241410564631224
"rs1969269",0.0127419196069241
"rs78818382",0.00896714068949223
"rs8073179",0.0152155626565218
"rs8077238",0.0150383459404111
"rs8077375",0.0150824161246419
"rs16941751",0.0220718868076801
"rs4598971",0.0292155276983976
"rs4629024",0.0291320960968733
"rs4629025",0.0380163230001926
"rs4525555",0.0289815310388803
"rs4060813",0.0220744013786316
"rs11656693",0.0292522665113211
"rs4470207",0.0290927924215794
"rs113931480",-0.0111356591805816
"rs34491511",0.0292374901473522
"rs62074396",0.00949146412312984
"rs16941768",0.0243951957672834
"rs16941771",0.0216320473700762
"rs3892084",0.0276594813913107
"rs3892085",0.0125693678855896
"rs1806687",0.0208371859043837
"rs55846810",0.0244728084653616
"rs884696",0.020854514092207
"rs79016019",0.0216369107365608
"rs55989631",0.0807085558772087
"rs7219925",0.0165693610906601
"rs10514919",0.0165430493652821
"rs11870334",0.0215822979807854
"rs62074423",0.0164946094155312
"rs16941776",0.0163966175168753
"rs16941780",0.0163874533027411
"rs74987632",0.00866536237299442
"rs11657517",0.0164722967892885
"rs117906669",0.025889640673995
"rs11658221",0.0164583511650562
"rs61131650",0.016537219285965
"rs74628763",0.0317811369895935
"rs8073827",0.0307534094899893
"rs12941431",0.0162984076887369
"rs11651904",0.0165235660970211
"rs11656865",0.0244186073541641
"rs78857323",0.0027134669944644
"rs11657963",0.0243961364030838
"rs146377538",0.0197246223688126
"rs8080254",0.0243793483823538
"rs8074094",0.024372510612011
"rs8066295",0.0243897680193186
"rs75563753",0.0782002881169319
"rs141480826",0.0323245711624622
"rs11870620",0.0228601843118668
"rs111449732",0.0319341607391834
"rs118136058",0.019131638109684
"rs75377028",0.0130052659660578
"rs3851806",0.0330521650612354
"rs7209700",0.0407969653606415
"rs8078614",0.0342277064919472
"rs3851807",0.0526585802435875
"rs12940207",0.0229323245584965
"rs116656918",0.0242390837520361
"rs8064871",0.0323407426476479
"rs8069732",0.018955247476697
"rs75887664",0.0205036289989948
"rs11868894",0.0310972221195698
"rs79227484",0.0208687633275986
"rs8077753",0.0367254354059696
"rs8074348",0.0524850226938725
"rs2015729",0.0523126535117626
"rs16941801",0.0453995727002621
"rs56327427",0.0454335659742355
"rs55845779",0.0291416551917791
"rs67696888",0.0286030936986208
"rs7217214",0.0293838810175657
"rs16941802",0.022929172962904
"rs7212751",0.0521388575434685
"rs11649785",0.0292468033730984
"rs1000232",0.0451727695763111
"rs2292866",0.0226936414837837
"rs2292867",0.0190373416990042
"rs11079770",0.0273212231695652
"rs77171507",0.0245275087654591
"rs8073229",0.0241708215326071
"rs11868912",0.0257011372596025
"rs62074428",0.0189483910799026
"rs150089756",0.0188505947589874
"rs1878067",0.0257606599479914
"rs988684",0.0242294557392597
"rs5918",0.0177417416125536
"rs13306485",0.0257005970925093
"rs12709458",0.0360106974840164
"rs2292699",0.0450399704277515
"rs77403156",0.0184195786714554
"rs2292700",0.025105282664299
"rs56187467",0.0242581143975258
"rs117624102",-0.0707610994577408
"rs79166374",0.018630126491189
"rs77089224",0.0485212467610836
"rs35265764",0.0117653226479888
"rs5919",0.0251641701906919
"rs13306478",0.0184063669294119
"rs2292865",0.0442160367965698
"rs951351",0.0242716819047928
"rs7218632",0.0443279147148132
"rs138385611",0.0187584292143583
"rs3785870",0.0201834328472614
"rs75211989",-0.189665392041206
